id,name,latitude,longitude,old_province,new_province,province_mapping_status
BTS_00001,Fake Telecom Station 00001,19.648123,104.309176,Nghệ An,Nghệ An,mapped
BTS_00002,Fake Telecom Station 00002,11.731951,108.705305,Ninh Thuận,Khánh Hòa,mapped
BTS_00003,Fake Telecom Station 00003,22.408198,105.603929,Bắc Kạn,Thái Nguyên,mapped
BTS_00004,Fake Telecom Station 00004,11.990919,108.444028,Lâm Đồng,Lâm Đồng,mapped
BTS_00005,Fake Telecom Station 00005,14.316212,108.309511,Gia Lai,Gia Lai,mapped
BTS_00006,Fake Telecom Station 00006,17.572049,106.14248,Quảng Bình,Quảng Trị,mapped
BTS_00007,Fake Telecom Station 00007,21.587216,104.285461,Sơn La,Sơn La,mapped
BTS_00008,Fake Telecom Station 00008,9.225022,105.377017,Bạc Liêu,Cà Mau,mapped
BTS_00009,Fake Telecom Station 00009,11.252182,106.525964,Bình Dương,TPHCM,mapped
BTS_00010,Fake Telecom Station 00010,22.423658,104.810993,Hà Giang,Tuyên Quang,mapped
BTS_00011,Fake Telecom Station 00011,10.708518,107.32928,Đồng Nai,Đồng Nai,mapped
BTS_00012,Fake Telecom Station 00012,18.14397,105.562881,Hà Tĩnh,Hà Tĩnh,mapped
BTS_00013,Fake Telecom Station 00013,12.996782,107.964692,Đắk Lắk,Đắk Lắk,mapped
BTS_00014,Fake Telecom Station 00014,18.139757,105.902904,Hà Tĩnh,Hà Tĩnh,mapped
BTS_00015,Fake Telecom Station 00015,22.248739,104.523649,Lào Cai,Lào Cai,mapped
BTS_00016,Fake Telecom Station 00016,12.197207,107.941555,Đắk Nông,Lâm Đồng,mapped
BTS_00017,Fake Telecom Station 00017,14.681923,108.997438,Bình Định,Gia Lai,mapped
BTS_00018,Fake Telecom Station 00018,21.344003,104.479452,Sơn La,Sơn La,mapped
BTS_00019,Fake Telecom Station 00019,10.999692,107.086795,Đồng Nai,Đồng Nai,mapped
BTS_00020,Fake Telecom Station 00020,21.827688,105.503609,Tuyên Quang,Tuyên Quang,mapped
BTS_00021,Fake Telecom Station 00021,22.023213,103.769046,Lai Châu,Lai Châu,mapped
BTS_00022,Fake Telecom Station 00022,18.787348,105.053748,Nghệ An,Nghệ An,mapped
BTS_00023,Fake Telecom Station 00023,15.820367,108.042319,Quảng Nam,Đà Nẵng,mapped
BTS_00024,Fake Telecom Station 00024,12.136986,108.551047,Lâm Đồng,Lâm Đồng,mapped
BTS_00025,Fake Telecom Station 00025,14.248682,108.534622,Gia Lai,Gia Lai,mapped
BTS_00026,Fake Telecom Station 00026,11.343494,107.837355,Bình Thuận,Lâm Đồng,mapped
BTS_00027,Fake Telecom Station 00027,20.720849,105.070257,Hòa Bình,Phú Thọ,mapped
BTS_00028,Fake Telecom Station 00028,17.532237,106.224811,Quảng Bình,Quảng Trị,mapped
BTS_00029,Fake Telecom Station 00029,11.237175,108.697976,Bình Thuận,Lâm Đồng,mapped
BTS_00030,Fake Telecom Station 00030,12.758506,108.131789,Đắk Lắk,Đắk Lắk,mapped
BTS_00031,Fake Telecom Station 00031,17.929721,106.088254,Quảng Bình,Quảng Trị,mapped
BTS_00032,Fake Telecom Station 00032,21.168601,103.380373,Điện Biên,Điện Biên,mapped
BTS_00033,Fake Telecom Station 00033,14.536255,107.607966,Kon Tum,Quảng Ngãi,mapped
BTS_00034,Fake Telecom Station 00034,14.460753,108.826898,Bình Định,Gia Lai,mapped
BTS_00035,Fake Telecom Station 00035,9.598385,105.067046,Kiên Giang,An Giang,mapped
BTS_00036,Fake Telecom Station 00036,14.219477,108.221216,Gia Lai,Gia Lai,mapped
BTS_00037,Fake Telecom Station 00037,10.069437,106.47579,Bến Tre,Vĩnh Long,mapped
BTS_00038,Fake Telecom Station 00038,21.959008,103.504874,Sơn La,Sơn La,mapped
BTS_00039,Fake Telecom Station 00039,11.227313,106.471914,Bình Dương,TPHCM,mapped
BTS_00040,Fake Telecom Station 00040,11.830803,108.960862,Ninh Thuận,Khánh Hòa,mapped
BTS_00041,Fake Telecom Station 00041,20.707575,105.456068,Hòa Bình,Phú Thọ,mapped
BTS_00042,Fake Telecom Station 00042,16.529914,107.30193,Thừa Thiên Huế,Huế,mapped
BTS_00043,Fake Telecom Station 00043,22.004192,102.721582,Điện Biên,Điện Biên,mapped
BTS_00044,Fake Telecom Station 00044,14.225837,107.896889,Gia Lai,Gia Lai,mapped
BTS_00045,Fake Telecom Station 00045,14.714299,108.951668,Bình Định,Gia Lai,mapped
BTS_00046,Fake Telecom Station 00046,21.466729,104.353427,Yên Bái,Lào Cai,mapped
BTS_00047,Fake Telecom Station 00047,21.527453,103.768737,Sơn La,Sơn La,mapped
BTS_00048,Fake Telecom Station 00048,10.422431,105.908149,Tiền Giang,Đồng Tháp,mapped
BTS_00049,Fake Telecom Station 00049,11.264357,107.226888,Đồng Nai,Đồng Nai,mapped
BTS_00050,Fake Telecom Station 00050,12.501732,108.455023,Đắk Lắk,Đắk Lắk,mapped
BTS_00051,Fake Telecom Station 00051,14.882278,108.333261,Kon Tum,Quảng Ngãi,mapped
BTS_00052,Fake Telecom Station 00052,21.805768,103.224057,Điện Biên,Điện Biên,mapped
BTS_00053,Fake Telecom Station 00053,20.958212,105.416559,Hòa Bình,Phú Thọ,mapped
BTS_00054,Fake Telecom Station 00054,22.467749,103.980088,Lào Cai,Lào Cai,mapped
BTS_00055,Fake Telecom Station 00055,22.594771,106.424844,Cao Bằng,Cao Bằng,mapped
BTS_00056,Fake Telecom Station 00056,16.605055,107.32234,Thừa Thiên Huế,Huế,mapped
BTS_00057,Fake Telecom Station 00057,10.474202,104.755365,Kiên Giang,An Giang,mapped
BTS_00058,Fake Telecom Station 00058,10.626578,107.577868,Bình Thuận,Lâm Đồng,mapped
BTS_00059,Fake Telecom Station 00059,17.634621,106.052835,Quảng Bình,Quảng Trị,mapped
BTS_00060,Fake Telecom Station 00060,22.337369,102.962165,Lai Châu,Lai Châu,mapped
BTS_00061,Fake Telecom Station 00061,21.783897,103.4922,Điện Biên,Điện Biên,mapped
BTS_00062,Fake Telecom Station 00062,17.315789,106.537375,Quảng Bình,Quảng Trị,mapped
BTS_00063,Fake Telecom Station 00063,14.173325,108.660057,Gia Lai,Gia Lai,mapped
BTS_00064,Fake Telecom Station 00064,13.664139,107.886998,Gia Lai,Gia Lai,mapped
BTS_00065,Fake Telecom Station 00065,20.746098,106.777726,Hải Phòng,Hải Phòng,mapped
BTS_00066,Fake Telecom Station 00066,10.525176,104.861319,An Giang,An Giang,mapped
BTS_00067,Fake Telecom Station 00067,16.04704,108.069216,Đà Nẵng,Đà Nẵng,mapped
BTS_00068,Fake Telecom Station 00068,21.297287,104.549278,Sơn La,Sơn La,mapped
BTS_00069,Fake Telecom Station 00069,21.253603,104.594601,Sơn La,Sơn La,mapped
BTS_00070,Fake Telecom Station 00070,21.755537,103.259815,Điện Biên,Điện Biên,mapped
BTS_00071,Fake Telecom Station 00071,19.35858,104.495433,Nghệ An,Nghệ An,mapped
BTS_00072,Fake Telecom Station 00072,9.240407,104.877689,Cà Mau,Cà Mau,mapped
BTS_00073,Fake Telecom Station 00073,13.121881,109.099697,Phú Yên,Đắk Lắk,mapped
BTS_00074,Fake Telecom Station 00074,13.312183,108.126518,Đắk Lắk,Đắk Lắk,mapped
BTS_00075,Fake Telecom Station 00075,22.701417,104.299896,Lào Cai,Lào Cai,mapped
BTS_00076,Fake Telecom Station 00076,15.793324,107.755416,Quảng Nam,Đà Nẵng,mapped
BTS_00077,Fake Telecom Station 00077,21.357298,104.601777,Sơn La,Sơn La,mapped
BTS_00078,Fake Telecom Station 00078,10.824672,105.924121,Long An,Tây Ninh,mapped
BTS_00079,Fake Telecom Station 00079,20.71335,106.608431,Hải Phòng,Hải Phòng,mapped
BTS_00080,Fake Telecom Station 00080,22.329413,105.76501,Bắc Kạn,Thái Nguyên,mapped
BTS_00081,Fake Telecom Station 00081,21.934353,105.970281,Bắc Kạn,Thái Nguyên,mapped
BTS_00082,Fake Telecom Station 00082,9.848846,105.140302,Kiên Giang,An Giang,mapped
BTS_00083,Fake Telecom Station 00083,15.68222,107.752666,Quảng Nam,Đà Nẵng,mapped
BTS_00084,Fake Telecom Station 00084,21.452895,107.552119,Quảng Ninh,Quảng Ninh,mapped
BTS_00085,Fake Telecom Station 00085,9.852411,106.372255,Trà Vinh,Vĩnh Long,mapped
BTS_00086,Fake Telecom Station 00086,12.558867,107.856101,Đắk Nông,Lâm Đồng,mapped
BTS_00087,Fake Telecom Station 00087,22.921224,106.221817,Cao Bằng,Cao Bằng,mapped
BTS_00088,Fake Telecom Station 00088,11.024083,107.915043,Bình Thuận,Lâm Đồng,mapped
BTS_00089,Fake Telecom Station 00089,22.354148,105.145385,Tuyên Quang,Tuyên Quang,mapped
BTS_00090,Fake Telecom Station 00090,11.247018,106.767999,Bình Dương,TPHCM,mapped
BTS_00091,Fake Telecom Station 00091,12.144001,107.199436,Bình Phước,Đồng Nai,mapped
BTS_00092,Fake Telecom Station 00092,10.605705,106.476876,Long An,Tây Ninh,mapped
BTS_00093,Fake Telecom Station 00093,20.694054,105.23498,Hòa Bình,Phú Thọ,mapped
BTS_00094,Fake Telecom Station 00094,14.341074,108.662296,Gia Lai,Gia Lai,mapped
BTS_00095,Fake Telecom Station 00095,11.116505,108.119662,Bình Thuận,Lâm Đồng,mapped
BTS_00096,Fake Telecom Station 00096,22.084269,105.251177,Tuyên Quang,Tuyên Quang,mapped
BTS_00097,Fake Telecom Station 00097,12.466739,109.228717,Khánh Hòa,Khánh Hòa,mapped
BTS_00098,Fake Telecom Station 00098,21.902742,102.821835,Điện Biên,Điện Biên,mapped
BTS_00099,Fake Telecom Station 00099,18.205142,106.229859,Hà Tĩnh,Hà Tĩnh,mapped
BTS_00100,Fake Telecom Station 00100,20.413907,106.496528,Thái Bình,Hưng Yên,mapped
BTS_00101,Fake Telecom Station 00101,10.573234,105.348395,An Giang,An Giang,mapped
BTS_00102,Fake Telecom Station 00102,15.67766,108.273576,Quảng Nam,Đà Nẵng,mapped
BTS_00103,Fake Telecom Station 00103,14.962415,107.61818,Kon Tum,Quảng Ngãi,mapped
BTS_00104,Fake Telecom Station 00104,13.770221,108.277697,Gia Lai,Gia Lai,mapped
BTS_00105,Fake Telecom Station 00105,11.502223,107.658804,Lâm Đồng,Lâm Đồng,mapped
BTS_00106,Fake Telecom Station 00106,11.162994,108.285929,Bình Thuận,Lâm Đồng,mapped
BTS_00107,Fake Telecom Station 00107,12.780225,107.813872,Đắk Lắk,Đắk Lắk,mapped
BTS_00108,Fake Telecom Station 00108,17.251229,106.357549,Quảng Bình,Quảng Trị,mapped
BTS_00109,Fake Telecom Station 00109,21.451416,105.640841,Vĩnh Phúc,Phú Thọ,mapped
BTS_00110,Fake Telecom Station 00110,11.466547,108.624215,Bình Thuận,Lâm Đồng,mapped
BTS_00111,Fake Telecom Station 00111,13.003092,107.805648,Đắk Lắk,Đắk Lắk,mapped
BTS_00112,Fake Telecom Station 00112,22.562635,106.200722,Cao Bằng,Cao Bằng,mapped
BTS_00113,Fake Telecom Station 00113,12.49182,107.863013,Đắk Nông,Lâm Đồng,mapped
BTS_00114,Fake Telecom Station 00114,10.123426,105.185804,Kiên Giang,An Giang,mapped
BTS_00115,Fake Telecom Station 00115,19.188951,105.680464,Nghệ An,Nghệ An,mapped
BTS_00116,Fake Telecom Station 00116,11.563711,107.504677,Lâm Đồng,Lâm Đồng,mapped
BTS_00117,Fake Telecom Station 00117,15.29349,108.087931,Quảng Nam,Đà Nẵng,mapped
BTS_00118,Fake Telecom Station 00118,11.1533,107.464948,Bình Thuận,Lâm Đồng,mapped
BTS_00119,Fake Telecom Station 00119,14.806376,107.565989,Kon Tum,Quảng Ngãi,mapped
BTS_00120,Fake Telecom Station 00120,19.053514,104.549962,Nghệ An,Nghệ An,mapped
BTS_00121,Fake Telecom Station 00121,20.09126,106.089262,Ninh Bình,Ninh Bình,mapped
BTS_00122,Fake Telecom Station 00122,21.664678,105.054196,Phú Thọ,Phú Thọ,mapped
BTS_00123,Fake Telecom Station 00123,9.332821,106.040678,Sóc Trăng,Cần Thơ,mapped
BTS_00124,Fake Telecom Station 00124,10.494285,106.881732,Ho Chi Minh,TPHCM,mapped
BTS_00125,Fake Telecom Station 00125,11.706473,108.622906,Lâm Đồng,Lâm Đồng,mapped
BTS_00126,Fake Telecom Station 00126,12.94871,109.151742,Phú Yên,Đắk Lắk,mapped
BTS_00127,Fake Telecom Station 00127,22.767574,106.133256,Cao Bằng,Cao Bằng,mapped
BTS_00128,Fake Telecom Station 00128,11.408799,106.882475,Bình Phước,Đồng Nai,mapped
BTS_00129,Fake Telecom Station 00129,21.604675,104.138651,Sơn La,Sơn La,mapped
BTS_00130,Fake Telecom Station 00130,22.628927,102.776339,Lai Châu,Lai Châu,mapped
BTS_00131,Fake Telecom Station 00131,21.842208,104.19677,Yên Bái,Lào Cai,mapped
BTS_00132,Fake Telecom Station 00132,18.584039,105.508672,Hà Tĩnh,Hà Tĩnh,mapped
BTS_00133,Fake Telecom Station 00133,10.55798,106.919403,Ho Chi Minh,TPHCM,mapped
BTS_00134,Fake Telecom Station 00134,13.560672,108.21603,Gia Lai,Gia Lai,mapped
BTS_00135,Fake Telecom Station 00135,11.725319,108.058847,Lâm Đồng,Lâm Đồng,mapped
BTS_00136,Fake Telecom Station 00136,14.136929,107.713896,Gia Lai,Gia Lai,mapped
BTS_00137,Fake Telecom Station 00137,22.193603,106.418608,Lạng Sơn,Lạng Sơn,mapped
BTS_00138,Fake Telecom Station 00138,9.281436,105.743749,Bạc Liêu,Cà Mau,mapped
BTS_00139,Fake Telecom Station 00139,19.432364,104.847842,Nghệ An,Nghệ An,mapped
BTS_00140,Fake Telecom Station 00140,11.317046,106.167849,Tây Ninh,Tây Ninh,mapped
BTS_00141,Fake Telecom Station 00141,17.69073,106.185942,Quảng Bình,Quảng Trị,mapped
BTS_00142,Fake Telecom Station 00142,22.877863,105.799982,Cao Bằng,Cao Bằng,mapped
BTS_00143,Fake Telecom Station 00143,19.122392,105.537003,Nghệ An,Nghệ An,mapped
BTS_00144,Fake Telecom Station 00144,14.238163,108.474519,Gia Lai,Gia Lai,mapped
BTS_00145,Fake Telecom Station 00145,11.71141,106.239663,Tây Ninh,Tây Ninh,mapped
BTS_00146,Fake Telecom Station 00146,21.730291,104.823214,Yên Bái,Lào Cai,mapped
BTS_00147,Fake Telecom Station 00147,11.987202,106.864367,Bình Phước,Đồng Nai,mapped
BTS_00148,Fake Telecom Station 00148,20.372331,105.338999,Thanh Hóa,Thanh Hóa,mapped
BTS_00149,Fake Telecom Station 00149,22.523036,106.241384,Cao Bằng,Cao Bằng,mapped
BTS_00150,Fake Telecom Station 00150,19.869811,105.462889,Thanh Hóa,Thanh Hóa,mapped
BTS_00151,Fake Telecom Station 00151,21.223007,103.375439,Điện Biên,Điện Biên,mapped
BTS_00152,Fake Telecom Station 00152,18.11824,105.794833,Hà Tĩnh,Hà Tĩnh,mapped
BTS_00153,Fake Telecom Station 00153,21.663114,106.957612,Lạng Sơn,Lạng Sơn,mapped
BTS_00154,Fake Telecom Station 00154,22.014532,106.184411,Lạng Sơn,Lạng Sơn,mapped
BTS_00155,Fake Telecom Station 00155,14.838235,108.369359,Kon Tum,Quảng Ngãi,mapped
BTS_00156,Fake Telecom Station 00156,22.927064,105.136146,Hà Giang,Tuyên Quang,mapped
BTS_00157,Fake Telecom Station 00157,11.865306,109.046806,Ninh Thuận,Khánh Hòa,mapped
BTS_00158,Fake Telecom Station 00158,21.013088,104.413703,Sơn La,Sơn La,mapped
BTS_00159,Fake Telecom Station 00159,12.276886,109.080643,Khánh Hòa,Khánh Hòa,mapped
BTS_00160,Fake Telecom Station 00160,20.582152,104.615871,Thanh Hóa,Thanh Hóa,mapped
BTS_00161,Fake Telecom Station 00161,13.218131,108.71637,Gia Lai,Gia Lai,mapped
BTS_00162,Fake Telecom Station 00162,10.255263,104.985065,Kiên Giang,An Giang,mapped
BTS_00163,Fake Telecom Station 00163,9.949544,106.203509,Trà Vinh,Vĩnh Long,mapped
BTS_00164,Fake Telecom Station 00164,22.654394,106.036714,Cao Bằng,Cao Bằng,mapped
BTS_00165,Fake Telecom Station 00165,9.599301,106.49763,Trà Vinh,Vĩnh Long,mapped
BTS_00166,Fake Telecom Station 00166,21.690497,105.215577,Phú Thọ,Phú Thọ,mapped
BTS_00167,Fake Telecom Station 00167,22.399553,104.845113,Hà Giang,Tuyên Quang,mapped
BTS_00168,Fake Telecom Station 00168,10.839448,107.606891,Bình Thuận,Lâm Đồng,mapped
BTS_00169,Fake Telecom Station 00169,13.778453,109.149969,Bình Định,Gia Lai,mapped
BTS_00170,Fake Telecom Station 00170,11.937387,107.441992,Đắk Nông,Lâm Đồng,mapped
BTS_00171,Fake Telecom Station 00171,18.912847,105.403133,Nghệ An,Nghệ An,mapped
BTS_00172,Fake Telecom Station 00172,13.856608,108.507524,Gia Lai,Gia Lai,mapped
BTS_00173,Fake Telecom Station 00173,15.819712,107.945778,Quảng Nam,Đà Nẵng,mapped
BTS_00174,Fake Telecom Station 00174,21.735107,103.893567,Lai Châu,Lai Châu,mapped
BTS_00175,Fake Telecom Station 00175,21.222572,106.658596,Quảng Ninh,Quảng Ninh,mapped
BTS_00176,Fake Telecom Station 00176,20.978787,106.560938,Hải Dương,Hải Phòng,mapped
BTS_00177,Fake Telecom Station 00177,19.734531,105.309182,Thanh Hóa,Thanh Hóa,mapped
BTS_00178,Fake Telecom Station 00178,21.74913,104.553962,Yên Bái,Lào Cai,mapped
BTS_00179,Fake Telecom Station 00179,10.839605,105.630785,Long An,Tây Ninh,mapped
BTS_00180,Fake Telecom Station 00180,20.876812,104.552189,Sơn La,Sơn La,mapped
BTS_00181,Fake Telecom Station 00181,9.843459,104.975864,Kiên Giang,An Giang,mapped
BTS_00182,Fake Telecom Station 00182,22.407136,106.574319,Cao Bằng,Cao Bằng,mapped
BTS_00183,Fake Telecom Station 00183,12.105352,107.165109,Bình Phước,Đồng Nai,mapped
BTS_00184,Fake Telecom Station 00184,11.84154,108.122022,Lâm Đồng,Lâm Đồng,mapped
BTS_00185,Fake Telecom Station 00185,13.57453,107.618584,Gia Lai,Gia Lai,mapped
BTS_00186,Fake Telecom Station 00186,19.08056,105.037226,Nghệ An,Nghệ An,mapped
BTS_00187,Fake Telecom Station 00187,22.067818,106.392178,Lạng Sơn,Lạng Sơn,mapped
BTS_00188,Fake Telecom Station 00188,12.60117,107.740429,Đắk Nông,Lâm Đồng,mapped
BTS_00189,Fake Telecom Station 00189,20.952888,104.754104,Sơn La,Sơn La,mapped
BTS_00190,Fake Telecom Station 00190,12.558642,108.560069,Đắk Lắk,Đắk Lắk,mapped
BTS_00191,Fake Telecom Station 00191,13.651696,108.255836,Gia Lai,Gia Lai,mapped
BTS_00192,Fake Telecom Station 00192,8.833171,105.015935,Cà Mau,Cà Mau,mapped
BTS_00193,Fake Telecom Station 00193,21.21314,105.874367,Hà Nội	,Hà Nội,mapped
BTS_00194,Fake Telecom Station 00194,22.026635,106.321953,Lạng Sơn,Lạng Sơn,mapped
BTS_00195,Fake Telecom Station 00195,11.867697,108.741656,Ninh Thuận,Khánh Hòa,mapped
BTS_00196,Fake Telecom Station 00196,14.348826,107.905043,Kon Tum,Quảng Ngãi,mapped
BTS_00197,Fake Telecom Station 00197,15.712694,107.650649,Quảng Nam,Đà Nẵng,mapped
BTS_00198,Fake Telecom Station 00198,14.82689,107.844168,Kon Tum,Quảng Ngãi,mapped
BTS_00199,Fake Telecom Station 00199,10.363105,105.016005,An Giang,An Giang,mapped
BTS_00200,Fake Telecom Station 00200,8.818437,104.895473,Cà Mau,Cà Mau,mapped
BTS_00201,Fake Telecom Station 00201,10.336179,105.369783,An Giang,An Giang,mapped
BTS_00202,Fake Telecom Station 00202,18.401523,105.922802,Hà Tĩnh,Hà Tĩnh,mapped
BTS_00203,Fake Telecom Station 00203,12.826911,109.001579,Phú Yên,Đắk Lắk,mapped
BTS_00204,Fake Telecom Station 00204,21.544283,106.669406,Bắc Giang,Bắc Ninh,mapped
BTS_00205,Fake Telecom Station 00205,20.44325,104.528232,Thanh Hóa,Thanh Hóa,mapped
BTS_00206,Fake Telecom Station 00206,21.75994,103.002439,Điện Biên,Điện Biên,mapped
BTS_00207,Fake Telecom Station 00207,20.890626,106.355163,Hải Dương,Hải Phòng,mapped
BTS_00208,Fake Telecom Station 00208,13.831093,107.684451,Gia Lai,Gia Lai,mapped
BTS_00209,Fake Telecom Station 00209,11.105999,107.977023,Bình Thuận,Lâm Đồng,mapped
BTS_00210,Fake Telecom Station 00210,9.622371,105.999411,Sóc Trăng,Cần Thơ,mapped
BTS_00211,Fake Telecom Station 00211,19.674633,104.832065,Nghệ An,Nghệ An,mapped
BTS_00212,Fake Telecom Station 00212,15.976842,107.903969,Quảng Nam,Đà Nẵng,mapped
BTS_00213,Fake Telecom Station 00213,21.693118,106.683429,Lạng Sơn,Lạng Sơn,mapped
BTS_00214,Fake Telecom Station 00214,10.997877,106.984353,Đồng Nai,Đồng Nai,mapped
BTS_00215,Fake Telecom Station 00215,9.85495,106.664681,Bến Tre,Vĩnh Long,mapped
BTS_00216,Fake Telecom Station 00216,21.236243,104.154809,Sơn La,Sơn La,mapped
BTS_00217,Fake Telecom Station 00217,12.207228,108.423474,Lâm Đồng,Lâm Đồng,mapped
BTS_00218,Fake Telecom Station 00218,10.153324,105.223419,Kiên Giang,An Giang,mapped
BTS_00219,Fake Telecom Station 00219,13.557915,108.7334,Gia Lai,Gia Lai,mapped
BTS_00220,Fake Telecom Station 00220,17.538211,106.226638,Quảng Bình,Quảng Trị,mapped
BTS_00221,Fake Telecom Station 00221,22.556066,105.853818,Cao Bằng,Cao Bằng,mapped
BTS_00222,Fake Telecom Station 00222,9.810745,105.5225,Hậu Giang,Cần Thơ,mapped
BTS_00223,Fake Telecom Station 00223,21.580177,107.559392,Quảng Ninh,Quảng Ninh,mapped
BTS_00224,Fake Telecom Station 00224,11.423976,106.036392,Tây Ninh,Tây Ninh,mapped
BTS_00225,Fake Telecom Station 00225,9.556166,104.964608,Cà Mau,Cà Mau,mapped
BTS_00226,Fake Telecom Station 00226,13.29779,108.981364,Phú Yên,Đắk Lắk,mapped
BTS_00227,Fake Telecom Station 00227,16.275805,107.420206,Thừa Thiên Huế,Huế,mapped
BTS_00228,Fake Telecom Station 00228,21.262245,107.603015,Quảng Ninh,Quảng Ninh,mapped
BTS_00229,Fake Telecom Station 00229,19.095577,104.695583,Nghệ An,Nghệ An,mapped
BTS_00230,Fake Telecom Station 00230,22.429392,104.579222,Hà Giang,Tuyên Quang,mapped
BTS_00231,Fake Telecom Station 00231,9.66859,106.24877,Trà Vinh,Vĩnh Long,mapped
BTS_00232,Fake Telecom Station 00232,8.627105,104.984328,Cà Mau,Cà Mau,mapped
BTS_00233,Fake Telecom Station 00233,21.199909,103.519943,Sơn La,Sơn La,mapped
BTS_00234,Fake Telecom Station 00234,10.521579,106.82971,Ho Chi Minh,TPHCM,mapped
BTS_00235,Fake Telecom Station 00235,12.772417,109.222093,Khánh Hòa,Khánh Hòa,mapped
BTS_00236,Fake Telecom Station 00236,14.133457,108.995464,Bình Định,Gia Lai,mapped
BTS_00237,Fake Telecom Station 00237,21.688768,104.583346,Yên Bái,Lào Cai,mapped
BTS_00238,Fake Telecom Station 00238,14.453825,108.355904,Kon Tum,Quảng Ngãi,mapped
BTS_00239,Fake Telecom Station 00239,17.318467,106.635441,Quảng Bình,Quảng Trị,mapped
BTS_00240,Fake Telecom Station 00240,9.510768,105.343826,Bạc Liêu,Cà Mau,mapped
BTS_00241,Fake Telecom Station 00241,10.130881,105.027667,Kiên Giang,An Giang,mapped
BTS_00242,Fake Telecom Station 00242,9.649815,105.816136,Sóc Trăng,Cần Thơ,mapped
BTS_00243,Fake Telecom Station 00243,11.684687,106.060048,Tây Ninh,Tây Ninh,mapped
BTS_00244,Fake Telecom Station 00244,15.398899,108.585569,Quảng Nam,Đà Nẵng,mapped
BTS_00245,Fake Telecom Station 00245,10.127131,105.968629,Vĩnh Long,Vĩnh Long,mapped
BTS_00246,Fake Telecom Station 00246,16.23429,107.68511,Thừa Thiên Huế,Huế,mapped
BTS_00247,Fake Telecom Station 00247,11.050787,106.750581,Bình Dương,TPHCM,mapped
BTS_00248,Fake Telecom Station 00248,10.831679,106.03552,Long An,Tây Ninh,mapped
BTS_00249,Fake Telecom Station 00249,22.611866,105.137238,Hà Giang,Tuyên Quang,mapped
BTS_00250,Fake Telecom Station 00250,16.826452,106.644003,Quảng Trị,Quảng Trị,mapped
BTS_00251,Fake Telecom Station 00251,21.296428,107.145525,Quảng Ninh,Quảng Ninh,mapped
BTS_00252,Fake Telecom Station 00252,10.880045,105.968543,Long An,Tây Ninh,mapped
BTS_00253,Fake Telecom Station 00253,21.793923,106.794172,Lạng Sơn,Lạng Sơn,mapped
BTS_00254,Fake Telecom Station 00254,19.297951,105.298307,Nghệ An,Nghệ An,mapped
BTS_00255,Fake Telecom Station 00255,18.138944,105.903325,Hà Tĩnh,Hà Tĩnh,mapped
BTS_00256,Fake Telecom Station 00256,21.641028,103.386381,Điện Biên,Điện Biên,mapped
BTS_00257,Fake Telecom Station 00257,20.373937,105.460787,Thanh Hóa,Thanh Hóa,mapped
BTS_00258,Fake Telecom Station 00258,22.578834,102.552645,Lai Châu,Lai Châu,mapped
BTS_00259,Fake Telecom Station 00259,22.149268,105.897056,Bắc Kạn,Thái Nguyên,mapped
BTS_00260,Fake Telecom Station 00260,16.83022,106.999337,Quảng Trị,Quảng Trị,mapped
BTS_00261,Fake Telecom Station 00261,11.818351,107.144803,Bình Phước,Đồng Nai,mapped
BTS_00262,Fake Telecom Station 00262,15.150294,108.691038,Quảng Ngãi,Quảng Ngãi,mapped
BTS_00263,Fake Telecom Station 00263,23.122085,105.430674,Hà Giang,Tuyên Quang,mapped
BTS_00264,Fake Telecom Station 00264,19.608096,104.501129,Nghệ An,Nghệ An,mapped
BTS_00265,Fake Telecom Station 00265,22.841345,105.134241,Hà Giang,Tuyên Quang,mapped
BTS_00266,Fake Telecom Station 00266,10.788528,107.899915,Bình Thuận,Lâm Đồng,mapped
BTS_00267,Fake Telecom Station 00267,22.43015,102.578111,Lai Châu,Lai Châu,mapped
BTS_00268,Fake Telecom Station 00268,17.907609,106.45569,Quảng Bình,Quảng Trị,mapped
BTS_00269,Fake Telecom Station 00269,21.402555,107.169582,Lạng Sơn,Lạng Sơn,mapped
BTS_00270,Fake Telecom Station 00270,9.392695,105.636934,Bạc Liêu,Cà Mau,mapped
BTS_00271,Fake Telecom Station 00271,19.176338,105.35869,Nghệ An,Nghệ An,mapped
BTS_00272,Fake Telecom Station 00272,19.48691,104.839633,Nghệ An,Nghệ An,mapped
BTS_00273,Fake Telecom Station 00273,10.544884,105.895461,Đồng Tháp,Đồng Tháp,mapped
BTS_00274,Fake Telecom Station 00274,16.559355,107.115222,Quảng Trị,Quảng Trị,mapped
BTS_00275,Fake Telecom Station 00275,13.774746,108.968447,Bình Định,Gia Lai,mapped
BTS_00276,Fake Telecom Station 00276,10.850544,105.89497,Long An,Tây Ninh,mapped
BTS_00277,Fake Telecom Station 00277,17.302985,106.395582,Quảng Bình,Quảng Trị,mapped
BTS_00278,Fake Telecom Station 00278,9.981864,105.143538,Kiên Giang,An Giang,mapped
BTS_00279,Fake Telecom Station 00279,22.292306,103.104134,Lai Châu,Lai Châu,mapped
BTS_00280,Fake Telecom Station 00280,21.146084,103.892462,Sơn La,Sơn La,mapped
BTS_00281,Fake Telecom Station 00281,21.958226,106.369226,Lạng Sơn,Lạng Sơn,mapped
BTS_00282,Fake Telecom Station 00282,14.437494,108.981374,Bình Định,Gia Lai,mapped
BTS_00283,Fake Telecom Station 00283,11.341869,107.053134,Đồng Nai,Đồng Nai,mapped
BTS_00284,Fake Telecom Station 00284,13.828868,107.728827,Gia Lai,Gia Lai,mapped
BTS_00285,Fake Telecom Station 00285,22.221209,102.875455,Lai Châu,Lai Châu,mapped
BTS_00286,Fake Telecom Station 00286,9.759648,105.102819,Kiên Giang,An Giang,mapped
BTS_00287,Fake Telecom Station 00287,13.866836,108.631751,Gia Lai,Gia Lai,mapped
BTS_00288,Fake Telecom Station 00288,13.514364,108.90897,Phú Yên,Đắk Lắk,mapped
BTS_00289,Fake Telecom Station 00289,21.136898,105.877032,Hà Nội	,Hà Nội,mapped
BTS_00290,Fake Telecom Station 00290,22.524568,106.085948,Bắc Kạn,Thái Nguyên,mapped
BTS_00291,Fake Telecom Station 00291,22.038479,106.338583,Lạng Sơn,Lạng Sơn,mapped
BTS_00292,Fake Telecom Station 00292,18.77988,105.501923,Nghệ An,Nghệ An,mapped
BTS_00293,Fake Telecom Station 00293,11.425126,108.769932,Ninh Thuận,Khánh Hòa,mapped
BTS_00294,Fake Telecom Station 00294,21.530067,105.131131,Phú Thọ,Phú Thọ,mapped
BTS_00295,Fake Telecom Station 00295,20.007882,105.502406,Thanh Hóa,Thanh Hóa,mapped
BTS_00296,Fake Telecom Station 00296,13.575657,107.934413,Gia Lai,Gia Lai,mapped
BTS_00297,Fake Telecom Station 00297,15.090012,108.894088,Quảng Ngãi,Quảng Ngãi,mapped
BTS_00298,Fake Telecom Station 00298,12.873667,107.86011,Đắk Lắk,Đắk Lắk,mapped
BTS_00299,Fake Telecom Station 00299,11.971777,107.477376,Đắk Nông,Lâm Đồng,mapped
BTS_00300,Fake Telecom Station 00300,13.056165,108.92252,Phú Yên,Đắk Lắk,mapped
BTS_00301,Fake Telecom Station 00301,16.198548,107.965778,Thừa Thiên Huế,Huế,mapped
BTS_00302,Fake Telecom Station 00302,11.442698,108.290425,Bình Thuận,Lâm Đồng,mapped
BTS_00303,Fake Telecom Station 00303,12.951812,109.13443,Phú Yên,Đắk Lắk,mapped
BTS_00304,Fake Telecom Station 00304,20.245583,105.880062,Ninh Bình,Ninh Bình,mapped
BTS_00305,Fake Telecom Station 00305,10.17741,106.345388,Bến Tre,Vĩnh Long,mapped
BTS_00306,Fake Telecom Station 00306,11.769948,107.307373,Bình Phước,Đồng Nai,mapped
BTS_00307,Fake Telecom Station 00307,12.89396,107.619121,Đắk Lắk,Đắk Lắk,mapped
BTS_00308,Fake Telecom Station 00308,11.769119,107.843884,Lâm Đồng,Lâm Đồng,mapped
BTS_00309,Fake Telecom Station 00309,16.074188,107.710363,Thừa Thiên Huế,Huế,mapped
BTS_00310,Fake Telecom Station 00310,21.787484,104.569832,Yên Bái,Lào Cai,mapped
BTS_00311,Fake Telecom Station 00311,16.337354,107.255029,Thừa Thiên Huế,Huế,mapped
BTS_00312,Fake Telecom Station 00312,21.832389,103.296112,Điện Biên,Điện Biên,mapped
BTS_00313,Fake Telecom Station 00313,15.903719,107.485878,Quảng Nam,Đà Nẵng,mapped
BTS_00314,Fake Telecom Station 00314,19.993966,105.781989,Thanh Hóa,Thanh Hóa,mapped
BTS_00315,Fake Telecom Station 00315,11.615602,106.555525,Bình Phước,Đồng Nai,mapped
BTS_00316,Fake Telecom Station 00316,22.088833,102.585085,Điện Biên,Điện Biên,mapped
BTS_00317,Fake Telecom Station 00317,10.624909,107.358145,Bà Rịa–Vũng Tàu,TPHCM,mapped
BTS_00318,Fake Telecom Station 00318,14.127772,108.917505,Bình Định,Gia Lai,mapped
BTS_00319,Fake Telecom Station 00319,19.715141,105.572539,Thanh Hóa,Thanh Hóa,mapped
BTS_00320,Fake Telecom Station 00320,11.150796,107.808217,Bình Thuận,Lâm Đồng,mapped
BTS_00321,Fake Telecom Station 00321,10.995075,106.289222,Tây Ninh,Tây Ninh,mapped
BTS_00322,Fake Telecom Station 00322,21.952325,106.200548,Lạng Sơn,Lạng Sơn,mapped
BTS_00323,Fake Telecom Station 00323,22.27384,102.86727,Lai Châu,Lai Châu,mapped
BTS_00324,Fake Telecom Station 00324,10.869852,107.738541,Bình Thuận,Lâm Đồng,mapped
BTS_00325,Fake Telecom Station 00325,11.805863,106.874307,Bình Phước,Đồng Nai,mapped
BTS_00326,Fake Telecom Station 00326,10.071233,105.113914,Kiên Giang,An Giang,mapped
BTS_00327,Fake Telecom Station 00327,9.09338,105.450318,Bạc Liêu,Cà Mau,mapped
BTS_00328,Fake Telecom Station 00328,22.049935,104.402418,Yên Bái,Lào Cai,mapped
BTS_00329,Fake Telecom Station 00329,16.050713,107.860322,Quảng Nam,Đà Nẵng,mapped
BTS_00330,Fake Telecom Station 00330,18.493647,105.646108,Hà Tĩnh,Hà Tĩnh,mapped
BTS_00331,Fake Telecom Station 00331,19.525802,104.919275,Nghệ An,Nghệ An,mapped
BTS_00332,Fake Telecom Station 00332,22.824723,104.577038,Hà Giang,Tuyên Quang,mapped
BTS_00333,Fake Telecom Station 00333,11.809102,108.060338,Lâm Đồng,Lâm Đồng,mapped
BTS_00334,Fake Telecom Station 00334,21.06711,103.672322,Sơn La,Sơn La,mapped
BTS_00335,Fake Telecom Station 00335,11.27179,107.500857,Đồng Nai,Đồng Nai,mapped
BTS_00336,Fake Telecom Station 00336,11.362034,108.667223,Bình Thuận,Lâm Đồng,mapped
BTS_00337,Fake Telecom Station 00337,21.348766,106.808133,Bắc Giang,Bắc Ninh,mapped
BTS_00338,Fake Telecom Station 00338,12.282955,107.262797,Đắk Nông,Lâm Đồng,mapped
BTS_00339,Fake Telecom Station 00339,10.641439,105.421243,Đồng Tháp,Đồng Tháp,mapped
BTS_00340,Fake Telecom Station 00340,20.256735,105.631742,Ninh Bình,Ninh Bình,mapped
BTS_00341,Fake Telecom Station 00341,11.818274,107.487984,Đắk Nông,Lâm Đồng,mapped
BTS_00342,Fake Telecom Station 00342,9.777903,106.342956,Trà Vinh,Vĩnh Long,mapped
BTS_00343,Fake Telecom Station 00343,14.558658,107.744583,Kon Tum,Quảng Ngãi,mapped
BTS_00344,Fake Telecom Station 00344,10.234071,105.473994,Cần Thơ,Cần Thơ,mapped
BTS_00345,Fake Telecom Station 00345,14.772747,108.520152,Kon Tum,Quảng Ngãi,mapped
BTS_00346,Fake Telecom Station 00346,21.676968,105.265465,Tuyên Quang,Tuyên Quang,mapped
BTS_00347,Fake Telecom Station 00347,21.890491,103.125788,Điện Biên,Điện Biên,mapped
BTS_00348,Fake Telecom Station 00348,11.576075,105.937282,Tây Ninh,Tây Ninh,mapped
BTS_00349,Fake Telecom Station 00349,17.488131,106.391711,Quảng Bình,Quảng Trị,mapped
BTS_00350,Fake Telecom Station 00350,11.742084,106.03612,Tây Ninh,Tây Ninh,mapped
BTS_00351,Fake Telecom Station 00351,10.431215,107.263389,Bà Rịa–Vũng Tàu,TPHCM,mapped
BTS_00352,Fake Telecom Station 00352,10.980342,105.761185,Long An,Tây Ninh,mapped
BTS_00353,Fake Telecom Station 00353,11.643622,108.39954,Lâm Đồng,Lâm Đồng,mapped
BTS_00354,Fake Telecom Station 00354,11.513335,107.78849,Lâm Đồng,Lâm Đồng,mapped
BTS_00355,Fake Telecom Station 00355,22.153651,102.938074,Lai Châu,Lai Châu,mapped
BTS_00356,Fake Telecom Station 00356,21.527007,106.403012,Lạng Sơn,Lạng Sơn,mapped
BTS_00357,Fake Telecom Station 00357,21.851175,103.505557,Điện Biên,Điện Biên,mapped
BTS_00358,Fake Telecom Station 00358,20.552507,105.008644,Hòa Bình,Phú Thọ,mapped
BTS_00359,Fake Telecom Station 00359,18.610654,105.48251,Hà Tĩnh,Hà Tĩnh,mapped
BTS_00360,Fake Telecom Station 00360,22.092543,105.328564,Tuyên Quang,Tuyên Quang,mapped
BTS_00361,Fake Telecom Station 00361,22.466841,106.516549,Cao Bằng,Cao Bằng,mapped
BTS_00362,Fake Telecom Station 00362,17.675746,106.368609,Quảng Bình,Quảng Trị,mapped
BTS_00363,Fake Telecom Station 00363,14.021179,109.14944,Bình Định,Gia Lai,mapped
BTS_00364,Fake Telecom Station 00364,21.590986,103.642434,Sơn La,Sơn La,mapped
BTS_00365,Fake Telecom Station 00365,10.485819,105.178219,An Giang,An Giang,mapped
BTS_00366,Fake Telecom Station 00366,20.288294,106.384156,Nam Định,Ninh Bình,mapped
BTS_00367,Fake Telecom Station 00367,14.351133,108.01874,Kon Tum,Quảng Ngãi,mapped
BTS_00368,Fake Telecom Station 00368,21.503087,105.374822,Vĩnh Phúc,Phú Thọ,mapped
BTS_00369,Fake Telecom Station 00369,11.637925,108.738407,Ninh Thuận,Khánh Hòa,mapped
BTS_00370,Fake Telecom Station 00370,21.031248,105.648728,Hà Nội	,Hà Nội,mapped
BTS_00371,Fake Telecom Station 00371,21.939981,104.949118,Yên Bái,Lào Cai,mapped
BTS_00372,Fake Telecom Station 00372,20.700466,104.624214,Sơn La,Sơn La,mapped
BTS_00373,Fake Telecom Station 00373,18.283986,105.817855,Hà Tĩnh,Hà Tĩnh,mapped
BTS_00374,Fake Telecom Station 00374,21.539692,107.422236,Quảng Ninh,Quảng Ninh,mapped
BTS_00375,Fake Telecom Station 00375,11.333641,106.950458,Bình Phước,Đồng Nai,mapped
BTS_00376,Fake Telecom Station 00376,12.226771,108.211457,Đắk Lắk,Đắk Lắk,mapped
BTS_00377,Fake Telecom Station 00377,13.572366,109.019664,Bình Định,Gia Lai,mapped
BTS_00378,Fake Telecom Station 00378,16.291984,107.872914,Thừa Thiên Huế,Huế,mapped
BTS_00379,Fake Telecom Station 00379,11.101358,106.852483,Bình Dương,TPHCM,mapped
BTS_00380,Fake Telecom Station 00380,20.321957,104.941592,Thanh Hóa,Thanh Hóa,mapped
BTS_00381,Fake Telecom Station 00381,9.33223,104.998978,Cà Mau,Cà Mau,mapped
BTS_00382,Fake Telecom Station 00382,22.137196,105.844718,Bắc Kạn,Thái Nguyên,mapped
BTS_00383,Fake Telecom Station 00383,10.464899,106.237623,Tiền Giang,Đồng Tháp,mapped
BTS_00384,Fake Telecom Station 00384,19.496846,105.251988,Nghệ An,Nghệ An,mapped
BTS_00385,Fake Telecom Station 00385,15.273229,107.767892,Quảng Nam,Đà Nẵng,mapped
BTS_00386,Fake Telecom Station 00386,8.957685,104.845527,Cà Mau,Cà Mau,mapped
BTS_00387,Fake Telecom Station 00387,11.582109,108.139019,Lâm Đồng,Lâm Đồng,mapped
BTS_00388,Fake Telecom Station 00388,18.245133,105.530241,Hà Tĩnh,Hà Tĩnh,mapped
BTS_00389,Fake Telecom Station 00389,11.864766,107.409048,Bình Phước,Đồng Nai,mapped
BTS_00390,Fake Telecom Station 00390,22.714163,105.929571,Cao Bằng,Cao Bằng,mapped
BTS_00391,Fake Telecom Station 00391,11.226562,106.729533,Bình Dương,TPHCM,mapped
BTS_00392,Fake Telecom Station 00392,13.184756,108.433472,Đắk Lắk,Đắk Lắk,mapped
BTS_00393,Fake Telecom Station 00393,13.520673,107.63852,Gia Lai,Gia Lai,mapped
BTS_00394,Fake Telecom Station 00394,9.92377,106.117442,Trà Vinh,Vĩnh Long,mapped
BTS_00395,Fake Telecom Station 00395,14.303765,108.0792,Kon Tum,Quảng Ngãi,mapped
BTS_00396,Fake Telecom Station 00396,20.883501,105.942221,Hà Nội	,Hà Nội,mapped
BTS_00397,Fake Telecom Station 00397,11.03123,108.302105,Bình Thuận,Lâm Đồng,mapped
BTS_00398,Fake Telecom Station 00398,11.732187,108.660092,Lâm Đồng,Lâm Đồng,mapped
BTS_00399,Fake Telecom Station 00399,12.999769,109.017886,Phú Yên,Đắk Lắk,mapped
BTS_00400,Fake Telecom Station 00400,21.312067,105.130352,Phú Thọ,Phú Thọ,mapped
BTS_00401,Fake Telecom Station 00401,19.533366,104.345483,Nghệ An,Nghệ An,mapped
BTS_00402,Fake Telecom Station 00402,17.019798,106.709926,Quảng Bình,Quảng Trị,mapped
BTS_00403,Fake Telecom Station 00403,21.698645,104.490049,Yên Bái,Lào Cai,mapped
BTS_00404,Fake Telecom Station 00404,22.579227,103.225598,Lai Châu,Lai Châu,mapped
BTS_00405,Fake Telecom Station 00405,22.971986,105.297646,Hà Giang,Tuyên Quang,mapped
BTS_00406,Fake Telecom Station 00406,23.088335,104.846917,Hà Giang,Tuyên Quang,mapped
BTS_00407,Fake Telecom Station 00407,22.115951,105.042286,Tuyên Quang,Tuyên Quang,mapped
BTS_00408,Fake Telecom Station 00408,22.335841,103.286902,Lai Châu,Lai Châu,mapped
BTS_00409,Fake Telecom Station 00409,12.070527,108.876295,Khánh Hòa,Khánh Hòa,mapped
BTS_00410,Fake Telecom Station 00410,10.590791,105.388488,Đồng Tháp,Đồng Tháp,mapped
BTS_00411,Fake Telecom Station 00411,22.916978,105.986434,Cao Bằng,Cao Bằng,mapped
BTS_00412,Fake Telecom Station 00412,15.104896,108.058141,Quảng Nam,Đà Nẵng,mapped
BTS_00413,Fake Telecom Station 00413,11.263021,108.682229,Bình Thuận,Lâm Đồng,mapped
BTS_00414,Fake Telecom Station 00414,20.546899,106.116381,Hà Nam,Ninh Bình,mapped
BTS_00415,Fake Telecom Station 00415,21.600275,104.828917,Yên Bái,Lào Cai,mapped
BTS_00416,Fake Telecom Station 00416,21.648811,104.453309,Yên Bái,Lào Cai,mapped
BTS_00417,Fake Telecom Station 00417,9.393134,106.154965,Sóc Trăng,Cần Thơ,mapped
BTS_00418,Fake Telecom Station 00418,22.9416,105.22662,Hà Giang,Tuyên Quang,mapped
BTS_00419,Fake Telecom Station 00419,22.554646,105.819221,Cao Bằng,Cao Bằng,mapped
BTS_00420,Fake Telecom Station 00420,11.51966,107.68584,Lâm Đồng,Lâm Đồng,mapped
BTS_00421,Fake Telecom Station 00421,21.597117,103.676347,Sơn La,Sơn La,mapped
BTS_00422,Fake Telecom Station 00422,21.402709,104.122076,Sơn La,Sơn La,mapped
BTS_00423,Fake Telecom Station 00423,10.997955,107.069874,Đồng Nai,Đồng Nai,mapped
BTS_00424,Fake Telecom Station 00424,18.699233,105.577117,Nghệ An,Nghệ An,mapped
BTS_00425,Fake Telecom Station 00425,22.203934,103.536974,Lai Châu,Lai Châu,mapped
BTS_00426,Fake Telecom Station 00426,18.8832,104.909864,Nghệ An,Nghệ An,mapped
BTS_00427,Fake Telecom Station 00427,20.558849,105.70991,Hòa Bình,Phú Thọ,mapped
BTS_00428,Fake Telecom Station 00428,21.886354,106.840731,Lạng Sơn,Lạng Sơn,mapped
BTS_00429,Fake Telecom Station 00429,22.707283,105.40589,Hà Giang,Tuyên Quang,mapped
BTS_00430,Fake Telecom Station 00430,10.303008,105.323399,An Giang,An Giang,mapped
BTS_00431,Fake Telecom Station 00431,19.527356,104.407244,Nghệ An,Nghệ An,mapped
BTS_00432,Fake Telecom Station 00432,22.050076,102.590268,Điện Biên,Điện Biên,mapped
BTS_00433,Fake Telecom Station 00433,12.492565,107.815522,Đắk Nông,Lâm Đồng,mapped
BTS_00434,Fake Telecom Station 00434,10.303604,105.155253,An Giang,An Giang,mapped
BTS_00435,Fake Telecom Station 00435,12.611543,107.852532,Đắk Nông,Lâm Đồng,mapped
BTS_00436,Fake Telecom Station 00436,21.442329,104.419164,Yên Bái,Lào Cai,mapped
BTS_00437,Fake Telecom Station 00437,14.397708,108.903064,Bình Định,Gia Lai,mapped
BTS_00438,Fake Telecom Station 00438,11.732478,107.074641,Bình Phước,Đồng Nai,mapped
BTS_00439,Fake Telecom Station 00439,17.109218,106.487399,Quảng Bình,Quảng Trị,mapped
BTS_00440,Fake Telecom Station 00440,10.812797,106.753218,Ho Chi Minh,TPHCM,mapped
BTS_00441,Fake Telecom Station 00441,10.832148,106.472338,Long An,Tây Ninh,mapped
BTS_00442,Fake Telecom Station 00442,21.002519,104.43613,Sơn La,Sơn La,mapped
BTS_00443,Fake Telecom Station 00443,22.530798,103.168867,Lai Châu,Lai Châu,mapped
BTS_00444,Fake Telecom Station 00444,13.805589,108.813104,Gia Lai,Gia Lai,mapped
BTS_00445,Fake Telecom Station 00445,11.32447,107.616928,Bình Thuận,Lâm Đồng,mapped
BTS_00446,Fake Telecom Station 00446,22.095562,106.585957,Lạng Sơn,Lạng Sơn,mapped
BTS_00447,Fake Telecom Station 00447,15.831833,107.309984,Quảng Nam,Đà Nẵng,mapped
BTS_00448,Fake Telecom Station 00448,22.25205,103.366792,Lai Châu,Lai Châu,mapped
BTS_00449,Fake Telecom Station 00449,10.396968,106.84554,Ho Chi Minh,TPHCM,mapped
BTS_00450,Fake Telecom Station 00450,11.530736,108.165447,Lâm Đồng,Lâm Đồng,mapped
BTS_00451,Fake Telecom Station 00451,13.87346,108.602722,Gia Lai,Gia Lai,mapped
BTS_00452,Fake Telecom Station 00452,17.974076,106.068394,Hà Tĩnh,Hà Tĩnh,mapped
BTS_00453,Fake Telecom Station 00453,13.544507,109.246852,Phú Yên,Đắk Lắk,mapped
BTS_00454,Fake Telecom Station 00454,10.122784,106.375967,Bến Tre,Vĩnh Long,mapped
BTS_00455,Fake Telecom Station 00455,14.20751,108.507489,Gia Lai,Gia Lai,mapped
BTS_00456,Fake Telecom Station 00456,11.197046,108.26463,Bình Thuận,Lâm Đồng,mapped
BTS_00457,Fake Telecom Station 00457,17.244821,106.698934,Quảng Bình,Quảng Trị,mapped
BTS_00458,Fake Telecom Station 00458,21.846254,105.560302,Thái Nguyên,Thái Nguyên,mapped
BTS_00459,Fake Telecom Station 00459,21.854444,106.219983,Lạng Sơn,Lạng Sơn,mapped
BTS_00460,Fake Telecom Station 00460,22.860978,104.968945,Hà Giang,Tuyên Quang,mapped
BTS_00461,Fake Telecom Station 00461,20.399903,105.921506,Hà Nam,Ninh Bình,mapped
BTS_00462,Fake Telecom Station 00462,21.614332,107.039539,Lạng Sơn,Lạng Sơn,mapped
BTS_00463,Fake Telecom Station 00463,22.159794,103.553158,Lai Châu,Lai Châu,mapped
BTS_00464,Fake Telecom Station 00464,14.174198,108.040499,Gia Lai,Gia Lai,mapped
BTS_00465,Fake Telecom Station 00465,10.918539,106.79281,Đồng Nai,Đồng Nai,mapped
BTS_00466,Fake Telecom Station 00466,21.888692,103.821288,Lai Châu,Lai Châu,mapped
BTS_00467,Fake Telecom Station 00467,16.703747,106.57982,Quảng Trị,Quảng Trị,mapped
BTS_00468,Fake Telecom Station 00468,10.872898,107.424606,Đồng Nai,Đồng Nai,mapped
BTS_00469,Fake Telecom Station 00469,11.559661,108.08876,Lâm Đồng,Lâm Đồng,mapped
BTS_00470,Fake Telecom Station 00470,19.434592,104.773793,Nghệ An,Nghệ An,mapped
BTS_00471,Fake Telecom Station 00471,14.289948,107.863392,Kon Tum,Quảng Ngãi,mapped
BTS_00472,Fake Telecom Station 00472,23.240704,105.383828,Hà Giang,Tuyên Quang,mapped
BTS_00473,Fake Telecom Station 00473,9.81322,106.081527,Trà Vinh,Vĩnh Long,mapped
BTS_00474,Fake Telecom Station 00474,13.97399,109.108412,Bình Định,Gia Lai,mapped
BTS_00475,Fake Telecom Station 00475,21.506126,105.432554,Vĩnh Phúc,Phú Thọ,mapped
BTS_00476,Fake Telecom Station 00476,14.047897,109.02245,Bình Định,Gia Lai,mapped
BTS_00477,Fake Telecom Station 00477,22.377857,105.372693,Tuyên Quang,Tuyên Quang,mapped
BTS_00478,Fake Telecom Station 00478,13.758437,107.679059,Gia Lai,Gia Lai,mapped
BTS_00479,Fake Telecom Station 00479,9.715697,105.453394,Hậu Giang,Cần Thơ,mapped
BTS_00480,Fake Telecom Station 00480,10.702714,106.82743,Đồng Nai,Đồng Nai,mapped
BTS_00481,Fake Telecom Station 00481,21.198539,105.029006,Phú Thọ,Phú Thọ,mapped
BTS_00482,Fake Telecom Station 00482,22.196877,102.994081,Lai Châu,Lai Châu,mapped
BTS_00483,Fake Telecom Station 00483,15.479969,107.599584,Quảng Nam,Đà Nẵng,mapped
BTS_00484,Fake Telecom Station 00484,16.846023,106.84342,Quảng Trị,Quảng Trị,mapped
BTS_00485,Fake Telecom Station 00485,18.943655,105.002317,Nghệ An,Nghệ An,mapped
BTS_00486,Fake Telecom Station 00486,9.519918,105.571576,Sóc Trăng,Cần Thơ,mapped
BTS_00487,Fake Telecom Station 00487,23.027622,105.707813,Cao Bằng,Cao Bằng,mapped
BTS_00488,Fake Telecom Station 00488,22.035802,105.950827,Bắc Kạn,Thái Nguyên,mapped
BTS_00489,Fake Telecom Station 00489,13.896843,108.03438,Gia Lai,Gia Lai,mapped
BTS_00490,Fake Telecom Station 00490,14.579709,108.784414,Bình Định,Gia Lai,mapped
BTS_00491,Fake Telecom Station 00491,22.592156,103.370423,Lai Châu,Lai Châu,mapped
BTS_00492,Fake Telecom Station 00492,21.277411,107.109625,Quảng Ninh,Quảng Ninh,mapped
BTS_00493,Fake Telecom Station 00493,14.684813,108.517466,Kon Tum,Quảng Ngãi,mapped
BTS_00494,Fake Telecom Station 00494,18.187058,105.375337,Hà Tĩnh,Hà Tĩnh,mapped
BTS_00495,Fake Telecom Station 00495,12.558809,107.699215,Đắk Nông,Lâm Đồng,mapped
BTS_00496,Fake Telecom Station 00496,21.570522,104.711257,Yên Bái,Lào Cai,mapped
BTS_00497,Fake Telecom Station 00497,9.671834,106.181701,Sóc Trăng,Cần Thơ,mapped
BTS_00498,Fake Telecom Station 00498,23.201573,105.383399,Hà Giang,Tuyên Quang,mapped
BTS_00499,Fake Telecom Station 00499,13.187454,108.391011,Đắk Lắk,Đắk Lắk,mapped
BTS_00500,Fake Telecom Station 00500,13.643704,109.223761,Phú Yên,Đắk Lắk,mapped
BTS_00501,Fake Telecom Station 00501,21.699717,106.746915,Lạng Sơn,Lạng Sơn,mapped
BTS_00502,Fake Telecom Station 00502,14.289399,107.447271,Kon Tum,Quảng Ngãi,mapped
BTS_00503,Fake Telecom Station 00503,12.716573,107.751971,Đắk Nông,Lâm Đồng,mapped
BTS_00504,Fake Telecom Station 00504,14.757034,108.972256,Quảng Ngãi,Quảng Ngãi,mapped
BTS_00505,Fake Telecom Station 00505,21.979455,104.292127,Lào Cai,Lào Cai,mapped
BTS_00506,Fake Telecom Station 00506,17.189525,106.956584,Quảng Bình,Quảng Trị,mapped
BTS_00507,Fake Telecom Station 00507,21.624487,107.068179,Lạng Sơn,Lạng Sơn,mapped
BTS_00508,Fake Telecom Station 00508,22.162222,104.689138,Yên Bái,Lào Cai,mapped
BTS_00509,Fake Telecom Station 00509,12.536226,109.180038,Khánh Hòa,Khánh Hòa,mapped
BTS_00510,Fake Telecom Station 00510,17.073301,106.476608,Quảng Bình,Quảng Trị,mapped
BTS_00511,Fake Telecom Station 00511,15.333829,107.82514,Quảng Nam,Đà Nẵng,mapped
BTS_00512,Fake Telecom Station 00512,11.420669,107.106064,Đồng Nai,Đồng Nai,mapped
BTS_00513,Fake Telecom Station 00513,21.168567,107.201077,Quảng Ninh,Quảng Ninh,mapped
BTS_00514,Fake Telecom Station 00514,10.235847,105.619425,Cần Thơ,Cần Thơ,mapped
BTS_00515,Fake Telecom Station 00515,10.425608,106.73778,Tiền Giang,Đồng Tháp,mapped
BTS_00516,Fake Telecom Station 00516,11.828321,106.703779,Bình Phước,Đồng Nai,mapped
BTS_00517,Fake Telecom Station 00517,22.636012,104.860673,Hà Giang,Tuyên Quang,mapped
BTS_00518,Fake Telecom Station 00518,14.965162,108.12185,Kon Tum,Quảng Ngãi,mapped
BTS_00519,Fake Telecom Station 00519,22.114787,106.173981,Bắc Kạn,Thái Nguyên,mapped
BTS_00520,Fake Telecom Station 00520,21.394692,103.334831,Điện Biên,Điện Biên,mapped
BTS_00521,Fake Telecom Station 00521,11.242864,107.133629,Đồng Nai,Đồng Nai,mapped
BTS_00522,Fake Telecom Station 00522,11.561245,107.253795,Bình Phước,Đồng Nai,mapped
BTS_00523,Fake Telecom Station 00523,20.438424,105.52027,Hòa Bình,Phú Thọ,mapped
BTS_00524,Fake Telecom Station 00524,12.819519,108.741617,Đắk Lắk,Đắk Lắk,mapped
BTS_00525,Fake Telecom Station 00525,22.731881,105.756904,Cao Bằng,Cao Bằng,mapped
BTS_00526,Fake Telecom Station 00526,8.966457,104.891053,Cà Mau,Cà Mau,mapped
BTS_00527,Fake Telecom Station 00527,19.664645,105.574366,Thanh Hóa,Thanh Hóa,mapped
BTS_00528,Fake Telecom Station 00528,21.486852,104.1512,Sơn La,Sơn La,mapped
BTS_00529,Fake Telecom Station 00529,11.494917,108.346214,Bình Thuận,Lâm Đồng,mapped
BTS_00530,Fake Telecom Station 00530,21.159036,103.712421,Sơn La,Sơn La,mapped
BTS_00531,Fake Telecom Station 00531,21.514961,106.853193,Bắc Giang,Bắc Ninh,mapped
BTS_00532,Fake Telecom Station 00532,10.524161,105.286995,An Giang,An Giang,mapped
BTS_00533,Fake Telecom Station 00533,21.127584,105.692109,Hà Nội	,Hà Nội,mapped
BTS_00534,Fake Telecom Station 00534,21.525954,104.163074,Sơn La,Sơn La,mapped
BTS_00535,Fake Telecom Station 00535,21.504168,103.907877,Sơn La,Sơn La,mapped
BTS_00536,Fake Telecom Station 00536,10.944961,106.301035,Long An,Tây Ninh,mapped
BTS_00537,Fake Telecom Station 00537,21.98574,103.018675,Điện Biên,Điện Biên,mapped
BTS_00538,Fake Telecom Station 00538,11.862029,109.047047,Ninh Thuận,Khánh Hòa,mapped
BTS_00539,Fake Telecom Station 00539,21.715592,104.216316,Yên Bái,Lào Cai,mapped
BTS_00540,Fake Telecom Station 00540,18.514998,105.175544,Hà Tĩnh,Hà Tĩnh,mapped
BTS_00541,Fake Telecom Station 00541,22.141731,106.36321,Lạng Sơn,Lạng Sơn,mapped
BTS_00542,Fake Telecom Station 00542,12.57775,107.704016,Đắk Nông,Lâm Đồng,mapped
BTS_00543,Fake Telecom Station 00543,19.983094,105.518767,Thanh Hóa,Thanh Hóa,mapped
BTS_00544,Fake Telecom Station 00544,20.940124,103.450058,Sơn La,Sơn La,mapped
BTS_00545,Fake Telecom Station 00545,16.592252,107.110634,Quảng Trị,Quảng Trị,mapped
BTS_00546,Fake Telecom Station 00546,12.037574,106.774288,Bình Phước,Đồng Nai,mapped
BTS_00547,Fake Telecom Station 00547,13.538093,108.574067,Gia Lai,Gia Lai,mapped
BTS_00548,Fake Telecom Station 00548,22.364195,102.249471,Điện Biên,Điện Biên,mapped
BTS_00549,Fake Telecom Station 00549,22.117213,103.764024,Lai Châu,Lai Châu,mapped
BTS_00550,Fake Telecom Station 00550,13.927448,108.030362,Gia Lai,Gia Lai,mapped
BTS_00551,Fake Telecom Station 00551,20.15194,105.206053,Thanh Hóa,Thanh Hóa,mapped
BTS_00552,Fake Telecom Station 00552,13.130524,107.901552,Đắk Lắk,Đắk Lắk,mapped
BTS_00553,Fake Telecom Station 00553,22.71836,106.468677,Cao Bằng,Cao Bằng,mapped
BTS_00554,Fake Telecom Station 00554,15.643873,107.352147,Quảng Nam,Đà Nẵng,mapped
BTS_00555,Fake Telecom Station 00555,19.112203,104.263245,Nghệ An,Nghệ An,mapped
BTS_00556,Fake Telecom Station 00556,10.685344,107.178422,Bà Rịa–Vũng Tàu,TPHCM,mapped
BTS_00557,Fake Telecom Station 00557,12.960421,108.520251,Đắk Lắk,Đắk Lắk,mapped
BTS_00558,Fake Telecom Station 00558,21.462969,103.154665,Điện Biên,Điện Biên,mapped
BTS_00559,Fake Telecom Station 00559,10.878894,108.033632,Bình Thuận,Lâm Đồng,mapped
BTS_00560,Fake Telecom Station 00560,22.568087,106.561872,Cao Bằng,Cao Bằng,mapped
BTS_00561,Fake Telecom Station 00561,10.640139,105.725315,Đồng Tháp,Đồng Tháp,mapped
BTS_00562,Fake Telecom Station 00562,13.21084,108.486647,Gia Lai,Gia Lai,mapped
BTS_00563,Fake Telecom Station 00563,17.129561,106.43434,Quảng Bình,Quảng Trị,mapped
BTS_00564,Fake Telecom Station 00564,20.503946,106.104101,Hà Nam,Ninh Bình,mapped
BTS_00565,Fake Telecom Station 00565,18.318101,105.883427,Hà Tĩnh,Hà Tĩnh,mapped
BTS_00566,Fake Telecom Station 00566,22.82887,106.359889,Cao Bằng,Cao Bằng,mapped
BTS_00567,Fake Telecom Station 00567,14.079666,108.39265,Gia Lai,Gia Lai,mapped
BTS_00568,Fake Telecom Station 00568,10.662716,107.320745,Đồng Nai,Đồng Nai,mapped
BTS_00569,Fake Telecom Station 00569,11.399893,108.510822,Bình Thuận,Lâm Đồng,mapped
BTS_00570,Fake Telecom Station 00570,20.781213,104.455865,Sơn La,Sơn La,mapped
BTS_00571,Fake Telecom Station 00571,12.016861,106.933691,Bình Phước,Đồng Nai,mapped
BTS_00572,Fake Telecom Station 00572,11.522861,106.673002,Bình Phước,Đồng Nai,mapped
BTS_00573,Fake Telecom Station 00573,21.759208,104.26189,Yên Bái,Lào Cai,mapped
BTS_00574,Fake Telecom Station 00574,11.730085,106.776575,Bình Phước,Đồng Nai,mapped
BTS_00575,Fake Telecom Station 00575,18.699021,105.573934,Nghệ An,Nghệ An,mapped
BTS_00576,Fake Telecom Station 00576,9.742726,105.837599,Sóc Trăng,Cần Thơ,mapped
BTS_00577,Fake Telecom Station 00577,16.989511,107.08381,Quảng Trị,Quảng Trị,mapped
BTS_00578,Fake Telecom Station 00578,11.287996,108.532075,Bình Thuận,Lâm Đồng,mapped
BTS_00579,Fake Telecom Station 00579,10.23307,106.072991,Vĩnh Long,Vĩnh Long,mapped
BTS_00580,Fake Telecom Station 00580,21.730682,106.972353,Lạng Sơn,Lạng Sơn,mapped
BTS_00581,Fake Telecom Station 00581,22.449986,102.896584,Lai Châu,Lai Châu,mapped
BTS_00582,Fake Telecom Station 00582,17.964345,106.492513,Hà Tĩnh,Hà Tĩnh,mapped
BTS_00583,Fake Telecom Station 00583,19.287043,104.022847,Nghệ An,Nghệ An,mapped
BTS_00584,Fake Telecom Station 00584,21.973906,102.869349,Điện Biên,Điện Biên,mapped
BTS_00585,Fake Telecom Station 00585,11.849888,106.83243,Bình Phước,Đồng Nai,mapped
BTS_00586,Fake Telecom Station 00586,10.433843,105.268199,An Giang,An Giang,mapped
BTS_00587,Fake Telecom Station 00587,22.444541,102.665656,Lai Châu,Lai Châu,mapped
BTS_00588,Fake Telecom Station 00588,9.882804,106.298572,Trà Vinh,Vĩnh Long,mapped
BTS_00589,Fake Telecom Station 00589,14.448775,107.618376,Kon Tum,Quảng Ngãi,mapped
BTS_00590,Fake Telecom Station 00590,21.583623,104.182539,Sơn La,Sơn La,mapped
BTS_00591,Fake Telecom Station 00591,9.138124,105.336955,Bạc Liêu,Cà Mau,mapped
BTS_00592,Fake Telecom Station 00592,17.057914,106.616604,Quảng Bình,Quảng Trị,mapped
BTS_00593,Fake Telecom Station 00593,10.990296,105.740177,Long An,Tây Ninh,mapped
BTS_00594,Fake Telecom Station 00594,18.576805,105.758659,Hà Tĩnh,Hà Tĩnh,mapped
BTS_00595,Fake Telecom Station 00595,17.826303,106.433122,Quảng Bình,Quảng Trị,mapped
BTS_00596,Fake Telecom Station 00596,10.241144,104.827795,Kiên Giang,An Giang,mapped
BTS_00597,Fake Telecom Station 00597,10.898338,108.040018,Bình Thuận,Lâm Đồng,mapped
BTS_00598,Fake Telecom Station 00598,21.617765,105.897995,Thái Nguyên,Thái Nguyên,mapped
BTS_00599,Fake Telecom Station 00599,21.7483,105.101826,Yên Bái,Lào Cai,mapped
BTS_00600,Fake Telecom Station 00600,9.247403,105.010739,Cà Mau,Cà Mau,mapped
BTS_00601,Fake Telecom Station 00601,15.737433,107.674606,Quảng Nam,Đà Nẵng,mapped
BTS_00602,Fake Telecom Station 00602,20.856302,104.388129,Sơn La,Sơn La,mapped
BTS_00603,Fake Telecom Station 00603,19.071191,104.439207,Nghệ An,Nghệ An,mapped
BTS_00604,Fake Telecom Station 00604,20.178447,106.153678,Ninh Bình,Ninh Bình,mapped
BTS_00605,Fake Telecom Station 00605,21.008479,105.075712,Phú Thọ,Phú Thọ,mapped
BTS_00606,Fake Telecom Station 00606,22.86557,104.945465,Hà Giang,Tuyên Quang,mapped
BTS_00607,Fake Telecom Station 00607,19.664932,104.68414,Nghệ An,Nghệ An,mapped
BTS_00608,Fake Telecom Station 00608,21.794336,103.743733,Sơn La,Sơn La,mapped
BTS_00609,Fake Telecom Station 00609,16.324965,106.974206,Quảng Trị,Quảng Trị,mapped
BTS_00610,Fake Telecom Station 00610,8.728972,104.91827,Cà Mau,Cà Mau,mapped
BTS_00611,Fake Telecom Station 00611,20.993074,104.495967,Sơn La,Sơn La,mapped
BTS_00612,Fake Telecom Station 00612,15.913068,108.348326,Quảng Nam,Đà Nẵng,mapped
BTS_00613,Fake Telecom Station 00613,15.238638,108.075795,Quảng Nam,Đà Nẵng,mapped
BTS_00614,Fake Telecom Station 00614,21.597031,107.571381,Quảng Ninh,Quảng Ninh,mapped
BTS_00615,Fake Telecom Station 00615,18.383596,105.55901,Hà Tĩnh,Hà Tĩnh,mapped
BTS_00616,Fake Telecom Station 00616,10.593841,107.139995,Bà Rịa–Vũng Tàu,TPHCM,mapped
BTS_00617,Fake Telecom Station 00617,21.453627,107.545886,Quảng Ninh,Quảng Ninh,mapped
BTS_00618,Fake Telecom Station 00618,12.076253,108.146863,Lâm Đồng,Lâm Đồng,mapped
BTS_00619,Fake Telecom Station 00619,21.738614,105.359187,Tuyên Quang,Tuyên Quang,mapped
BTS_00620,Fake Telecom Station 00620,16.185112,108.132109,Đà Nẵng,Đà Nẵng,mapped
BTS_00621,Fake Telecom Station 00621,9.58579,105.36374,Bạc Liêu,Cà Mau,mapped
BTS_00622,Fake Telecom Station 00622,22.723628,104.932412,Hà Giang,Tuyên Quang,mapped
BTS_00623,Fake Telecom Station 00623,9.360373,105.676078,Bạc Liêu,Cà Mau,mapped
BTS_00624,Fake Telecom Station 00624,20.946892,104.764164,Sơn La,Sơn La,mapped
BTS_00625,Fake Telecom Station 00625,11.792397,108.487553,Lâm Đồng,Lâm Đồng,mapped
BTS_00626,Fake Telecom Station 00626,20.960072,105.706526,Hà Nội	,Hà Nội,mapped
BTS_00627,Fake Telecom Station 00627,10.454725,106.395997,Long An,Tây Ninh,mapped
BTS_00628,Fake Telecom Station 00628,12.509935,107.959172,Đắk Nông,Lâm Đồng,mapped
BTS_00629,Fake Telecom Station 00629,14.212322,107.665889,Kon Tum,Quảng Ngãi,mapped
BTS_00630,Fake Telecom Station 00630,22.17765,105.296915,Tuyên Quang,Tuyên Quang,mapped
BTS_00631,Fake Telecom Station 00631,21.466815,106.784341,Bắc Giang,Bắc Ninh,mapped
BTS_00632,Fake Telecom Station 00632,10.836649,105.310943,Đồng Tháp,Đồng Tháp,mapped
BTS_00633,Fake Telecom Station 00633,10.811813,105.733172,Long An,Tây Ninh,mapped
BTS_00634,Fake Telecom Station 00634,21.460194,103.199266,Điện Biên,Điện Biên,mapped
BTS_00635,Fake Telecom Station 00635,10.300735,103.90483,Kiên Giang,An Giang,mapped
BTS_00636,Fake Telecom Station 00636,22.367737,102.538433,Lai Châu,Lai Châu,mapped
BTS_00637,Fake Telecom Station 00637,21.322343,104.419077,Sơn La,Sơn La,mapped
BTS_00638,Fake Telecom Station 00638,20.873456,105.922959,Hà Nội	,Hà Nội,mapped
BTS_00639,Fake Telecom Station 00639,22.607193,104.350632,Lào Cai,Lào Cai,mapped
BTS_00640,Fake Telecom Station 00640,12.942053,109.048273,Phú Yên,Đắk Lắk,mapped
BTS_00641,Fake Telecom Station 00641,21.023201,104.49071,Sơn La,Sơn La,mapped
BTS_00642,Fake Telecom Station 00642,22.614721,104.876137,Hà Giang,Tuyên Quang,mapped
BTS_00643,Fake Telecom Station 00643,11.301826,107.28931,Đồng Nai,Đồng Nai,mapped
BTS_00644,Fake Telecom Station 00644,10.776566,106.639266,Ho Chi Minh,TPHCM,mapped
BTS_00645,Fake Telecom Station 00645,21.983678,103.389541,Điện Biên,Điện Biên,mapped
BTS_00646,Fake Telecom Station 00646,15.735086,107.900436,Quảng Nam,Đà Nẵng,mapped
BTS_00647,Fake Telecom Station 00647,22.766259,105.799788,Cao Bằng,Cao Bằng,mapped
BTS_00648,Fake Telecom Station 00648,12.871622,109.228654,Phú Yên,Đắk Lắk,mapped
BTS_00649,Fake Telecom Station 00649,22.350175,105.238343,Tuyên Quang,Tuyên Quang,mapped
BTS_00650,Fake Telecom Station 00650,22.287908,104.238807,Lào Cai,Lào Cai,mapped
BTS_00651,Fake Telecom Station 00651,12.820206,108.401745,Đắk Lắk,Đắk Lắk,mapped
BTS_00652,Fake Telecom Station 00652,12.124786,107.930108,Đắk Nông,Lâm Đồng,mapped
BTS_00653,Fake Telecom Station 00653,18.354626,105.937073,Hà Tĩnh,Hà Tĩnh,mapped
BTS_00654,Fake Telecom Station 00654,15.875352,107.652556,Quảng Nam,Đà Nẵng,mapped
BTS_00655,Fake Telecom Station 00655,20.559568,104.708772,Thanh Hóa,Thanh Hóa,mapped
BTS_00656,Fake Telecom Station 00656,21.803558,106.45357,Lạng Sơn,Lạng Sơn,mapped
BTS_00657,Fake Telecom Station 00657,11.49678,108.548189,Bình Thuận,Lâm Đồng,mapped
BTS_00658,Fake Telecom Station 00658,21.993803,106.706926,Lạng Sơn,Lạng Sơn,mapped
BTS_00659,Fake Telecom Station 00659,22.021191,105.998475,Bắc Kạn,Thái Nguyên,mapped
BTS_00660,Fake Telecom Station 00660,13.840939,108.814215,Gia Lai,Gia Lai,mapped
BTS_00661,Fake Telecom Station 00661,10.391156,105.437398,An Giang,An Giang,mapped
BTS_00662,Fake Telecom Station 00662,12.114688,107.09877,Bình Phước,Đồng Nai,mapped
BTS_00663,Fake Telecom Station 00663,11.154828,106.90923,Bình Dương,TPHCM,mapped
BTS_00664,Fake Telecom Station 00664,22.472836,104.606685,Hà Giang,Tuyên Quang,mapped
BTS_00665,Fake Telecom Station 00665,20.320059,106.555986,Nam Định,Ninh Bình,mapped
BTS_00666,Fake Telecom Station 00666,19.689084,105.063123,Nghệ An,Nghệ An,mapped
BTS_00667,Fake Telecom Station 00667,11.76579,108.17223,Lâm Đồng,Lâm Đồng,mapped
BTS_00668,Fake Telecom Station 00668,21.866444,104.169823,Yên Bái,Lào Cai,mapped
BTS_00669,Fake Telecom Station 00669,10.05709,106.639935,Bến Tre,Vĩnh Long,mapped
BTS_00670,Fake Telecom Station 00670,11.657903,107.998727,Lâm Đồng,Lâm Đồng,mapped
BTS_00671,Fake Telecom Station 00671,21.281042,105.312425,Phú Thọ,Phú Thọ,mapped
BTS_00672,Fake Telecom Station 00672,21.174572,105.238591,Phú Thọ,Phú Thọ,mapped
BTS_00673,Fake Telecom Station 00673,10.738534,105.829505,Long An,Tây Ninh,mapped
BTS_00674,Fake Telecom Station 00674,21.907293,102.831489,Điện Biên,Điện Biên,mapped
BTS_00675,Fake Telecom Station 00675,20.43558,106.023868,Hà Nam,Ninh Bình,mapped
BTS_00676,Fake Telecom Station 00676,12.890415,108.893134,Phú Yên,Đắk Lắk,mapped
BTS_00677,Fake Telecom Station 00677,8.703602,105.130345,Cà Mau,Cà Mau,mapped
BTS_00678,Fake Telecom Station 00678,11.527521,106.687327,Bình Phước,Đồng Nai,mapped
BTS_00679,Fake Telecom Station 00679,20.679648,106.232552,Hưng Yên,Hưng Yên,mapped
BTS_00680,Fake Telecom Station 00680,22.499982,103.18131,Lai Châu,Lai Châu,mapped
BTS_00681,Fake Telecom Station 00681,21.155145,107.425227,Quảng Ninh,Quảng Ninh,mapped
BTS_00682,Fake Telecom Station 00682,21.415313,105.172798,Phú Thọ,Phú Thọ,mapped
BTS_00683,Fake Telecom Station 00683,10.465948,104.796652,Kiên Giang,An Giang,mapped
BTS_00684,Fake Telecom Station 00684,21.182205,103.090091,Điện Biên,Điện Biên,mapped
BTS_00685,Fake Telecom Station 00685,21.065572,107.045765,Quảng Ninh,Quảng Ninh,mapped
BTS_00686,Fake Telecom Station 00686,10.81668,107.259686,Đồng Nai,Đồng Nai,mapped
BTS_00687,Fake Telecom Station 00687,12.457078,109.084277,Khánh Hòa,Khánh Hòa,mapped
BTS_00688,Fake Telecom Station 00688,11.661509,107.299809,Lâm Đồng,Lâm Đồng,mapped
BTS_00689,Fake Telecom Station 00689,15.687261,107.454958,Quảng Nam,Đà Nẵng,mapped
BTS_00690,Fake Telecom Station 00690,21.522044,105.748616,Thái Nguyên,Thái Nguyên,mapped
BTS_00691,Fake Telecom Station 00691,10.249551,105.649952,Đồng Tháp,Đồng Tháp,mapped
BTS_00692,Fake Telecom Station 00692,21.036696,104.811559,Sơn La,Sơn La,mapped
BTS_00693,Fake Telecom Station 00693,14.740791,108.598542,Kon Tum,Quảng Ngãi,mapped
BTS_00694,Fake Telecom Station 00694,10.722192,107.303328,Đồng Nai,Đồng Nai,mapped
BTS_00695,Fake Telecom Station 00695,22.482784,104.228583,Lào Cai,Lào Cai,mapped
BTS_00696,Fake Telecom Station 00696,21.740071,106.515196,Lạng Sơn,Lạng Sơn,mapped
BTS_00697,Fake Telecom Station 00697,11.710569,108.442396,Lâm Đồng,Lâm Đồng,mapped
BTS_00698,Fake Telecom Station 00698,20.466421,105.923477,Hà Nam,Ninh Bình,mapped
BTS_00699,Fake Telecom Station 00699,10.558551,105.04972,An Giang,An Giang,mapped
BTS_00700,Fake Telecom Station 00700,10.424997,105.118437,An Giang,An Giang,mapped
BTS_00701,Fake Telecom Station 00701,12.342395,107.590619,Đắk Nông,Lâm Đồng,mapped
BTS_00702,Fake Telecom Station 00702,18.539475,105.352459,Hà Tĩnh,Hà Tĩnh,mapped
BTS_00703,Fake Telecom Station 00703,18.139958,105.649858,Hà Tĩnh,Hà Tĩnh,mapped
BTS_00704,Fake Telecom Station 00704,20.9019,105.099061,Hòa Bình,Phú Thọ,mapped
BTS_00705,Fake Telecom Station 00705,20.304649,104.861749,Thanh Hóa,Thanh Hóa,mapped
BTS_00706,Fake Telecom Station 00706,17.038233,106.87876,Quảng Trị,Quảng Trị,mapped
BTS_00707,Fake Telecom Station 00707,12.973328,107.926206,Đắk Lắk,Đắk Lắk,mapped
BTS_00708,Fake Telecom Station 00708,20.291634,106.1166,Nam Định,Ninh Bình,mapped
BTS_00709,Fake Telecom Station 00709,12.403032,108.302708,Đắk Lắk,Đắk Lắk,mapped
BTS_00710,Fake Telecom Station 00710,11.524517,107.153197,Bình Phước,Đồng Nai,mapped
BTS_00711,Fake Telecom Station 00711,10.049211,105.554537,Cần Thơ,Cần Thơ,mapped
BTS_00712,Fake Telecom Station 00712,14.290531,108.108556,Gia Lai,Gia Lai,mapped
BTS_00713,Fake Telecom Station 00713,14.552547,108.653644,Gia Lai,Gia Lai,mapped
BTS_00714,Fake Telecom Station 00714,9.852259,106.621912,Bến Tre,Vĩnh Long,mapped
BTS_00715,Fake Telecom Station 00715,15.078851,107.65379,Kon Tum,Quảng Ngãi,mapped
BTS_00716,Fake Telecom Station 00716,12.144196,108.946604,Khánh Hòa,Khánh Hòa,mapped
BTS_00717,Fake Telecom Station 00717,14.492808,108.105658,Kon Tum,Quảng Ngãi,mapped
BTS_00718,Fake Telecom Station 00718,11.38265,106.572937,Bình Phước,Đồng Nai,mapped
BTS_00719,Fake Telecom Station 00719,20.333729,106.369118,Nam Định,Ninh Bình,mapped
BTS_00720,Fake Telecom Station 00720,21.495815,107.7108,Quảng Ninh,Quảng Ninh,mapped
BTS_00721,Fake Telecom Station 00721,12.385239,108.799618,Khánh Hòa,Khánh Hòa,mapped
BTS_00722,Fake Telecom Station 00722,15.185494,108.514816,Quảng Ngãi,Quảng Ngãi,mapped
BTS_00723,Fake Telecom Station 00723,19.133426,104.918612,Nghệ An,Nghệ An,mapped
BTS_00724,Fake Telecom Station 00724,22.308996,103.14896,Lai Châu,Lai Châu,mapped
BTS_00725,Fake Telecom Station 00725,10.799447,105.907372,Long An,Tây Ninh,mapped
BTS_00726,Fake Telecom Station 00726,11.284333,108.34415,Bình Thuận,Lâm Đồng,mapped
BTS_00727,Fake Telecom Station 00727,19.596271,104.893259,Nghệ An,Nghệ An,mapped
BTS_00728,Fake Telecom Station 00728,21.895503,102.678772,Điện Biên,Điện Biên,mapped
BTS_00729,Fake Telecom Station 00729,13.780323,109.256627,Bình Định,Gia Lai,mapped
BTS_00730,Fake Telecom Station 00730,14.489393,107.871092,Kon Tum,Quảng Ngãi,mapped
BTS_00731,Fake Telecom Station 00731,12.974732,109.320438,Phú Yên,Đắk Lắk,mapped
BTS_00732,Fake Telecom Station 00732,22.089362,105.497923,Bắc Kạn,Thái Nguyên,mapped
BTS_00733,Fake Telecom Station 00733,10.269277,106.773951,Tiền Giang,Đồng Tháp,mapped
BTS_00734,Fake Telecom Station 00734,17.221717,106.34657,Quảng Bình,Quảng Trị,mapped
BTS_00735,Fake Telecom Station 00735,19.666887,104.223645,Nghệ An,Nghệ An,mapped
BTS_00736,Fake Telecom Station 00736,10.699285,106.631646,Ho Chi Minh,TPHCM,mapped
BTS_00737,Fake Telecom Station 00737,18.807952,105.582327,Nghệ An,Nghệ An,mapped
BTS_00738,Fake Telecom Station 00738,12.59472,108.098,Đắk Lắk,Đắk Lắk,mapped
BTS_00739,Fake Telecom Station 00739,22.581398,105.821589,Cao Bằng,Cao Bằng,mapped
BTS_00740,Fake Telecom Station 00740,21.670893,104.297546,Yên Bái,Lào Cai,mapped
BTS_00741,Fake Telecom Station 00741,15.76364,107.875959,Quảng Nam,Đà Nẵng,mapped
BTS_00742,Fake Telecom Station 00742,10.638613,106.061992,Long An,Tây Ninh,mapped
BTS_00743,Fake Telecom Station 00743,17.922846,105.925964,Quảng Bình,Quảng Trị,mapped
BTS_00744,Fake Telecom Station 00744,21.479541,106.900377,Bắc Giang,Bắc Ninh,mapped
BTS_00745,Fake Telecom Station 00745,11.102593,107.184739,Đồng Nai,Đồng Nai,mapped
BTS_00746,Fake Telecom Station 00746,16.09747,107.471946,Thừa Thiên Huế,Huế,mapped
BTS_00747,Fake Telecom Station 00747,20.443026,106.058899,Hà Nam,Ninh Bình,mapped
BTS_00748,Fake Telecom Station 00748,9.587845,106.235003,Sóc Trăng,Cần Thơ,mapped
BTS_00749,Fake Telecom Station 00749,17.134086,106.715216,Quảng Bình,Quảng Trị,mapped
BTS_00750,Fake Telecom Station 00750,21.625261,103.770623,Sơn La,Sơn La,mapped
BTS_00751,Fake Telecom Station 00751,21.740877,107.100619,Lạng Sơn,Lạng Sơn,mapped
BTS_00752,Fake Telecom Station 00752,9.765557,105.860604,Sóc Trăng,Cần Thơ,mapped
BTS_00753,Fake Telecom Station 00753,11.483504,105.963599,Tây Ninh,Tây Ninh,mapped
BTS_00754,Fake Telecom Station 00754,10.577721,105.981509,Long An,Tây Ninh,mapped
BTS_00755,Fake Telecom Station 00755,9.185003,105.54954,Bạc Liêu,Cà Mau,mapped
BTS_00756,Fake Telecom Station 00756,21.096562,106.275011,Bắc Ninh,Bắc Ninh,mapped
BTS_00757,Fake Telecom Station 00757,12.122168,109.133864,Khánh Hòa,Khánh Hòa,mapped
BTS_00758,Fake Telecom Station 00758,13.142791,108.76929,Gia Lai,Gia Lai,mapped
BTS_00759,Fake Telecom Station 00759,20.223513,105.745392,Ninh Bình,Ninh Bình,mapped
BTS_00760,Fake Telecom Station 00760,21.616225,106.667248,Bắc Giang,Bắc Ninh,mapped
BTS_00761,Fake Telecom Station 00761,12.687921,109.02583,Khánh Hòa,Khánh Hòa,mapped
BTS_00762,Fake Telecom Station 00762,16.513152,107.087972,Thừa Thiên Huế,Huế,mapped
BTS_00763,Fake Telecom Station 00763,10.795941,107.744517,Bình Thuận,Lâm Đồng,mapped
BTS_00764,Fake Telecom Station 00764,12.494997,108.284749,Đắk Lắk,Đắk Lắk,mapped
BTS_00765,Fake Telecom Station 00765,14.920995,108.088472,Kon Tum,Quảng Ngãi,mapped
BTS_00766,Fake Telecom Station 00766,9.221887,105.340829,Bạc Liêu,Cà Mau,mapped
BTS_00767,Fake Telecom Station 00767,20.866193,107.501027,Quảng Ninh,Quảng Ninh,mapped
BTS_00768,Fake Telecom Station 00768,18.902873,105.131805,Nghệ An,Nghệ An,mapped
BTS_00769,Fake Telecom Station 00769,18.075445,105.861689,Hà Tĩnh,Hà Tĩnh,mapped
BTS_00770,Fake Telecom Station 00770,22.083604,102.898297,Lai Châu,Lai Châu,mapped
BTS_00771,Fake Telecom Station 00771,19.759359,104.845835,Nghệ An,Nghệ An,mapped
BTS_00772,Fake Telecom Station 00772,18.975178,104.949461,Nghệ An,Nghệ An,mapped
BTS_00773,Fake Telecom Station 00773,22.849773,106.677002,Cao Bằng,Cao Bằng,mapped
BTS_00774,Fake Telecom Station 00774,11.918504,107.036354,Bình Phước,Đồng Nai,mapped
BTS_00775,Fake Telecom Station 00775,11.914572,107.432494,Đắk Nông,Lâm Đồng,mapped
BTS_00776,Fake Telecom Station 00776,10.061121,106.206114,Vĩnh Long,Vĩnh Long,mapped
BTS_00777,Fake Telecom Station 00777,12.102461,108.055799,Lâm Đồng,Lâm Đồng,mapped
BTS_00778,Fake Telecom Station 00778,21.588035,103.786619,Sơn La,Sơn La,mapped
BTS_00779,Fake Telecom Station 00779,22.315629,102.849611,Lai Châu,Lai Châu,mapped
BTS_00780,Fake Telecom Station 00780,9.769215,106.20008,Trà Vinh,Vĩnh Long,mapped
BTS_00781,Fake Telecom Station 00781,11.985995,108.945549,Khánh Hòa,Khánh Hòa,mapped
BTS_00782,Fake Telecom Station 00782,18.433631,105.559347,Hà Tĩnh,Hà Tĩnh,mapped
BTS_00783,Fake Telecom Station 00783,15.54791,108.125547,Quảng Nam,Đà Nẵng,mapped
BTS_00784,Fake Telecom Station 00784,11.371204,106.345981,Tây Ninh,Tây Ninh,mapped
BTS_00785,Fake Telecom Station 00785,9.472914,105.252834,Kiên Giang,An Giang,mapped
BTS_00786,Fake Telecom Station 00786,21.693689,104.5392,Yên Bái,Lào Cai,mapped
BTS_00787,Fake Telecom Station 00787,15.538121,108.070336,Quảng Nam,Đà Nẵng,mapped
BTS_00788,Fake Telecom Station 00788,19.011106,104.646622,Nghệ An,Nghệ An,mapped
BTS_00789,Fake Telecom Station 00789,21.177835,104.069819,Sơn La,Sơn La,mapped
BTS_00790,Fake Telecom Station 00790,10.924117,105.684093,Long An,Tây Ninh,mapped
BTS_00791,Fake Telecom Station 00791,9.651011,105.057169,Kiên Giang,An Giang,mapped
BTS_00792,Fake Telecom Station 00792,9.563492,105.066989,Kiên Giang,An Giang,mapped
BTS_00793,Fake Telecom Station 00793,11.172934,108.028757,Bình Thuận,Lâm Đồng,mapped
BTS_00794,Fake Telecom Station 00794,20.190832,105.338258,Thanh Hóa,Thanh Hóa,mapped
BTS_00795,Fake Telecom Station 00795,9.976143,105.812589,Cần Thơ,Cần Thơ,mapped
BTS_00796,Fake Telecom Station 00796,17.291898,106.199215,Quảng Bình,Quảng Trị,mapped
BTS_00797,Fake Telecom Station 00797,15.104108,108.687937,Quảng Ngãi,Quảng Ngãi,mapped
BTS_00798,Fake Telecom Station 00798,10.929806,108.304941,Bình Thuận,Lâm Đồng,mapped
BTS_00799,Fake Telecom Station 00799,21.424307,107.169603,Lạng Sơn,Lạng Sơn,mapped
BTS_00800,Fake Telecom Station 00800,9.912441,105.664361,Cần Thơ,Cần Thơ,mapped
BTS_00801,Fake Telecom Station 00801,21.540081,103.543568,Sơn La,Sơn La,mapped
BTS_00802,Fake Telecom Station 00802,10.769146,106.364071,Long An,Tây Ninh,mapped
BTS_00803,Fake Telecom Station 00803,21.202788,106.834894,Quảng Ninh,Quảng Ninh,mapped
BTS_00804,Fake Telecom Station 00804,21.47111,107.304431,Lạng Sơn,Lạng Sơn,mapped
BTS_00805,Fake Telecom Station 00805,13.615972,107.97207,Gia Lai,Gia Lai,mapped
BTS_00806,Fake Telecom Station 00806,14.184481,108.931661,Bình Định,Gia Lai,mapped
BTS_00807,Fake Telecom Station 00807,13.85819,107.836967,Gia Lai,Gia Lai,mapped
BTS_00808,Fake Telecom Station 00808,22.377427,103.478614,Lai Châu,Lai Châu,mapped
BTS_00809,Fake Telecom Station 00809,11.444119,108.539016,Bình Thuận,Lâm Đồng,mapped
BTS_00810,Fake Telecom Station 00810,21.897148,104.250887,Yên Bái,Lào Cai,mapped
BTS_00811,Fake Telecom Station 00811,13.846175,108.250546,Gia Lai,Gia Lai,mapped
BTS_00812,Fake Telecom Station 00812,18.827269,104.828952,Nghệ An,Nghệ An,mapped
BTS_00813,Fake Telecom Station 00813,10.746352,105.921227,Long An,Tây Ninh,mapped
BTS_00814,Fake Telecom Station 00814,19.309227,104.472393,Nghệ An,Nghệ An,mapped
BTS_00815,Fake Telecom Station 00815,14.180917,107.933028,Gia Lai,Gia Lai,mapped
BTS_00816,Fake Telecom Station 00816,20.303901,106.472636,Nam Định,Ninh Bình,mapped
BTS_00817,Fake Telecom Station 00817,14.439618,108.028565,Kon Tum,Quảng Ngãi,mapped
BTS_00818,Fake Telecom Station 00818,21.072256,107.829358,Quảng Ninh,Quảng Ninh,mapped
BTS_00819,Fake Telecom Station 00819,17.553387,106.055359,Quảng Bình,Quảng Trị,mapped
BTS_00820,Fake Telecom Station 00820,12.615059,108.84444,Đắk Lắk,Đắk Lắk,mapped
BTS_00821,Fake Telecom Station 00821,22.214471,105.140086,Tuyên Quang,Tuyên Quang,mapped
BTS_00822,Fake Telecom Station 00822,21.286079,103.981563,Sơn La,Sơn La,mapped
BTS_00823,Fake Telecom Station 00823,21.759387,103.211272,Điện Biên,Điện Biên,mapped
BTS_00824,Fake Telecom Station 00824,14.960288,108.92017,Quảng Ngãi,Quảng Ngãi,mapped
BTS_00825,Fake Telecom Station 00825,17.034943,106.440691,Quảng Bình,Quảng Trị,mapped
BTS_00826,Fake Telecom Station 00826,9.774437,104.965388,Kiên Giang,An Giang,mapped
BTS_00827,Fake Telecom Station 00827,22.317041,106.518346,Lạng Sơn,Lạng Sơn,mapped
BTS_00828,Fake Telecom Station 00828,13.448692,107.719482,Gia Lai,Gia Lai,mapped
BTS_00829,Fake Telecom Station 00829,13.443765,107.657456,Gia Lai,Gia Lai,mapped
BTS_00830,Fake Telecom Station 00830,10.548018,107.341478,Bà Rịa–Vũng Tàu,TPHCM,mapped
BTS_00831,Fake Telecom Station 00831,12.570656,108.019379,Đắk Lắk,Đắk Lắk,mapped
BTS_00832,Fake Telecom Station 00832,8.766698,105.224523,Cà Mau,Cà Mau,mapped
BTS_00833,Fake Telecom Station 00833,21.068762,103.128441,Điện Biên,Điện Biên,mapped
BTS_00834,Fake Telecom Station 00834,10.114692,106.484904,Bến Tre,Vĩnh Long,mapped
BTS_00835,Fake Telecom Station 00835,21.751006,103.793018,Sơn La,Sơn La,mapped
BTS_00836,Fake Telecom Station 00836,17.550614,106.546543,Quảng Bình,Quảng Trị,mapped
BTS_00837,Fake Telecom Station 00837,10.114643,106.117679,Vĩnh Long,Vĩnh Long,mapped
BTS_00838,Fake Telecom Station 00838,8.96546,105.051449,Cà Mau,Cà Mau,mapped
BTS_00839,Fake Telecom Station 00839,21.285253,105.319964,Phú Thọ,Phú Thọ,mapped
BTS_00840,Fake Telecom Station 00840,12.711996,107.779959,Đắk Nông,Lâm Đồng,mapped
BTS_00841,Fake Telecom Station 00841,18.214497,105.783946,Hà Tĩnh,Hà Tĩnh,mapped
BTS_00842,Fake Telecom Station 00842,9.567791,104.872078,Kiên Giang,An Giang,mapped
BTS_00843,Fake Telecom Station 00843,11.942508,106.744314,Bình Phước,Đồng Nai,mapped
BTS_00844,Fake Telecom Station 00844,21.157166,107.37217,Quảng Ninh,Quảng Ninh,mapped
BTS_00845,Fake Telecom Station 00845,10.770972,106.795193,Ho Chi Minh,TPHCM,mapped
BTS_00846,Fake Telecom Station 00846,10.065605,105.904088,Vĩnh Long,Vĩnh Long,mapped
BTS_00847,Fake Telecom Station 00847,9.654435,105.990876,Sóc Trăng,Cần Thơ,mapped
BTS_00848,Fake Telecom Station 00848,12.628517,109.173339,Khánh Hòa,Khánh Hòa,mapped
BTS_00849,Fake Telecom Station 00849,21.9602,106.709703,Lạng Sơn,Lạng Sơn,mapped
BTS_00850,Fake Telecom Station 00850,21.951904,103.539712,Sơn La,Sơn La,mapped
BTS_00851,Fake Telecom Station 00851,14.496229,108.725795,Bình Định,Gia Lai,mapped
BTS_00852,Fake Telecom Station 00852,14.990351,108.63174,Quảng Ngãi,Quảng Ngãi,mapped
BTS_00853,Fake Telecom Station 00853,19.137101,104.903748,Nghệ An,Nghệ An,mapped
BTS_00854,Fake Telecom Station 00854,22.094053,106.37051,Lạng Sơn,Lạng Sơn,mapped
BTS_00855,Fake Telecom Station 00855,13.600082,107.865331,Gia Lai,Gia Lai,mapped
BTS_00856,Fake Telecom Station 00856,11.620193,108.465951,Lâm Đồng,Lâm Đồng,mapped
BTS_00857,Fake Telecom Station 00857,20.906151,104.821431,Sơn La,Sơn La,mapped
BTS_00858,Fake Telecom Station 00858,13.026064,108.983179,Phú Yên,Đắk Lắk,mapped
BTS_00859,Fake Telecom Station 00859,18.377693,105.654293,Hà Tĩnh,Hà Tĩnh,mapped
BTS_00860,Fake Telecom Station 00860,18.839539,104.794918,Nghệ An,Nghệ An,mapped
BTS_00861,Fake Telecom Station 00861,18.031511,106.053199,Hà Tĩnh,Hà Tĩnh,mapped
BTS_00862,Fake Telecom Station 00862,14.049969,108.970031,Bình Định,Gia Lai,mapped
BTS_00863,Fake Telecom Station 00863,21.929015,103.998679,Yên Bái,Lào Cai,mapped
BTS_00864,Fake Telecom Station 00864,10.740013,106.520816,Ho Chi Minh,TPHCM,mapped
BTS_00865,Fake Telecom Station 00865,11.615886,107.921762,Lâm Đồng,Lâm Đồng,mapped
BTS_00866,Fake Telecom Station 00866,12.898772,108.409506,Đắk Lắk,Đắk Lắk,mapped
BTS_00867,Fake Telecom Station 00867,21.292862,103.652317,Sơn La,Sơn La,mapped
BTS_00868,Fake Telecom Station 00868,10.625572,106.74872,Ho Chi Minh,TPHCM,mapped
BTS_00869,Fake Telecom Station 00869,21.454749,105.648178,Vĩnh Phúc,Phú Thọ,mapped
BTS_00870,Fake Telecom Station 00870,11.045613,108.195934,Bình Thuận,Lâm Đồng,mapped
BTS_00871,Fake Telecom Station 00871,9.29547,105.054511,Cà Mau,Cà Mau,mapped
BTS_00872,Fake Telecom Station 00872,21.884937,105.445484,Tuyên Quang,Tuyên Quang,mapped
BTS_00873,Fake Telecom Station 00873,10.2082,106.292155,Bến Tre,Vĩnh Long,mapped
BTS_00874,Fake Telecom Station 00874,14.636207,107.996938,Kon Tum,Quảng Ngãi,mapped
BTS_00875,Fake Telecom Station 00875,17.268437,106.722568,Quảng Bình,Quảng Trị,mapped
BTS_00876,Fake Telecom Station 00876,22.328781,106.039788,Bắc Kạn,Thái Nguyên,mapped
BTS_00877,Fake Telecom Station 00877,13.733419,108.961281,Bình Định,Gia Lai,mapped
BTS_00878,Fake Telecom Station 00878,9.960696,106.506422,Bến Tre,Vĩnh Long,mapped
BTS_00879,Fake Telecom Station 00879,11.388107,106.527723,Bình Dương,TPHCM,mapped
BTS_00880,Fake Telecom Station 00880,10.67442,107.245893,Bà Rịa–Vũng Tàu,TPHCM,mapped
BTS_00881,Fake Telecom Station 00881,21.695385,103.165211,Điện Biên,Điện Biên,mapped
BTS_00882,Fake Telecom Station 00882,16.598466,107.269067,Quảng Trị,Quảng Trị,mapped
BTS_00883,Fake Telecom Station 00883,11.788507,106.569322,Bình Phước,Đồng Nai,mapped
BTS_00884,Fake Telecom Station 00884,21.543253,104.852606,Yên Bái,Lào Cai,mapped
BTS_00885,Fake Telecom Station 00885,12.585302,108.940441,Khánh Hòa,Khánh Hòa,mapped
BTS_00886,Fake Telecom Station 00886,19.198755,105.723922,Nghệ An,Nghệ An,mapped
BTS_00887,Fake Telecom Station 00887,19.747881,105.835213,Thanh Hóa,Thanh Hóa,mapped
BTS_00888,Fake Telecom Station 00888,11.320059,107.050869,Đồng Nai,Đồng Nai,mapped
BTS_00889,Fake Telecom Station 00889,15.61618,108.340407,Quảng Nam,Đà Nẵng,mapped
BTS_00890,Fake Telecom Station 00890,13.040842,107.999567,Đắk Lắk,Đắk Lắk,mapped
BTS_00891,Fake Telecom Station 00891,13.01874,108.322106,Đắk Lắk,Đắk Lắk,mapped
BTS_00892,Fake Telecom Station 00892,20.975887,103.620095,Sơn La,Sơn La,mapped
BTS_00893,Fake Telecom Station 00893,13.063348,108.460923,Đắk Lắk,Đắk Lắk,mapped
BTS_00894,Fake Telecom Station 00894,11.388461,108.48558,Bình Thuận,Lâm Đồng,mapped
BTS_00895,Fake Telecom Station 00895,21.640728,107.005111,Lạng Sơn,Lạng Sơn,mapped
BTS_00896,Fake Telecom Station 00896,10.434181,104.568499,Kiên Giang,An Giang,mapped
BTS_00897,Fake Telecom Station 00897,15.233785,108.37731,Quảng Ngãi,Quảng Ngãi,mapped
BTS_00898,Fake Telecom Station 00898,18.3327,105.735885,Hà Tĩnh,Hà Tĩnh,mapped
BTS_00899,Fake Telecom Station 00899,16.127434,107.75791,Thừa Thiên Huế,Huế,mapped
BTS_00900,Fake Telecom Station 00900,14.891402,107.614003,Kon Tum,Quảng Ngãi,mapped
BTS_00901,Fake Telecom Station 00901,19.431693,105.592635,Thanh Hóa,Thanh Hóa,mapped
BTS_00902,Fake Telecom Station 00902,13.829828,109.024727,Bình Định,Gia Lai,mapped
BTS_00903,Fake Telecom Station 00903,12.67603,109.027559,Khánh Hòa,Khánh Hòa,mapped
BTS_00904,Fake Telecom Station 00904,11.830588,108.805217,Ninh Thuận,Khánh Hòa,mapped
BTS_00905,Fake Telecom Station 00905,20.551021,105.887961,Hà Nam,Ninh Bình,mapped
BTS_00906,Fake Telecom Station 00906,13.775562,109.113898,Bình Định,Gia Lai,mapped
BTS_00907,Fake Telecom Station 00907,21.652756,104.173988,Yên Bái,Lào Cai,mapped
BTS_00908,Fake Telecom Station 00908,10.822595,107.288998,Đồng Nai,Đồng Nai,mapped
BTS_00909,Fake Telecom Station 00909,14.108502,108.87861,Bình Định,Gia Lai,mapped
BTS_00910,Fake Telecom Station 00910,22.487857,102.525765,Lai Châu,Lai Châu,mapped
BTS_00911,Fake Telecom Station 00911,11.547217,108.918938,Ninh Thuận,Khánh Hòa,mapped
BTS_00912,Fake Telecom Station 00912,18.723229,105.724777,Nghệ An,Nghệ An,mapped
BTS_00913,Fake Telecom Station 00913,11.042423,107.302882,Đồng Nai,Đồng Nai,mapped
BTS_00914,Fake Telecom Station 00914,11.461829,106.164257,Tây Ninh,Tây Ninh,mapped
BTS_00915,Fake Telecom Station 00915,13.56325,107.632641,Gia Lai,Gia Lai,mapped
BTS_00916,Fake Telecom Station 00916,12.434413,109.078954,Khánh Hòa,Khánh Hòa,mapped
BTS_00917,Fake Telecom Station 00917,12.113944,107.590578,Đắk Nông,Lâm Đồng,mapped
BTS_00918,Fake Telecom Station 00918,19.43705,104.508166,Nghệ An,Nghệ An,mapped
BTS_00919,Fake Telecom Station 00919,12.843378,108.912341,Phú Yên,Đắk Lắk,mapped
BTS_00920,Fake Telecom Station 00920,21.20328,107.100566,Quảng Ninh,Quảng Ninh,mapped
BTS_00921,Fake Telecom Station 00921,22.877984,106.586188,Cao Bằng,Cao Bằng,mapped
BTS_00922,Fake Telecom Station 00922,19.391521,104.234452,Nghệ An,Nghệ An,mapped
BTS_00923,Fake Telecom Station 00923,22.126171,105.7014,Bắc Kạn,Thái Nguyên,mapped
BTS_00924,Fake Telecom Station 00924,20.68572,105.744426,Hà Nội	,Hà Nội,mapped
BTS_00925,Fake Telecom Station 00925,13.657875,108.763975,Gia Lai,Gia Lai,mapped
BTS_00926,Fake Telecom Station 00926,14.982444,107.760909,Kon Tum,Quảng Ngãi,mapped
BTS_00927,Fake Telecom Station 00927,14.78937,108.60597,Kon Tum,Quảng Ngãi,mapped
BTS_00928,Fake Telecom Station 00928,10.204821,105.519138,Cần Thơ,Cần Thơ,mapped
BTS_00929,Fake Telecom Station 00929,17.095413,106.863484,Quảng Bình,Quảng Trị,mapped
BTS_00930,Fake Telecom Station 00930,11.66656,107.713363,Lâm Đồng,Lâm Đồng,mapped
BTS_00931,Fake Telecom Station 00931,20.968095,104.951527,Sơn La,Sơn La,mapped
BTS_00932,Fake Telecom Station 00932,21.368416,106.579071,Bắc Giang,Bắc Ninh,mapped
BTS_00933,Fake Telecom Station 00933,20.106916,106.121737,Ninh Bình,Ninh Bình,mapped
BTS_00934,Fake Telecom Station 00934,10.023549,105.471498,Cần Thơ,Cần Thơ,mapped
BTS_00935,Fake Telecom Station 00935,23.354705,105.342456,Hà Giang,Tuyên Quang,mapped
BTS_00936,Fake Telecom Station 00936,20.668856,105.066092,Hòa Bình,Phú Thọ,mapped
BTS_00937,Fake Telecom Station 00937,11.571331,106.464187,Tây Ninh,Tây Ninh,mapped
BTS_00938,Fake Telecom Station 00938,11.848567,106.834647,Bình Phước,Đồng Nai,mapped
BTS_00939,Fake Telecom Station 00939,12.848258,109.266712,Phú Yên,Đắk Lắk,mapped
BTS_00940,Fake Telecom Station 00940,12.86833,108.067637,Đắk Lắk,Đắk Lắk,mapped
BTS_00941,Fake Telecom Station 00941,9.382491,105.424792,Bạc Liêu,Cà Mau,mapped
BTS_00942,Fake Telecom Station 00942,9.953143,105.265207,Kiên Giang,An Giang,mapped
BTS_00943,Fake Telecom Station 00943,19.177179,105.601363,Nghệ An,Nghệ An,mapped
BTS_00944,Fake Telecom Station 00944,14.354762,107.485135,Kon Tum,Quảng Ngãi,mapped
BTS_00945,Fake Telecom Station 00945,21.855862,104.616863,Yên Bái,Lào Cai,mapped
BTS_00946,Fake Telecom Station 00946,11.33329,106.237503,Tây Ninh,Tây Ninh,mapped
BTS_00947,Fake Telecom Station 00947,21.322523,104.947993,Phú Thọ,Phú Thọ,mapped
BTS_00948,Fake Telecom Station 00948,21.544925,107.195023,Lạng Sơn,Lạng Sơn,mapped
BTS_00949,Fake Telecom Station 00949,10.258429,106.273942,Bến Tre,Vĩnh Long,mapped
BTS_00950,Fake Telecom Station 00950,8.754475,104.827872,Cà Mau,Cà Mau,mapped
BTS_00951,Fake Telecom Station 00951,20.573502,105.79681,Hòa Bình,Phú Thọ,mapped
BTS_00952,Fake Telecom Station 00952,10.782967,105.566214,Đồng Tháp,Đồng Tháp,mapped
BTS_00953,Fake Telecom Station 00953,13.119692,107.626866,Đắk Lắk,Đắk Lắk,mapped
BTS_00954,Fake Telecom Station 00954,12.131688,108.54183,Lâm Đồng,Lâm Đồng,mapped
BTS_00955,Fake Telecom Station 00955,21.459267,105.062292,Phú Thọ,Phú Thọ,mapped
BTS_00956,Fake Telecom Station 00956,21.212197,105.199017,Phú Thọ,Phú Thọ,mapped
BTS_00957,Fake Telecom Station 00957,14.174971,107.463096,Kon Tum,Quảng Ngãi,mapped
BTS_00958,Fake Telecom Station 00958,12.626552,107.776717,Đắk Nông,Lâm Đồng,mapped
BTS_00959,Fake Telecom Station 00959,22.308595,103.206396,Lai Châu,Lai Châu,mapped
BTS_00960,Fake Telecom Station 00960,15.863611,107.334346,Quảng Nam,Đà Nẵng,mapped
BTS_00961,Fake Telecom Station 00961,19.715954,105.192372,Thanh Hóa,Thanh Hóa,mapped
BTS_00962,Fake Telecom Station 00962,23.256034,105.356327,Hà Giang,Tuyên Quang,mapped
BTS_00963,Fake Telecom Station 00963,22.191968,104.375181,Lào Cai,Lào Cai,mapped
BTS_00964,Fake Telecom Station 00964,13.554661,108.84815,Phú Yên,Đắk Lắk,mapped
BTS_00965,Fake Telecom Station 00965,8.584538,104.874253,Cà Mau,Cà Mau,mapped
BTS_00966,Fake Telecom Station 00966,9.03224,105.289552,Cà Mau,Cà Mau,mapped
BTS_00967,Fake Telecom Station 00967,13.640816,108.882685,Bình Định,Gia Lai,mapped
BTS_00968,Fake Telecom Station 00968,21.622018,104.14285,Sơn La,Sơn La,mapped
BTS_00969,Fake Telecom Station 00969,22.063823,102.879272,Điện Biên,Điện Biên,mapped
BTS_00970,Fake Telecom Station 00970,20.511534,106.061934,Hà Nam,Ninh Bình,mapped
BTS_00971,Fake Telecom Station 00971,21.770435,105.132647,Tuyên Quang,Tuyên Quang,mapped
BTS_00972,Fake Telecom Station 00972,12.338805,107.86096,Đắk Nông,Lâm Đồng,mapped
BTS_00973,Fake Telecom Station 00973,22.362586,105.673892,Bắc Kạn,Thái Nguyên,mapped
BTS_00974,Fake Telecom Station 00974,13.722297,108.843967,Gia Lai,Gia Lai,mapped
BTS_00975,Fake Telecom Station 00975,11.747561,108.495758,Lâm Đồng,Lâm Đồng,mapped
BTS_00976,Fake Telecom Station 00976,11.385022,108.890922,Ninh Thuận,Khánh Hòa,mapped
BTS_00977,Fake Telecom Station 00977,12.039485,109.164642,Khánh Hòa,Khánh Hòa,mapped
BTS_00978,Fake Telecom Station 00978,14.738695,108.977045,Quảng Ngãi,Quảng Ngãi,mapped
BTS_00979,Fake Telecom Station 00979,18.947851,104.824602,Nghệ An,Nghệ An,mapped
BTS_00980,Fake Telecom Station 00980,22.552209,104.827406,Hà Giang,Tuyên Quang,mapped
BTS_00981,Fake Telecom Station 00981,21.152368,105.575093,Hà Nội	,Hà Nội,mapped
BTS_00982,Fake Telecom Station 00982,14.9975,107.504828,Kon Tum,Quảng Ngãi,mapped
BTS_00983,Fake Telecom Station 00983,14.953016,108.188766,Kon Tum,Quảng Ngãi,mapped
BTS_00984,Fake Telecom Station 00984,21.786884,106.765266,Lạng Sơn,Lạng Sơn,mapped
BTS_00985,Fake Telecom Station 00985,15.036098,107.783807,Kon Tum,Quảng Ngãi,mapped
BTS_00986,Fake Telecom Station 00986,22.123783,106.17544,Bắc Kạn,Thái Nguyên,mapped
BTS_00987,Fake Telecom Station 00987,11.649476,106.763954,Bình Phước,Đồng Nai,mapped
BTS_00988,Fake Telecom Station 00988,22.892361,105.150137,Hà Giang,Tuyên Quang,mapped
BTS_00989,Fake Telecom Station 00989,20.065983,105.84372,Thanh Hóa,Thanh Hóa,mapped
BTS_00990,Fake Telecom Station 00990,20.240548,104.831107,Thanh Hóa,Thanh Hóa,mapped
BTS_00991,Fake Telecom Station 00991,22.227297,104.620917,Lào Cai,Lào Cai,mapped
BTS_00992,Fake Telecom Station 00992,18.487227,105.265055,Hà Tĩnh,Hà Tĩnh,mapped
BTS_00993,Fake Telecom Station 00993,14.247161,108.164641,Gia Lai,Gia Lai,mapped
BTS_00994,Fake Telecom Station 00994,13.590452,108.325442,Gia Lai,Gia Lai,mapped
BTS_00995,Fake Telecom Station 00995,12.416836,108.895374,Khánh Hòa,Khánh Hòa,mapped
BTS_00996,Fake Telecom Station 00996,21.299546,104.510629,Sơn La,Sơn La,mapped
BTS_00997,Fake Telecom Station 00997,23.162669,105.094041,Hà Giang,Tuyên Quang,mapped
BTS_00998,Fake Telecom Station 00998,15.673025,107.297185,Quảng Nam,Đà Nẵng,mapped
BTS_00999,Fake Telecom Station 00999,18.762648,105.40513,Nghệ An,Nghệ An,mapped
BTS_01000,Fake Telecom Station 01000,20.875543,106.52929,Hải Dương,Hải Phòng,mapped
BTS_01001,Fake Telecom Station 01001,11.179184,106.45549,Bình Dương,TPHCM,mapped
BTS_01002,Fake Telecom Station 01002,22.410275,105.469796,Tuyên Quang,Tuyên Quang,mapped
BTS_01003,Fake Telecom Station 01003,21.258959,103.805953,Sơn La,Sơn La,mapped
BTS_01004,Fake Telecom Station 01004,15.72235,107.616141,Quảng Nam,Đà Nẵng,mapped
BTS_01005,Fake Telecom Station 01005,20.853072,104.698464,Sơn La,Sơn La,mapped
BTS_01006,Fake Telecom Station 01006,11.034845,106.522118,Ho Chi Minh,TPHCM,mapped
BTS_01007,Fake Telecom Station 01007,10.312046,106.696611,Tiền Giang,Đồng Tháp,mapped
BTS_01008,Fake Telecom Station 01008,9.653186,106.577629,Trà Vinh,Vĩnh Long,mapped
BTS_01009,Fake Telecom Station 01009,13.107418,108.806047,Phú Yên,Đắk Lắk,mapped
BTS_01010,Fake Telecom Station 01010,20.828811,105.321233,Hòa Bình,Phú Thọ,mapped
BTS_01011,Fake Telecom Station 01011,10.724167,107.875296,Bình Thuận,Lâm Đồng,mapped
BTS_01012,Fake Telecom Station 01012,8.92249,105.204608,Cà Mau,Cà Mau,mapped
BTS_01013,Fake Telecom Station 01013,9.709751,105.420783,Hậu Giang,Cần Thơ,mapped
BTS_01014,Fake Telecom Station 01014,22.024986,102.683548,Điện Biên,Điện Biên,mapped
BTS_01015,Fake Telecom Station 01015,10.221987,105.013063,Kiên Giang,An Giang,mapped
BTS_01016,Fake Telecom Station 01016,12.965321,109.251679,Phú Yên,Đắk Lắk,mapped
BTS_01017,Fake Telecom Station 01017,11.624893,106.472106,Bình Phước,Đồng Nai,mapped
BTS_01018,Fake Telecom Station 01018,12.539295,107.762695,Đắk Nông,Lâm Đồng,mapped
BTS_01019,Fake Telecom Station 01019,9.417717,105.393206,Bạc Liêu,Cà Mau,mapped
BTS_01020,Fake Telecom Station 01020,13.602827,108.009562,Gia Lai,Gia Lai,mapped
BTS_01021,Fake Telecom Station 01021,22.197329,105.267165,Tuyên Quang,Tuyên Quang,mapped
BTS_01022,Fake Telecom Station 01022,22.304024,102.365908,Điện Biên,Điện Biên,mapped
BTS_01023,Fake Telecom Station 01023,18.640427,105.419029,Nghệ An,Nghệ An,mapped
BTS_01024,Fake Telecom Station 01024,10.212357,105.394058,Cần Thơ,Cần Thơ,mapped
BTS_01025,Fake Telecom Station 01025,12.422516,109.27239,Khánh Hòa,Khánh Hòa,mapped
BTS_01026,Fake Telecom Station 01026,12.811258,107.740084,Đắk Lắk,Đắk Lắk,mapped
BTS_01027,Fake Telecom Station 01027,11.519118,107.209356,Đồng Nai,Đồng Nai,mapped
BTS_01028,Fake Telecom Station 01028,22.156462,103.270724,Lai Châu,Lai Châu,mapped
BTS_01029,Fake Telecom Station 01029,11.277403,106.813538,Bình Dương,TPHCM,mapped
BTS_01030,Fake Telecom Station 01030,21.824629,105.531223,Thái Nguyên,Thái Nguyên,mapped
BTS_01031,Fake Telecom Station 01031,11.805625,108.824647,Ninh Thuận,Khánh Hòa,mapped
BTS_01032,Fake Telecom Station 01032,9.628948,106.485178,Trà Vinh,Vĩnh Long,mapped
BTS_01033,Fake Telecom Station 01033,11.266777,106.850166,Bình Dương,TPHCM,mapped
BTS_01034,Fake Telecom Station 01034,9.607478,105.296176,Kiên Giang,An Giang,mapped
BTS_01035,Fake Telecom Station 01035,15.212656,108.553325,Quảng Ngãi,Quảng Ngãi,mapped
BTS_01036,Fake Telecom Station 01036,19.285859,104.111126,Nghệ An,Nghệ An,mapped
BTS_01037,Fake Telecom Station 01037,20.734728,106.232785,Hưng Yên,Hưng Yên,mapped
BTS_01038,Fake Telecom Station 01038,21.322624,105.396695,Phú Thọ,Phú Thọ,mapped
BTS_01039,Fake Telecom Station 01039,14.646771,108.481988,Kon Tum,Quảng Ngãi,mapped
BTS_01040,Fake Telecom Station 01040,22.17343,106.659139,Lạng Sơn,Lạng Sơn,mapped
BTS_01041,Fake Telecom Station 01041,16.677059,107.053411,Quảng Trị,Quảng Trị,mapped
BTS_01042,Fake Telecom Station 01042,20.467597,105.331418,Hòa Bình,Phú Thọ,mapped
BTS_01043,Fake Telecom Station 01043,21.308919,104.970342,Phú Thọ,Phú Thọ,mapped
BTS_01044,Fake Telecom Station 01044,18.990677,104.891052,Nghệ An,Nghệ An,mapped
BTS_01045,Fake Telecom Station 01045,12.503694,109.082497,Khánh Hòa,Khánh Hòa,mapped
BTS_01046,Fake Telecom Station 01046,20.685074,105.341599,Hòa Bình,Phú Thọ,mapped
BTS_01047,Fake Telecom Station 01047,10.470883,106.151318,Tiền Giang,Đồng Tháp,mapped
BTS_01048,Fake Telecom Station 01048,21.253198,106.295305,Bắc Giang,Bắc Ninh,mapped
BTS_01049,Fake Telecom Station 01049,22.436134,104.642486,Hà Giang,Tuyên Quang,mapped
BTS_01050,Fake Telecom Station 01050,19.676217,105.433879,Thanh Hóa,Thanh Hóa,mapped
BTS_01051,Fake Telecom Station 01051,15.121977,108.237559,Quảng Nam,Đà Nẵng,mapped
BTS_01052,Fake Telecom Station 01052,12.295494,108.41131,Đắk Lắk,Đắk Lắk,mapped
BTS_01053,Fake Telecom Station 01053,10.826901,106.676844,Ho Chi Minh,TPHCM,mapped
BTS_01054,Fake Telecom Station 01054,11.293006,108.155521,Bình Thuận,Lâm Đồng,mapped
BTS_01055,Fake Telecom Station 01055,10.914754,107.57371,Bình Thuận,Lâm Đồng,mapped
BTS_01056,Fake Telecom Station 01056,21.510948,107.999129,Quảng Ninh,Quảng Ninh,mapped
BTS_01057,Fake Telecom Station 01057,9.423708,105.300034,Bạc Liêu,Cà Mau,mapped
BTS_01058,Fake Telecom Station 01058,11.062159,106.430666,Tây Ninh,Tây Ninh,mapped
BTS_01059,Fake Telecom Station 01059,10.420309,105.665279,Đồng Tháp,Đồng Tháp,mapped
BTS_01060,Fake Telecom Station 01060,8.946456,105.330269,Cà Mau,Cà Mau,mapped
BTS_01061,Fake Telecom Station 01061,10.527834,106.887357,Ho Chi Minh,TPHCM,mapped
BTS_01062,Fake Telecom Station 01062,16.738134,106.816548,Quảng Trị,Quảng Trị,mapped
BTS_01063,Fake Telecom Station 01063,12.048243,106.791768,Bình Phước,Đồng Nai,mapped
BTS_01064,Fake Telecom Station 01064,22.683343,105.278795,Hà Giang,Tuyên Quang,mapped
BTS_01065,Fake Telecom Station 01065,12.188027,107.950495,Đắk Nông,Lâm Đồng,mapped
BTS_01066,Fake Telecom Station 01066,9.894282,105.586137,Hậu Giang,Cần Thơ,mapped
BTS_01067,Fake Telecom Station 01067,21.611389,107.785722,Quảng Ninh,Quảng Ninh,mapped
BTS_01068,Fake Telecom Station 01068,11.352619,106.57969,Bình Phước,Đồng Nai,mapped
BTS_01069,Fake Telecom Station 01069,15.672889,108.227038,Quảng Nam,Đà Nẵng,mapped
BTS_01070,Fake Telecom Station 01070,20.191967,105.589189,Thanh Hóa,Thanh Hóa,mapped
BTS_01071,Fake Telecom Station 01071,22.140179,102.813414,Lai Châu,Lai Châu,mapped
BTS_01072,Fake Telecom Station 01072,11.557671,108.933049,Ninh Thuận,Khánh Hòa,mapped
BTS_01073,Fake Telecom Station 01073,15.550664,107.645349,Quảng Nam,Đà Nẵng,mapped
BTS_01074,Fake Telecom Station 01074,19.899672,105.567003,Thanh Hóa,Thanh Hóa,mapped
BTS_01075,Fake Telecom Station 01075,13.164857,108.317215,Đắk Lắk,Đắk Lắk,mapped
BTS_01076,Fake Telecom Station 01076,19.15852,105.386878,Nghệ An,Nghệ An,mapped
BTS_01077,Fake Telecom Station 01077,13.084877,107.995097,Đắk Lắk,Đắk Lắk,mapped
BTS_01078,Fake Telecom Station 01078,15.543722,108.061291,Quảng Nam,Đà Nẵng,mapped
BTS_01079,Fake Telecom Station 01079,15.620243,108.435651,Quảng Nam,Đà Nẵng,mapped
BTS_01080,Fake Telecom Station 01080,21.479707,103.057885,Điện Biên,Điện Biên,mapped
BTS_01081,Fake Telecom Station 01081,9.486098,105.421051,Bạc Liêu,Cà Mau,mapped
BTS_01082,Fake Telecom Station 01082,10.223682,105.180606,Kiên Giang,An Giang,mapped
BTS_01083,Fake Telecom Station 01083,20.186347,105.997446,Ninh Bình,Ninh Bình,mapped
BTS_01084,Fake Telecom Station 01084,21.490941,103.342768,Điện Biên,Điện Biên,mapped
BTS_01085,Fake Telecom Station 01085,12.122074,107.137436,Bình Phước,Đồng Nai,mapped
BTS_01086,Fake Telecom Station 01086,11.406859,106.399398,Bình Dương,TPHCM,mapped
BTS_01087,Fake Telecom Station 01087,14.489724,107.910404,Kon Tum,Quảng Ngãi,mapped
BTS_01088,Fake Telecom Station 01088,22.272263,103.299739,Lai Châu,Lai Châu,mapped
BTS_01089,Fake Telecom Station 01089,18.338687,105.491314,Hà Tĩnh,Hà Tĩnh,mapped
BTS_01090,Fake Telecom Station 01090,20.403386,105.705208,Hòa Bình,Phú Thọ,mapped
BTS_01091,Fake Telecom Station 01091,11.328494,108.565304,Bình Thuận,Lâm Đồng,mapped
BTS_01092,Fake Telecom Station 01092,10.690091,107.750535,Bình Thuận,Lâm Đồng,mapped
BTS_01093,Fake Telecom Station 01093,15.380284,108.661159,Quảng Nam,Đà Nẵng,mapped
BTS_01094,Fake Telecom Station 01094,9.767781,106.326513,Trà Vinh,Vĩnh Long,mapped
BTS_01095,Fake Telecom Station 01095,11.210498,108.20321,Bình Thuận,Lâm Đồng,mapped
BTS_01096,Fake Telecom Station 01096,9.384793,104.866194,Cà Mau,Cà Mau,mapped
BTS_01097,Fake Telecom Station 01097,14.777698,108.07553,Kon Tum,Quảng Ngãi,mapped
BTS_01098,Fake Telecom Station 01098,19.939303,105.704543,Thanh Hóa,Thanh Hóa,mapped
BTS_01099,Fake Telecom Station 01099,17.466809,106.316953,Quảng Bình,Quảng Trị,mapped
BTS_01100,Fake Telecom Station 01100,10.39282,104.606291,Kiên Giang,An Giang,mapped
BTS_01101,Fake Telecom Station 01101,14.082968,108.590886,Gia Lai,Gia Lai,mapped
BTS_01102,Fake Telecom Station 01102,9.744282,105.466708,Hậu Giang,Cần Thơ,mapped
BTS_01103,Fake Telecom Station 01103,12.200847,108.667542,Lâm Đồng,Lâm Đồng,mapped
BTS_01104,Fake Telecom Station 01104,15.914263,108.205233,Quảng Nam,Đà Nẵng,mapped
BTS_01105,Fake Telecom Station 01105,13.49514,109.122777,Phú Yên,Đắk Lắk,mapped
BTS_01106,Fake Telecom Station 01106,12.835358,109.114176,Phú Yên,Đắk Lắk,mapped
BTS_01107,Fake Telecom Station 01107,22.027552,106.366397,Lạng Sơn,Lạng Sơn,mapped
BTS_01108,Fake Telecom Station 01108,21.976247,106.189273,Lạng Sơn,Lạng Sơn,mapped
BTS_01109,Fake Telecom Station 01109,13.302099,108.211972,Đắk Lắk,Đắk Lắk,mapped
BTS_01110,Fake Telecom Station 01110,11.07037,107.804608,Bình Thuận,Lâm Đồng,mapped
BTS_01111,Fake Telecom Station 01111,21.629714,105.976807,Thái Nguyên,Thái Nguyên,mapped
BTS_01112,Fake Telecom Station 01112,9.298273,105.508447,Bạc Liêu,Cà Mau,mapped
BTS_01113,Fake Telecom Station 01113,20.937985,103.802204,Sơn La,Sơn La,mapped
BTS_01114,Fake Telecom Station 01114,11.270321,108.020319,Bình Thuận,Lâm Đồng,mapped
BTS_01115,Fake Telecom Station 01115,11.14653,107.733833,Bình Thuận,Lâm Đồng,mapped
BTS_01116,Fake Telecom Station 01116,22.598137,104.075874,Lào Cai,Lào Cai,mapped
BTS_01117,Fake Telecom Station 01117,18.261376,105.769413,Hà Tĩnh,Hà Tĩnh,mapped
BTS_01118,Fake Telecom Station 01118,14.291037,107.860084,Kon Tum,Quảng Ngãi,mapped
BTS_01119,Fake Telecom Station 01119,22.02139,105.717772,Thái Nguyên,Thái Nguyên,mapped
BTS_01120,Fake Telecom Station 01120,11.774735,108.724123,Ninh Thuận,Khánh Hòa,mapped
BTS_01121,Fake Telecom Station 01121,21.162127,107.027219,Quảng Ninh,Quảng Ninh,mapped
BTS_01122,Fake Telecom Station 01122,11.495068,107.060149,Bình Phước,Đồng Nai,mapped
BTS_01123,Fake Telecom Station 01123,22.147261,105.433467,Tuyên Quang,Tuyên Quang,mapped
BTS_01124,Fake Telecom Station 01124,20.51986,105.710977,Hòa Bình,Phú Thọ,mapped
BTS_01125,Fake Telecom Station 01125,10.166502,105.96058,Vĩnh Long,Vĩnh Long,mapped
BTS_01126,Fake Telecom Station 01126,21.07474,103.918889,Sơn La,Sơn La,mapped
BTS_01127,Fake Telecom Station 01127,19.314594,105.00779,Nghệ An,Nghệ An,mapped
BTS_01128,Fake Telecom Station 01128,9.384708,105.698356,Bạc Liêu,Cà Mau,mapped
BTS_01129,Fake Telecom Station 01129,13.906312,107.64358,Gia Lai,Gia Lai,mapped
BTS_01130,Fake Telecom Station 01130,11.156875,107.084486,Đồng Nai,Đồng Nai,mapped
BTS_01131,Fake Telecom Station 01131,22.315781,105.086814,Tuyên Quang,Tuyên Quang,mapped
BTS_01132,Fake Telecom Station 01132,22.468226,104.911719,Hà Giang,Tuyên Quang,mapped
BTS_01133,Fake Telecom Station 01133,21.754935,104.318686,Yên Bái,Lào Cai,mapped
BTS_01134,Fake Telecom Station 01134,22.262362,104.27466,Lào Cai,Lào Cai,mapped
BTS_01135,Fake Telecom Station 01135,20.365214,105.291831,Thanh Hóa,Thanh Hóa,mapped
BTS_01136,Fake Telecom Station 01136,19.082549,105.17588,Nghệ An,Nghệ An,mapped
BTS_01137,Fake Telecom Station 01137,9.632684,105.681877,Sóc Trăng,Cần Thơ,mapped
BTS_01138,Fake Telecom Station 01138,13.011395,109.155333,Phú Yên,Đắk Lắk,mapped
BTS_01139,Fake Telecom Station 01139,17.571754,106.302091,Quảng Bình,Quảng Trị,mapped
BTS_01140,Fake Telecom Station 01140,19.568351,104.970244,Nghệ An,Nghệ An,mapped
BTS_01141,Fake Telecom Station 01141,21.613867,106.845504,Lạng Sơn,Lạng Sơn,mapped
BTS_01142,Fake Telecom Station 01142,22.288071,103.473887,Lai Châu,Lai Châu,mapped
BTS_01143,Fake Telecom Station 01143,21.608796,103.511377,Điện Biên,Điện Biên,mapped
BTS_01144,Fake Telecom Station 01144,21.661115,104.474299,Yên Bái,Lào Cai,mapped
BTS_01145,Fake Telecom Station 01145,15.43483,107.642524,Quảng Nam,Đà Nẵng,mapped
BTS_01146,Fake Telecom Station 01146,12.163719,109.107974,Khánh Hòa,Khánh Hòa,mapped
BTS_01147,Fake Telecom Station 01147,12.973924,108.361386,Đắk Lắk,Đắk Lắk,mapped
BTS_01148,Fake Telecom Station 01148,22.091711,102.758268,Điện Biên,Điện Biên,mapped
BTS_01149,Fake Telecom Station 01149,12.339406,108.817126,Khánh Hòa,Khánh Hòa,mapped
BTS_01150,Fake Telecom Station 01150,20.365363,105.021673,Thanh Hóa,Thanh Hóa,mapped
BTS_01151,Fake Telecom Station 01151,11.240435,107.796099,Bình Thuận,Lâm Đồng,mapped
BTS_01152,Fake Telecom Station 01152,18.658354,105.573764,Nghệ An,Nghệ An,mapped
BTS_01153,Fake Telecom Station 01153,8.876195,104.848672,Cà Mau,Cà Mau,mapped
BTS_01154,Fake Telecom Station 01154,20.708478,105.798883,Hà Nội	,Hà Nội,mapped
BTS_01155,Fake Telecom Station 01155,11.585665,108.4202,Lâm Đồng,Lâm Đồng,mapped
BTS_01156,Fake Telecom Station 01156,10.255678,106.637143,Bến Tre,Vĩnh Long,mapped
BTS_01157,Fake Telecom Station 01157,21.527618,104.087145,Sơn La,Sơn La,mapped
BTS_01158,Fake Telecom Station 01158,14.422006,108.984191,Bình Định,Gia Lai,mapped
BTS_01159,Fake Telecom Station 01159,19.297278,104.861097,Nghệ An,Nghệ An,mapped
BTS_01160,Fake Telecom Station 01160,10.22457,105.026162,Kiên Giang,An Giang,mapped
BTS_01161,Fake Telecom Station 01161,14.536117,107.679,Kon Tum,Quảng Ngãi,mapped
BTS_01162,Fake Telecom Station 01162,19.83104,105.84338,Thanh Hóa,Thanh Hóa,mapped
BTS_01163,Fake Telecom Station 01163,13.930665,108.718451,Gia Lai,Gia Lai,mapped
BTS_01164,Fake Telecom Station 01164,16.405941,107.492667,Thừa Thiên Huế,Huế,mapped
BTS_01165,Fake Telecom Station 01165,9.11354,104.965894,Cà Mau,Cà Mau,mapped
BTS_01166,Fake Telecom Station 01166,9.779506,105.214333,Kiên Giang,An Giang,mapped
BTS_01167,Fake Telecom Station 01167,18.220945,106.019031,Hà Tĩnh,Hà Tĩnh,mapped
BTS_01168,Fake Telecom Station 01168,11.176997,106.857148,Bình Dương,TPHCM,mapped
BTS_01169,Fake Telecom Station 01169,18.966728,105.197678,Nghệ An,Nghệ An,mapped
BTS_01170,Fake Telecom Station 01170,13.520801,108.908722,Phú Yên,Đắk Lắk,mapped
BTS_01171,Fake Telecom Station 01171,21.161301,107.177213,Quảng Ninh,Quảng Ninh,mapped
BTS_01172,Fake Telecom Station 01172,21.872237,106.953904,Lạng Sơn,Lạng Sơn,mapped
BTS_01173,Fake Telecom Station 01173,22.221993,103.567242,Lai Châu,Lai Châu,mapped
BTS_01174,Fake Telecom Station 01174,22.207268,103.522973,Lai Châu,Lai Châu,mapped
BTS_01175,Fake Telecom Station 01175,20.978958,107.040014,Quảng Ninh,Quảng Ninh,mapped
BTS_01176,Fake Telecom Station 01176,14.745282,108.897949,Quảng Ngãi,Quảng Ngãi,mapped
BTS_01177,Fake Telecom Station 01177,9.875913,105.011199,Kiên Giang,An Giang,mapped
BTS_01178,Fake Telecom Station 01178,14.845557,108.764159,Quảng Ngãi,Quảng Ngãi,mapped
BTS_01179,Fake Telecom Station 01179,21.585282,106.858921,Bắc Giang,Bắc Ninh,mapped
BTS_01180,Fake Telecom Station 01180,22.807426,106.257286,Cao Bằng,Cao Bằng,mapped
BTS_01181,Fake Telecom Station 01181,10.698987,106.360989,Long An,Tây Ninh,mapped
BTS_01182,Fake Telecom Station 01182,12.823644,107.570009,Đắk Lắk,Đắk Lắk,mapped
BTS_01183,Fake Telecom Station 01183,22.65655,106.618177,Cao Bằng,Cao Bằng,mapped
BTS_01184,Fake Telecom Station 01184,22.891186,105.946995,Cao Bằng,Cao Bằng,mapped
BTS_01185,Fake Telecom Station 01185,14.684933,108.094311,Kon Tum,Quảng Ngãi,mapped
BTS_01186,Fake Telecom Station 01186,21.555842,105.124115,Phú Thọ,Phú Thọ,mapped
BTS_01187,Fake Telecom Station 01187,22.336855,103.086873,Lai Châu,Lai Châu,mapped
BTS_01188,Fake Telecom Station 01188,15.930435,107.657783,Quảng Nam,Đà Nẵng,mapped
BTS_01189,Fake Telecom Station 01189,10.220102,105.036096,Kiên Giang,An Giang,mapped
BTS_01190,Fake Telecom Station 01190,14.320884,108.322858,Gia Lai,Gia Lai,mapped
BTS_01191,Fake Telecom Station 01191,16.011858,108.154346,Đà Nẵng,Đà Nẵng,mapped
BTS_01192,Fake Telecom Station 01192,13.873119,107.589285,Gia Lai,Gia Lai,mapped
BTS_01193,Fake Telecom Station 01193,21.633038,104.757155,Yên Bái,Lào Cai,mapped
BTS_01194,Fake Telecom Station 01194,19.030888,105.584533,Nghệ An,Nghệ An,mapped
BTS_01195,Fake Telecom Station 01195,21.051068,104.108453,Sơn La,Sơn La,mapped
BTS_01196,Fake Telecom Station 01196,10.628903,106.232257,Long An,Tây Ninh,mapped
BTS_01197,Fake Telecom Station 01197,19.428365,104.326962,Nghệ An,Nghệ An,mapped
BTS_01198,Fake Telecom Station 01198,22.038747,104.812189,Yên Bái,Lào Cai,mapped
BTS_01199,Fake Telecom Station 01199,19.683553,105.120593,Nghệ An,Nghệ An,mapped
BTS_01200,Fake Telecom Station 01200,22.060289,103.729837,Lai Châu,Lai Châu,mapped
BTS_01201,Fake Telecom Station 01201,21.304224,103.113183,Điện Biên,Điện Biên,mapped
BTS_01202,Fake Telecom Station 01202,21.398075,105.325813,Phú Thọ,Phú Thọ,mapped
BTS_01203,Fake Telecom Station 01203,18.291108,105.571431,Hà Tĩnh,Hà Tĩnh,mapped
BTS_01204,Fake Telecom Station 01204,10.439044,105.352297,An Giang,An Giang,mapped
BTS_01205,Fake Telecom Station 01205,17.668577,106.238869,Quảng Bình,Quảng Trị,mapped
BTS_01206,Fake Telecom Station 01206,10.94405,107.529808,Đồng Nai,Đồng Nai,mapped
BTS_01207,Fake Telecom Station 01207,22.730701,105.9614,Cao Bằng,Cao Bằng,mapped
BTS_01208,Fake Telecom Station 01208,15.864427,108.380182,Quảng Nam,Đà Nẵng,mapped
BTS_01209,Fake Telecom Station 01209,21.140935,106.59658,Quảng Ninh,Quảng Ninh,mapped
BTS_01210,Fake Telecom Station 01210,20.93815,104.562986,Sơn La,Sơn La,mapped
BTS_01211,Fake Telecom Station 01211,9.844403,104.614038,Kiên Giang,An Giang,mapped
BTS_01212,Fake Telecom Station 01212,10.699606,105.969944,Long An,Tây Ninh,mapped
BTS_01213,Fake Telecom Station 01213,19.164835,105.013869,Nghệ An,Nghệ An,mapped
BTS_01214,Fake Telecom Station 01214,22.163935,106.200413,Bắc Kạn,Thái Nguyên,mapped
BTS_01215,Fake Telecom Station 01215,21.834434,106.368684,Lạng Sơn,Lạng Sơn,mapped
BTS_01216,Fake Telecom Station 01216,22.045139,103.147341,Điện Biên,Điện Biên,mapped
BTS_01217,Fake Telecom Station 01217,19.590603,105.183947,Nghệ An,Nghệ An,mapped
BTS_01218,Fake Telecom Station 01218,19.233687,104.382753,Nghệ An,Nghệ An,mapped
BTS_01219,Fake Telecom Station 01219,11.815864,108.729543,Ninh Thuận,Khánh Hòa,mapped
BTS_01220,Fake Telecom Station 01220,9.551896,106.488237,Trà Vinh,Vĩnh Long,mapped
BTS_01221,Fake Telecom Station 01221,15.354101,108.853271,Quảng Ngãi,Quảng Ngãi,mapped
BTS_01222,Fake Telecom Station 01222,21.218978,106.506219,Hải Dương,Hải Phòng,mapped
BTS_01223,Fake Telecom Station 01223,21.971739,103.701265,Lai Châu,Lai Châu,mapped
BTS_01224,Fake Telecom Station 01224,13.499927,107.992474,Gia Lai,Gia Lai,mapped
BTS_01225,Fake Telecom Station 01225,10.932281,106.497748,Ho Chi Minh,TPHCM,mapped
BTS_01226,Fake Telecom Station 01226,16.224477,107.519465,Thừa Thiên Huế,Huế,mapped
BTS_01227,Fake Telecom Station 01227,21.940731,104.546995,Yên Bái,Lào Cai,mapped
BTS_01228,Fake Telecom Station 01228,17.163101,106.5924,Quảng Bình,Quảng Trị,mapped
BTS_01229,Fake Telecom Station 01229,12.737811,108.9372,Đắk Lắk,Đắk Lắk,mapped
BTS_01230,Fake Telecom Station 01230,9.620974,105.686016,Sóc Trăng,Cần Thơ,mapped
BTS_01231,Fake Telecom Station 01231,21.569518,103.458305,Điện Biên,Điện Biên,mapped
BTS_01232,Fake Telecom Station 01232,19.842643,105.083572,Nghệ An,Nghệ An,mapped
BTS_01233,Fake Telecom Station 01233,22.709189,106.187904,Cao Bằng,Cao Bằng,mapped
BTS_01234,Fake Telecom Station 01234,20.163092,106.136902,Ninh Bình,Ninh Bình,mapped
BTS_01235,Fake Telecom Station 01235,13.602637,108.059436,Gia Lai,Gia Lai,mapped
BTS_01236,Fake Telecom Station 01236,21.579824,105.784407,Thái Nguyên,Thái Nguyên,mapped
BTS_01237,Fake Telecom Station 01237,11.991523,106.877861,Bình Phước,Đồng Nai,mapped
BTS_01238,Fake Telecom Station 01238,17.094765,106.846616,Quảng Bình,Quảng Trị,mapped
BTS_01239,Fake Telecom Station 01239,10.561021,106.583798,Long An,Tây Ninh,mapped
BTS_01240,Fake Telecom Station 01240,13.075424,109.31369,Phú Yên,Đắk Lắk,mapped
BTS_01241,Fake Telecom Station 01241,20.212585,106.378815,Nam Định,Ninh Bình,mapped
BTS_01242,Fake Telecom Station 01242,10.979544,106.437433,Ho Chi Minh,TPHCM,mapped
BTS_01243,Fake Telecom Station 01243,13.988544,108.080749,Gia Lai,Gia Lai,mapped
BTS_01244,Fake Telecom Station 01244,20.86393,106.587318,Hải Dương,Hải Phòng,mapped
BTS_01245,Fake Telecom Station 01245,12.82557,107.701519,Đắk Lắk,Đắk Lắk,mapped
BTS_01246,Fake Telecom Station 01246,22.216129,106.284449,Lạng Sơn,Lạng Sơn,mapped
BTS_01247,Fake Telecom Station 01247,13.893667,108.409006,Gia Lai,Gia Lai,mapped
BTS_01248,Fake Telecom Station 01248,11.308002,105.923555,Tây Ninh,Tây Ninh,mapped
BTS_01249,Fake Telecom Station 01249,11.148362,107.748876,Bình Thuận,Lâm Đồng,mapped
BTS_01250,Fake Telecom Station 01250,18.798256,105.259878,Nghệ An,Nghệ An,mapped
BTS_01251,Fake Telecom Station 01251,16.186701,107.320029,Thừa Thiên Huế,Huế,mapped
BTS_01252,Fake Telecom Station 01252,14.892352,108.111471,Kon Tum,Quảng Ngãi,mapped
BTS_01253,Fake Telecom Station 01253,21.178079,105.871397,Hà Nội	,Hà Nội,mapped
BTS_01254,Fake Telecom Station 01254,18.0162,106.15628,Hà Tĩnh,Hà Tĩnh,mapped
BTS_01255,Fake Telecom Station 01255,20.543335,105.840328,Hà Nam,Ninh Bình,mapped
BTS_01256,Fake Telecom Station 01256,21.550546,103.890764,Sơn La,Sơn La,mapped
BTS_01257,Fake Telecom Station 01257,16.821323,106.971617,Quảng Trị,Quảng Trị,mapped
BTS_01258,Fake Telecom Station 01258,12.319041,107.575465,Đắk Nông,Lâm Đồng,mapped
BTS_01259,Fake Telecom Station 01259,9.983613,105.270294,Kiên Giang,An Giang,mapped
BTS_01260,Fake Telecom Station 01260,9.58842,104.866989,Kiên Giang,An Giang,mapped
BTS_01261,Fake Telecom Station 01261,19.017503,105.034273,Nghệ An,Nghệ An,mapped
BTS_01262,Fake Telecom Station 01262,21.772571,104.773097,Yên Bái,Lào Cai,mapped
BTS_01263,Fake Telecom Station 01263,21.58659,104.132424,Sơn La,Sơn La,mapped
BTS_01264,Fake Telecom Station 01264,20.726949,105.950365,Hà Nội	,Hà Nội,mapped
BTS_01265,Fake Telecom Station 01265,17.934064,105.691931,Quảng Bình,Quảng Trị,mapped
BTS_01266,Fake Telecom Station 01266,12.663384,108.229877,Đắk Lắk,Đắk Lắk,mapped
BTS_01267,Fake Telecom Station 01267,22.125835,104.714228,Yên Bái,Lào Cai,mapped
BTS_01268,Fake Telecom Station 01268,21.638156,104.575614,Yên Bái,Lào Cai,mapped
BTS_01269,Fake Telecom Station 01269,11.751447,108.822535,Ninh Thuận,Khánh Hòa,mapped
BTS_01270,Fake Telecom Station 01270,10.740301,107.302301,Đồng Nai,Đồng Nai,mapped
BTS_01271,Fake Telecom Station 01271,21.228727,104.531272,Sơn La,Sơn La,mapped
BTS_01272,Fake Telecom Station 01272,22.880416,105.484413,Cao Bằng,Cao Bằng,mapped
BTS_01273,Fake Telecom Station 01273,10.70896,105.612179,Đồng Tháp,Đồng Tháp,mapped
BTS_01274,Fake Telecom Station 01274,22.119291,104.425138,Yên Bái,Lào Cai,mapped
BTS_01275,Fake Telecom Station 01275,16.296249,107.776631,Thừa Thiên Huế,Huế,mapped
BTS_01276,Fake Telecom Station 01276,22.259591,105.638606,Bắc Kạn,Thái Nguyên,mapped
BTS_01277,Fake Telecom Station 01277,21.46429,105.109085,Phú Thọ,Phú Thọ,mapped
BTS_01278,Fake Telecom Station 01278,21.472558,107.562347,Quảng Ninh,Quảng Ninh,mapped
BTS_01279,Fake Telecom Station 01279,11.162605,106.252735,Tây Ninh,Tây Ninh,mapped
BTS_01280,Fake Telecom Station 01280,19.28346,104.037848,Nghệ An,Nghệ An,mapped
BTS_01281,Fake Telecom Station 01281,19.406481,104.984286,Nghệ An,Nghệ An,mapped
BTS_01282,Fake Telecom Station 01282,11.341314,107.342652,Đồng Nai,Đồng Nai,mapped
BTS_01283,Fake Telecom Station 01283,12.983071,108.224793,Đắk Lắk,Đắk Lắk,mapped
BTS_01284,Fake Telecom Station 01284,20.647809,106.152968,Hưng Yên,Hưng Yên,mapped
BTS_01285,Fake Telecom Station 01285,14.494811,108.775,Bình Định,Gia Lai,mapped
BTS_01286,Fake Telecom Station 01286,21.409797,106.599071,Bắc Giang,Bắc Ninh,mapped
BTS_01287,Fake Telecom Station 01287,9.301297,105.914402,Sóc Trăng,Cần Thơ,mapped
BTS_01288,Fake Telecom Station 01288,22.635431,104.320055,Lào Cai,Lào Cai,mapped
BTS_01289,Fake Telecom Station 01289,11.496167,108.645581,Bình Thuận,Lâm Đồng,mapped
BTS_01290,Fake Telecom Station 01290,19.458658,105.737061,Thanh Hóa,Thanh Hóa,mapped
BTS_01291,Fake Telecom Station 01291,11.309139,108.330044,Bình Thuận,Lâm Đồng,mapped
BTS_01292,Fake Telecom Station 01292,22.311014,105.739871,Bắc Kạn,Thái Nguyên,mapped
BTS_01293,Fake Telecom Station 01293,20.91658,105.389432,Hòa Bình,Phú Thọ,mapped
BTS_01294,Fake Telecom Station 01294,19.41303,104.737108,Nghệ An,Nghệ An,mapped
BTS_01295,Fake Telecom Station 01295,13.242023,108.950071,Phú Yên,Đắk Lắk,mapped
BTS_01296,Fake Telecom Station 01296,13.204594,107.633772,Đắk Lắk,Đắk Lắk,mapped
BTS_01297,Fake Telecom Station 01297,21.250822,103.021746,Điện Biên,Điện Biên,mapped
BTS_01298,Fake Telecom Station 01298,22.269164,104.847456,Hà Giang,Tuyên Quang,mapped
BTS_01299,Fake Telecom Station 01299,22.041931,102.764576,Điện Biên,Điện Biên,mapped
BTS_01300,Fake Telecom Station 01300,11.634302,107.543878,Lâm Đồng,Lâm Đồng,mapped
BTS_01301,Fake Telecom Station 01301,19.370698,104.090643,Nghệ An,Nghệ An,mapped
BTS_01302,Fake Telecom Station 01302,13.962551,109.069207,Bình Định,Gia Lai,mapped
BTS_01303,Fake Telecom Station 01303,13.283655,108.771439,Gia Lai,Gia Lai,mapped
BTS_01304,Fake Telecom Station 01304,17.883135,106.042984,Quảng Bình,Quảng Trị,mapped
BTS_01305,Fake Telecom Station 01305,14.975121,108.018145,Kon Tum,Quảng Ngãi,mapped
BTS_01306,Fake Telecom Station 01306,11.444992,106.185317,Tây Ninh,Tây Ninh,mapped
BTS_01307,Fake Telecom Station 01307,20.582491,104.668424,Thanh Hóa,Thanh Hóa,mapped
BTS_01308,Fake Telecom Station 01308,18.542996,105.603974,Hà Tĩnh,Hà Tĩnh,mapped
BTS_01309,Fake Telecom Station 01309,22.213801,105.246325,Tuyên Quang,Tuyên Quang,mapped
BTS_01310,Fake Telecom Station 01310,21.631984,103.916374,Sơn La,Sơn La,mapped
BTS_01311,Fake Telecom Station 01311,9.941718,106.569903,Bến Tre,Vĩnh Long,mapped
BTS_01312,Fake Telecom Station 01312,10.497454,106.382978,Long An,Tây Ninh,mapped
BTS_01313,Fake Telecom Station 01313,21.79542,104.887601,Yên Bái,Lào Cai,mapped
BTS_01314,Fake Telecom Station 01314,11.361051,107.454707,Đồng Nai,Đồng Nai,mapped
BTS_01315,Fake Telecom Station 01315,14.545696,108.674272,Gia Lai,Gia Lai,mapped
BTS_01316,Fake Telecom Station 01316,9.644087,105.508951,Hậu Giang,Cần Thơ,mapped
BTS_01317,Fake Telecom Station 01317,11.202306,106.798966,Bình Dương,TPHCM,mapped
BTS_01318,Fake Telecom Station 01318,14.694031,107.881541,Kon Tum,Quảng Ngãi,mapped
BTS_01319,Fake Telecom Station 01319,17.529274,106.282249,Quảng Bình,Quảng Trị,mapped
BTS_01320,Fake Telecom Station 01320,21.982104,104.999197,Yên Bái,Lào Cai,mapped
BTS_01321,Fake Telecom Station 01321,20.82644,106.778078,Hải Phòng,Hải Phòng,mapped
BTS_01322,Fake Telecom Station 01322,9.877048,106.276975,Trà Vinh,Vĩnh Long,mapped
BTS_01323,Fake Telecom Station 01323,10.622908,105.97731,Long An,Tây Ninh,mapped
BTS_01324,Fake Telecom Station 01324,11.16991,108.291322,Bình Thuận,Lâm Đồng,mapped
BTS_01325,Fake Telecom Station 01325,11.123431,107.751236,Bình Thuận,Lâm Đồng,mapped
BTS_01326,Fake Telecom Station 01326,21.695235,106.398175,Lạng Sơn,Lạng Sơn,mapped
BTS_01327,Fake Telecom Station 01327,16.340455,107.112337,Thừa Thiên Huế,Huế,mapped
BTS_01328,Fake Telecom Station 01328,20.148589,106.26314,Nam Định,Ninh Bình,mapped
BTS_01329,Fake Telecom Station 01329,20.118343,106.200148,Nam Định,Ninh Bình,mapped
BTS_01330,Fake Telecom Station 01330,20.939683,105.039531,Hòa Bình,Phú Thọ,mapped
BTS_01331,Fake Telecom Station 01331,11.133088,108.051846,Bình Thuận,Lâm Đồng,mapped
BTS_01332,Fake Telecom Station 01332,20.198629,105.191993,Thanh Hóa,Thanh Hóa,mapped
BTS_01333,Fake Telecom Station 01333,11.096376,107.075534,Đồng Nai,Đồng Nai,mapped
BTS_01334,Fake Telecom Station 01334,16.582999,107.140712,Quảng Trị,Quảng Trị,mapped
BTS_01335,Fake Telecom Station 01335,15.52278,108.565887,Quảng Nam,Đà Nẵng,mapped
BTS_01336,Fake Telecom Station 01336,19.821416,105.809263,Thanh Hóa,Thanh Hóa,mapped
BTS_01337,Fake Telecom Station 01337,10.733717,107.655952,Bình Thuận,Lâm Đồng,mapped
BTS_01338,Fake Telecom Station 01338,15.148745,108.512912,Quảng Ngãi,Quảng Ngãi,mapped
BTS_01339,Fake Telecom Station 01339,22.521504,104.889277,Hà Giang,Tuyên Quang,mapped
BTS_01340,Fake Telecom Station 01340,15.072259,107.654447,Kon Tum,Quảng Ngãi,mapped
BTS_01341,Fake Telecom Station 01341,20.852708,104.73765,Sơn La,Sơn La,mapped
BTS_01342,Fake Telecom Station 01342,12.89169,109.068061,Phú Yên,Đắk Lắk,mapped
BTS_01343,Fake Telecom Station 01343,21.921606,104.629478,Yên Bái,Lào Cai,mapped
BTS_01344,Fake Telecom Station 01344,12.401052,107.60406,Đắk Nông,Lâm Đồng,mapped
BTS_01345,Fake Telecom Station 01345,11.699569,106.46416,Bình Phước,Đồng Nai,mapped
BTS_01346,Fake Telecom Station 01346,13.374738,108.351963,Gia Lai,Gia Lai,mapped
BTS_01347,Fake Telecom Station 01347,13.83008,108.130814,Gia Lai,Gia Lai,mapped
BTS_01348,Fake Telecom Station 01348,19.079643,104.41986,Nghệ An,Nghệ An,mapped
BTS_01349,Fake Telecom Station 01349,20.457749,105.623188,Hòa Bình,Phú Thọ,mapped
BTS_01350,Fake Telecom Station 01350,14.394542,107.802941,Kon Tum,Quảng Ngãi,mapped
BTS_01351,Fake Telecom Station 01351,11.653508,107.167653,Bình Phước,Đồng Nai,mapped
BTS_01352,Fake Telecom Station 01352,14.884733,108.756864,Quảng Ngãi,Quảng Ngãi,mapped
BTS_01353,Fake Telecom Station 01353,19.12835,104.283741,Nghệ An,Nghệ An,mapped
BTS_01354,Fake Telecom Station 01354,21.867358,105.611399,Thái Nguyên,Thái Nguyên,mapped
BTS_01355,Fake Telecom Station 01355,11.408566,108.369906,Bình Thuận,Lâm Đồng,mapped
BTS_01356,Fake Telecom Station 01356,19.601206,104.245911,Nghệ An,Nghệ An,mapped
BTS_01357,Fake Telecom Station 01357,16.536769,107.457619,Thừa Thiên Huế,Huế,mapped
BTS_01358,Fake Telecom Station 01358,21.557163,104.578793,Yên Bái,Lào Cai,mapped
BTS_01359,Fake Telecom Station 01359,11.538364,106.114971,Tây Ninh,Tây Ninh,mapped
BTS_01360,Fake Telecom Station 01360,19.978392,105.959046,Thanh Hóa,Thanh Hóa,mapped
BTS_01361,Fake Telecom Station 01361,21.48272,106.647906,Bắc Giang,Bắc Ninh,mapped
BTS_01362,Fake Telecom Station 01362,11.339929,108.532457,Bình Thuận,Lâm Đồng,mapped
BTS_01363,Fake Telecom Station 01363,10.038446,105.913869,Vĩnh Long,Vĩnh Long,mapped
BTS_01364,Fake Telecom Station 01364,12.743857,108.695016,Đắk Lắk,Đắk Lắk,mapped
BTS_01365,Fake Telecom Station 01365,13.011622,109.085922,Phú Yên,Đắk Lắk,mapped
BTS_01366,Fake Telecom Station 01366,12.333579,107.864211,Đắk Nông,Lâm Đồng,mapped
BTS_01367,Fake Telecom Station 01367,22.95475,105.693024,Cao Bằng,Cao Bằng,mapped
BTS_01368,Fake Telecom Station 01368,19.454456,104.548999,Nghệ An,Nghệ An,mapped
BTS_01369,Fake Telecom Station 01369,21.151855,105.417933,Hà Nội	,Hà Nội,mapped
BTS_01370,Fake Telecom Station 01370,11.673903,108.3211,Lâm Đồng,Lâm Đồng,mapped
BTS_01371,Fake Telecom Station 01371,11.013391,105.779465,Long An,Tây Ninh,mapped
BTS_01372,Fake Telecom Station 01372,12.650956,108.626157,Đắk Lắk,Đắk Lắk,mapped
BTS_01373,Fake Telecom Station 01373,19.766666,104.941622,Nghệ An,Nghệ An,mapped
BTS_01374,Fake Telecom Station 01374,11.997422,107.354325,Đắk Nông,Lâm Đồng,mapped
BTS_01375,Fake Telecom Station 01375,17.930506,105.875018,Quảng Bình,Quảng Trị,mapped
BTS_01376,Fake Telecom Station 01376,13.090418,108.234501,Đắk Lắk,Đắk Lắk,mapped
BTS_01377,Fake Telecom Station 01377,19.338856,104.071812,Nghệ An,Nghệ An,mapped
BTS_01378,Fake Telecom Station 01378,16.984884,106.510069,Quảng Bình,Quảng Trị,mapped
BTS_01379,Fake Telecom Station 01379,22.063327,102.638096,Điện Biên,Điện Biên,mapped
BTS_01380,Fake Telecom Station 01380,12.879692,108.219014,Đắk Lắk,Đắk Lắk,mapped
BTS_01381,Fake Telecom Station 01381,12.603729,109.428846,Khánh Hòa,Khánh Hòa,mapped
BTS_01382,Fake Telecom Station 01382,20.217995,105.396155,Thanh Hóa,Thanh Hóa,mapped
BTS_01383,Fake Telecom Station 01383,10.031129,105.673987,Cần Thơ,Cần Thơ,mapped
BTS_01384,Fake Telecom Station 01384,9.491337,106.233772,Sóc Trăng,Cần Thơ,mapped
BTS_01385,Fake Telecom Station 01385,16.233575,107.809064,Thừa Thiên Huế,Huế,mapped
BTS_01386,Fake Telecom Station 01386,18.187428,105.659066,Hà Tĩnh,Hà Tĩnh,mapped
BTS_01387,Fake Telecom Station 01387,20.62009,105.56993,Hòa Bình,Phú Thọ,mapped
BTS_01388,Fake Telecom Station 01388,21.027542,107.555445,Quảng Ninh,Quảng Ninh,mapped
BTS_01389,Fake Telecom Station 01389,20.716407,105.366254,Hòa Bình,Phú Thọ,mapped
BTS_01390,Fake Telecom Station 01390,11.64796,108.466906,Lâm Đồng,Lâm Đồng,mapped
BTS_01391,Fake Telecom Station 01391,22.425399,103.997191,Lào Cai,Lào Cai,mapped
BTS_01392,Fake Telecom Station 01392,21.473225,105.343939,Phú Thọ,Phú Thọ,mapped
BTS_01393,Fake Telecom Station 01393,12.12082,107.265689,Đắk Nông,Lâm Đồng,mapped
BTS_01394,Fake Telecom Station 01394,20.773951,103.760035,Sơn La,Sơn La,mapped
BTS_01395,Fake Telecom Station 01395,21.766069,103.663,Sơn La,Sơn La,mapped
BTS_01396,Fake Telecom Station 01396,10.006323,106.567202,Bến Tre,Vĩnh Long,mapped
BTS_01397,Fake Telecom Station 01397,22.151824,106.236156,Bắc Kạn,Thái Nguyên,mapped
BTS_01398,Fake Telecom Station 01398,13.512364,109.120569,Phú Yên,Đắk Lắk,mapped
BTS_01399,Fake Telecom Station 01399,10.229205,105.340555,Cần Thơ,Cần Thơ,mapped
BTS_01400,Fake Telecom Station 01400,15.305207,108.285739,Quảng Nam,Đà Nẵng,mapped
BTS_01401,Fake Telecom Station 01401,10.958526,106.618816,Ho Chi Minh,TPHCM,mapped
BTS_01402,Fake Telecom Station 01402,12.866863,108.898742,Phú Yên,Đắk Lắk,mapped
BTS_01403,Fake Telecom Station 01403,20.620405,106.182377,Thái Bình,Hưng Yên,mapped
BTS_01404,Fake Telecom Station 01404,22.675521,103.452136,Lai Châu,Lai Châu,mapped
BTS_01405,Fake Telecom Station 01405,12.232688,108.478817,Lâm Đồng,Lâm Đồng,mapped
BTS_01406,Fake Telecom Station 01406,22.164652,103.501098,Lai Châu,Lai Châu,mapped
BTS_01407,Fake Telecom Station 01407,22.743428,106.796238,Cao Bằng,Cao Bằng,mapped
BTS_01408,Fake Telecom Station 01408,21.237788,105.673427,Vĩnh Phúc,Phú Thọ,mapped
BTS_01409,Fake Telecom Station 01409,12.875194,108.626504,Đắk Lắk,Đắk Lắk,mapped
BTS_01410,Fake Telecom Station 01410,21.24455,104.730121,Sơn La,Sơn La,mapped
BTS_01411,Fake Telecom Station 01411,14.349124,108.364276,Gia Lai,Gia Lai,mapped
BTS_01412,Fake Telecom Station 01412,22.841697,106.52968,Cao Bằng,Cao Bằng,mapped
BTS_01413,Fake Telecom Station 01413,13.238544,108.407384,Đắk Lắk,Đắk Lắk,mapped
BTS_01414,Fake Telecom Station 01414,22.308379,105.672732,Bắc Kạn,Thái Nguyên,mapped
BTS_01415,Fake Telecom Station 01415,14.428172,109.041377,Bình Định,Gia Lai,mapped
BTS_01416,Fake Telecom Station 01416,14.040264,108.234843,Gia Lai,Gia Lai,mapped
BTS_01417,Fake Telecom Station 01417,22.709339,105.661972,Bắc Kạn,Thái Nguyên,mapped
BTS_01418,Fake Telecom Station 01418,21.671501,106.574835,Lạng Sơn,Lạng Sơn,mapped
BTS_01419,Fake Telecom Station 01419,21.261584,106.582615,Hải Dương,Hải Phòng,mapped
BTS_01420,Fake Telecom Station 01420,12.861269,109.307753,Phú Yên,Đắk Lắk,mapped
BTS_01421,Fake Telecom Station 01421,22.433795,103.953249,Lào Cai,Lào Cai,mapped
BTS_01422,Fake Telecom Station 01422,20.784686,103.751525,Sơn La,Sơn La,mapped
BTS_01423,Fake Telecom Station 01423,10.155985,105.219416,Kiên Giang,An Giang,mapped
BTS_01424,Fake Telecom Station 01424,15.192137,108.746383,Quảng Ngãi,Quảng Ngãi,mapped
BTS_01425,Fake Telecom Station 01425,19.061939,105.394191,Nghệ An,Nghệ An,mapped
BTS_01426,Fake Telecom Station 01426,22.694576,105.403816,Hà Giang,Tuyên Quang,mapped
BTS_01427,Fake Telecom Station 01427,21.619837,106.105153,Thái Nguyên,Thái Nguyên,mapped
BTS_01428,Fake Telecom Station 01428,12.262733,108.418427,Đắk Lắk,Đắk Lắk,mapped
BTS_01429,Fake Telecom Station 01429,22.7246,106.254068,Cao Bằng,Cao Bằng,mapped
BTS_01430,Fake Telecom Station 01430,17.137673,106.995417,Quảng Trị,Quảng Trị,mapped
BTS_01431,Fake Telecom Station 01431,21.217785,106.956653,Quảng Ninh,Quảng Ninh,mapped
BTS_01432,Fake Telecom Station 01432,21.968812,103.421046,Điện Biên,Điện Biên,mapped
BTS_01433,Fake Telecom Station 01433,9.428482,105.002083,Cà Mau,Cà Mau,mapped
BTS_01434,Fake Telecom Station 01434,20.221772,105.012782,Thanh Hóa,Thanh Hóa,mapped
BTS_01435,Fake Telecom Station 01435,22.387095,103.456546,Lai Châu,Lai Châu,mapped
BTS_01436,Fake Telecom Station 01436,18.923002,105.308668,Nghệ An,Nghệ An,mapped
BTS_01437,Fake Telecom Station 01437,20.794362,103.752531,Sơn La,Sơn La,mapped
BTS_01438,Fake Telecom Station 01438,20.919111,106.225235,Hải Dương,Hải Phòng,mapped
BTS_01439,Fake Telecom Station 01439,10.209655,104.669965,Kiên Giang,An Giang,mapped
BTS_01440,Fake Telecom Station 01440,14.417745,108.16292,Kon Tum,Quảng Ngãi,mapped
BTS_01441,Fake Telecom Station 01441,22.15975,105.93589,Bắc Kạn,Thái Nguyên,mapped
BTS_01442,Fake Telecom Station 01442,16.315795,107.478501,Thừa Thiên Huế,Huế,mapped
BTS_01443,Fake Telecom Station 01443,14.880187,107.680968,Kon Tum,Quảng Ngãi,mapped
BTS_01444,Fake Telecom Station 01444,11.697333,106.482813,Bình Phước,Đồng Nai,mapped
BTS_01445,Fake Telecom Station 01445,14.421138,108.465176,Gia Lai,Gia Lai,mapped
BTS_01446,Fake Telecom Station 01446,22.072429,103.820791,Lai Châu,Lai Châu,mapped
BTS_01447,Fake Telecom Station 01447,15.494438,107.858393,Quảng Nam,Đà Nẵng,mapped
BTS_01448,Fake Telecom Station 01448,21.468161,104.973881,Phú Thọ,Phú Thọ,mapped
BTS_01449,Fake Telecom Station 01449,22.921705,105.174398,Hà Giang,Tuyên Quang,mapped
BTS_01450,Fake Telecom Station 01450,14.201069,108.509129,Gia Lai,Gia Lai,mapped
BTS_01451,Fake Telecom Station 01451,13.746342,107.659157,Gia Lai,Gia Lai,mapped
BTS_01452,Fake Telecom Station 01452,9.946897,105.809483,Cần Thơ,Cần Thơ,mapped
BTS_01453,Fake Telecom Station 01453,10.136221,105.917049,Vĩnh Long,Vĩnh Long,mapped
BTS_01454,Fake Telecom Station 01454,10.833815,105.134414,An Giang,An Giang,mapped
BTS_01455,Fake Telecom Station 01455,10.616459,107.689531,Bình Thuận,Lâm Đồng,mapped
BTS_01456,Fake Telecom Station 01456,12.854288,108.394651,Đắk Lắk,Đắk Lắk,mapped
BTS_01457,Fake Telecom Station 01457,18.157037,105.731624,Hà Tĩnh,Hà Tĩnh,mapped
BTS_01458,Fake Telecom Station 01458,19.168511,105.06782,Nghệ An,Nghệ An,mapped
BTS_01459,Fake Telecom Station 01459,14.564985,107.707067,Kon Tum,Quảng Ngãi,mapped
BTS_01460,Fake Telecom Station 01460,12.15411,107.630196,Đắk Nông,Lâm Đồng,mapped
BTS_01461,Fake Telecom Station 01461,12.32526,108.202364,Đắk Lắk,Đắk Lắk,mapped
BTS_01462,Fake Telecom Station 01462,22.002014,105.532148,Tuyên Quang,Tuyên Quang,mapped
BTS_01463,Fake Telecom Station 01463,9.597009,106.07516,Sóc Trăng,Cần Thơ,mapped
BTS_01464,Fake Telecom Station 01464,10.37273,105.074141,An Giang,An Giang,mapped
BTS_01465,Fake Telecom Station 01465,10.487451,105.853476,Đồng Tháp,Đồng Tháp,mapped
BTS_01466,Fake Telecom Station 01466,10.487929,107.086879,Bà Rịa–Vũng Tàu,TPHCM,mapped
BTS_01467,Fake Telecom Station 01467,9.409129,106.161933,Sóc Trăng,Cần Thơ,mapped
BTS_01468,Fake Telecom Station 01468,14.05015,107.719647,Gia Lai,Gia Lai,mapped
BTS_01469,Fake Telecom Station 01469,20.816872,105.029025,Sơn La,Sơn La,mapped
BTS_01470,Fake Telecom Station 01470,19.887679,105.256444,Thanh Hóa,Thanh Hóa,mapped
BTS_01471,Fake Telecom Station 01471,11.796843,107.228674,Bình Phước,Đồng Nai,mapped
BTS_01472,Fake Telecom Station 01472,18.945734,105.089163,Nghệ An,Nghệ An,mapped
BTS_01473,Fake Telecom Station 01473,11.705712,107.398017,Lâm Đồng,Lâm Đồng,mapped
BTS_01474,Fake Telecom Station 01474,18.754471,105.311171,Nghệ An,Nghệ An,mapped
BTS_01475,Fake Telecom Station 01475,9.825394,104.918373,Kiên Giang,An Giang,mapped
BTS_01476,Fake Telecom Station 01476,21.299125,102.924686,Điện Biên,Điện Biên,mapped
BTS_01477,Fake Telecom Station 01477,21.466416,107.75518,Quảng Ninh,Quảng Ninh,mapped
BTS_01478,Fake Telecom Station 01478,19.503462,105.089394,Nghệ An,Nghệ An,mapped
BTS_01479,Fake Telecom Station 01479,21.858605,106.253426,Lạng Sơn,Lạng Sơn,mapped
BTS_01480,Fake Telecom Station 01480,22.211123,104.077274,Lào Cai,Lào Cai,mapped
BTS_01481,Fake Telecom Station 01481,21.277347,103.93868,Sơn La,Sơn La,mapped
BTS_01482,Fake Telecom Station 01482,21.308421,106.394174,Bắc Giang,Bắc Ninh,mapped
BTS_01483,Fake Telecom Station 01483,19.536123,105.750698,Thanh Hóa,Thanh Hóa,mapped
BTS_01484,Fake Telecom Station 01484,10.668264,105.160894,An Giang,An Giang,mapped
BTS_01485,Fake Telecom Station 01485,11.393862,108.012334,Lâm Đồng,Lâm Đồng,mapped
BTS_01486,Fake Telecom Station 01486,11.337994,105.991498,Tây Ninh,Tây Ninh,mapped
BTS_01487,Fake Telecom Station 01487,22.163536,105.109427,Tuyên Quang,Tuyên Quang,mapped
BTS_01488,Fake Telecom Station 01488,13.807083,108.512513,Gia Lai,Gia Lai,mapped
BTS_01489,Fake Telecom Station 01489,22.462141,102.609309,Lai Châu,Lai Châu,mapped
BTS_01490,Fake Telecom Station 01490,21.623457,105.726918,Thái Nguyên,Thái Nguyên,mapped
BTS_01491,Fake Telecom Station 01491,22.161817,104.378343,Lào Cai,Lào Cai,mapped
BTS_01492,Fake Telecom Station 01492,21.50449,107.696256,Quảng Ninh,Quảng Ninh,mapped
BTS_01493,Fake Telecom Station 01493,19.195108,105.050516,Nghệ An,Nghệ An,mapped
BTS_01494,Fake Telecom Station 01494,22.042368,106.596807,Lạng Sơn,Lạng Sơn,mapped
BTS_01495,Fake Telecom Station 01495,14.227529,108.985963,Bình Định,Gia Lai,mapped
BTS_01496,Fake Telecom Station 01496,14.051236,108.629451,Gia Lai,Gia Lai,mapped
BTS_01497,Fake Telecom Station 01497,21.937679,105.4401,Tuyên Quang,Tuyên Quang,mapped
BTS_01498,Fake Telecom Station 01498,13.973366,109.080049,Bình Định,Gia Lai,mapped
BTS_01499,Fake Telecom Station 01499,15.249394,108.70389,Quảng Ngãi,Quảng Ngãi,mapped
BTS_01500,Fake Telecom Station 01500,19.81697,105.331723,Thanh Hóa,Thanh Hóa,mapped
BTS_01501,Fake Telecom Station 01501,10.777679,105.852219,Long An,Tây Ninh,mapped
BTS_01502,Fake Telecom Station 01502,21.643627,106.196042,Thái Nguyên,Thái Nguyên,mapped
BTS_01503,Fake Telecom Station 01503,15.846279,107.518952,Quảng Nam,Đà Nẵng,mapped
BTS_01504,Fake Telecom Station 01504,14.19928,107.4913,Kon Tum,Quảng Ngãi,mapped
BTS_01505,Fake Telecom Station 01505,13.938913,107.992573,Gia Lai,Gia Lai,mapped
BTS_01506,Fake Telecom Station 01506,10.846121,105.395562,Đồng Tháp,Đồng Tháp,mapped
BTS_01507,Fake Telecom Station 01507,20.735167,106.479656,Hải Phòng,Hải Phòng,mapped
BTS_01508,Fake Telecom Station 01508,14.482565,108.716991,Bình Định,Gia Lai,mapped
BTS_01509,Fake Telecom Station 01509,17.804987,105.998925,Quảng Bình,Quảng Trị,mapped
BTS_01510,Fake Telecom Station 01510,20.875223,106.489952,Hải Dương,Hải Phòng,mapped
BTS_01511,Fake Telecom Station 01511,10.836094,105.994929,Long An,Tây Ninh,mapped
BTS_01512,Fake Telecom Station 01512,9.91199,105.01434,Kiên Giang,An Giang,mapped
BTS_01513,Fake Telecom Station 01513,23.042426,105.568562,Cao Bằng,Cao Bằng,mapped
BTS_01514,Fake Telecom Station 01514,21.286177,105.448709,Hà Nội	,Hà Nội,mapped
BTS_01515,Fake Telecom Station 01515,15.463558,107.849513,Quảng Nam,Đà Nẵng,mapped
BTS_01516,Fake Telecom Station 01516,11.513635,108.493654,Bình Thuận,Lâm Đồng,mapped
BTS_01517,Fake Telecom Station 01517,13.365585,108.49195,Gia Lai,Gia Lai,mapped
BTS_01518,Fake Telecom Station 01518,21.204325,103.336468,Điện Biên,Điện Biên,mapped
BTS_01519,Fake Telecom Station 01519,11.883389,106.624872,Bình Phước,Đồng Nai,mapped
BTS_01520,Fake Telecom Station 01520,12.059123,108.521301,Lâm Đồng,Lâm Đồng,mapped
BTS_01521,Fake Telecom Station 01521,13.590959,107.757135,Gia Lai,Gia Lai,mapped
BTS_01522,Fake Telecom Station 01522,21.369291,105.796865,Vĩnh Phúc,Phú Thọ,mapped
BTS_01523,Fake Telecom Station 01523,21.078785,106.8149,Quảng Ninh,Quảng Ninh,mapped
BTS_01524,Fake Telecom Station 01524,11.053878,106.251419,Tây Ninh,Tây Ninh,mapped
BTS_01525,Fake Telecom Station 01525,11.133152,106.317385,Tây Ninh,Tây Ninh,mapped
BTS_01526,Fake Telecom Station 01526,19.908478,105.501827,Thanh Hóa,Thanh Hóa,mapped
BTS_01527,Fake Telecom Station 01527,10.695698,107.084083,Đồng Nai,Đồng Nai,mapped
BTS_01528,Fake Telecom Station 01528,22.512905,103.400128,Lai Châu,Lai Châu,mapped
BTS_01529,Fake Telecom Station 01529,20.611046,105.155545,Hòa Bình,Phú Thọ,mapped
BTS_01530,Fake Telecom Station 01530,22.341996,104.116337,Lào Cai,Lào Cai,mapped
BTS_01531,Fake Telecom Station 01531,20.697379,106.284637,Hưng Yên,Hưng Yên,mapped
BTS_01532,Fake Telecom Station 01532,10.013595,106.576253,Bến Tre,Vĩnh Long,mapped
BTS_01533,Fake Telecom Station 01533,12.17333,107.160145,Bình Phước,Đồng Nai,mapped
BTS_01534,Fake Telecom Station 01534,10.833474,107.015018,Đồng Nai,Đồng Nai,mapped
BTS_01535,Fake Telecom Station 01535,21.946687,104.342323,Lào Cai,Lào Cai,mapped
BTS_01536,Fake Telecom Station 01536,22.224614,103.486332,Lai Châu,Lai Châu,mapped
BTS_01537,Fake Telecom Station 01537,13.3865,108.744221,Gia Lai,Gia Lai,mapped
BTS_01538,Fake Telecom Station 01538,13.228221,108.734465,Gia Lai,Gia Lai,mapped
BTS_01539,Fake Telecom Station 01539,10.470568,107.261046,Bà Rịa–Vũng Tàu,TPHCM,mapped
BTS_01540,Fake Telecom Station 01540,12.785421,108.376648,Đắk Lắk,Đắk Lắk,mapped
BTS_01541,Fake Telecom Station 01541,22.247632,102.304993,Điện Biên,Điện Biên,mapped
BTS_01542,Fake Telecom Station 01542,22.151934,106.508775,Lạng Sơn,Lạng Sơn,mapped
BTS_01543,Fake Telecom Station 01543,10.238599,105.011235,Kiên Giang,An Giang,mapped
BTS_01544,Fake Telecom Station 01544,21.230192,106.716142,Bắc Giang,Bắc Ninh,mapped
BTS_01545,Fake Telecom Station 01545,15.034567,107.647812,Kon Tum,Quảng Ngãi,mapped
BTS_01546,Fake Telecom Station 01546,10.108198,106.200076,Vĩnh Long,Vĩnh Long,mapped
BTS_01547,Fake Telecom Station 01547,21.829927,105.242755,Tuyên Quang,Tuyên Quang,mapped
BTS_01548,Fake Telecom Station 01548,11.632836,109.160393,Ninh Thuận,Khánh Hòa,mapped
BTS_01549,Fake Telecom Station 01549,20.705401,104.893161,Hòa Bình,Phú Thọ,mapped
BTS_01550,Fake Telecom Station 01550,22.697706,105.106551,Hà Giang,Tuyên Quang,mapped
BTS_01551,Fake Telecom Station 01551,9.764573,104.974517,Kiên Giang,An Giang,mapped
BTS_01552,Fake Telecom Station 01552,10.860707,105.394743,Đồng Tháp,Đồng Tháp,mapped
BTS_01553,Fake Telecom Station 01553,18.790589,105.362408,Nghệ An,Nghệ An,mapped
BTS_01554,Fake Telecom Station 01554,11.878073,106.61271,Bình Phước,Đồng Nai,mapped
BTS_01555,Fake Telecom Station 01555,11.152762,106.49129,Bình Dương,TPHCM,mapped
BTS_01556,Fake Telecom Station 01556,22.946831,105.349823,Hà Giang,Tuyên Quang,mapped
BTS_01557,Fake Telecom Station 01557,20.740632,105.172902,Hòa Bình,Phú Thọ,mapped
BTS_01558,Fake Telecom Station 01558,11.795073,108.775906,Ninh Thuận,Khánh Hòa,mapped
BTS_01559,Fake Telecom Station 01559,11.554844,108.933507,Ninh Thuận,Khánh Hòa,mapped
BTS_01560,Fake Telecom Station 01560,11.921307,106.989698,Bình Phước,Đồng Nai,mapped
BTS_01561,Fake Telecom Station 01561,11.378836,107.902453,Lâm Đồng,Lâm Đồng,mapped
BTS_01562,Fake Telecom Station 01562,12.29673,109.026808,Khánh Hòa,Khánh Hòa,mapped
BTS_01563,Fake Telecom Station 01563,19.272029,104.439202,Nghệ An,Nghệ An,mapped
BTS_01564,Fake Telecom Station 01564,14.205393,108.410944,Gia Lai,Gia Lai,mapped
BTS_01565,Fake Telecom Station 01565,10.065639,106.595027,Bến Tre,Vĩnh Long,mapped
BTS_01566,Fake Telecom Station 01566,12.648415,107.834156,Đắk Nông,Lâm Đồng,mapped
BTS_01567,Fake Telecom Station 01567,13.771009,107.73634,Gia Lai,Gia Lai,mapped
BTS_01568,Fake Telecom Station 01568,21.151853,103.438658,Sơn La,Sơn La,mapped
BTS_01569,Fake Telecom Station 01569,22.136136,104.741713,Yên Bái,Lào Cai,mapped
BTS_01570,Fake Telecom Station 01570,20.298836,106.22523,Nam Định,Ninh Bình,mapped
BTS_01571,Fake Telecom Station 01571,13.105827,107.74389,Đắk Lắk,Đắk Lắk,mapped
BTS_01572,Fake Telecom Station 01572,11.544485,107.960094,Lâm Đồng,Lâm Đồng,mapped
BTS_01573,Fake Telecom Station 01573,19.288984,105.729534,Nghệ An,Nghệ An,mapped
BTS_01574,Fake Telecom Station 01574,19.590871,104.633399,Nghệ An,Nghệ An,mapped
BTS_01575,Fake Telecom Station 01575,10.9713,107.899811,Bình Thuận,Lâm Đồng,mapped
BTS_01576,Fake Telecom Station 01576,20.277542,105.172669,Thanh Hóa,Thanh Hóa,mapped
BTS_01577,Fake Telecom Station 01577,10.903434,107.537385,Đồng Nai,Đồng Nai,mapped
BTS_01578,Fake Telecom Station 01578,21.070991,104.14763,Sơn La,Sơn La,mapped
BTS_01579,Fake Telecom Station 01579,13.059171,109.188697,Phú Yên,Đắk Lắk,mapped
BTS_01580,Fake Telecom Station 01580,17.760502,106.088238,Quảng Bình,Quảng Trị,mapped
BTS_01581,Fake Telecom Station 01581,21.151402,107.024674,Quảng Ninh,Quảng Ninh,mapped
BTS_01582,Fake Telecom Station 01582,19.804594,105.473402,Thanh Hóa,Thanh Hóa,mapped
BTS_01583,Fake Telecom Station 01583,14.792758,108.187326,Kon Tum,Quảng Ngãi,mapped
BTS_01584,Fake Telecom Station 01584,16.236434,107.217889,Thừa Thiên Huế,Huế,mapped
BTS_01585,Fake Telecom Station 01585,22.240446,105.109084,Tuyên Quang,Tuyên Quang,mapped
BTS_01586,Fake Telecom Station 01586,20.846714,107.115902,Hải Phòng,Hải Phòng,mapped
BTS_01587,Fake Telecom Station 01587,22.015276,104.900162,Yên Bái,Lào Cai,mapped
BTS_01588,Fake Telecom Station 01588,21.082893,103.035941,Điện Biên,Điện Biên,mapped
BTS_01589,Fake Telecom Station 01589,21.112776,104.511081,Sơn La,Sơn La,mapped
BTS_01590,Fake Telecom Station 01590,21.506792,104.607789,Yên Bái,Lào Cai,mapped
BTS_01591,Fake Telecom Station 01591,21.999179,103.060978,Điện Biên,Điện Biên,mapped
BTS_01592,Fake Telecom Station 01592,12.683896,108.033561,Đắk Lắk,Đắk Lắk,mapped
BTS_01593,Fake Telecom Station 01593,11.769985,108.203887,Lâm Đồng,Lâm Đồng,mapped
BTS_01594,Fake Telecom Station 01594,21.252236,104.272482,Sơn La,Sơn La,mapped
BTS_01595,Fake Telecom Station 01595,22.850958,105.11401,Hà Giang,Tuyên Quang,mapped
BTS_01596,Fake Telecom Station 01596,9.133757,104.877185,Cà Mau,Cà Mau,mapped
BTS_01597,Fake Telecom Station 01597,13.407371,108.766614,Gia Lai,Gia Lai,mapped
BTS_01598,Fake Telecom Station 01598,13.551109,109.125417,Phú Yên,Đắk Lắk,mapped
BTS_01599,Fake Telecom Station 01599,16.292676,107.634095,Thừa Thiên Huế,Huế,mapped
BTS_01600,Fake Telecom Station 01600,9.872136,106.562284,Bến Tre,Vĩnh Long,mapped
BTS_01601,Fake Telecom Station 01601,14.438785,107.6693,Kon Tum,Quảng Ngãi,mapped
BTS_01602,Fake Telecom Station 01602,15.571411,107.430513,Quảng Nam,Đà Nẵng,mapped
BTS_01603,Fake Telecom Station 01603,17.206531,106.833208,Quảng Bình,Quảng Trị,mapped
BTS_01604,Fake Telecom Station 01604,14.438878,109.109862,Bình Định,Gia Lai,mapped
BTS_01605,Fake Telecom Station 01605,22.373684,105.933472,Bắc Kạn,Thái Nguyên,mapped
BTS_01606,Fake Telecom Station 01606,11.127273,106.744374,Bình Dương,TPHCM,mapped
BTS_01607,Fake Telecom Station 01607,14.584962,108.662666,Gia Lai,Gia Lai,mapped
BTS_01608,Fake Telecom Station 01608,21.408782,106.888391,Bắc Giang,Bắc Ninh,mapped
BTS_01609,Fake Telecom Station 01609,21.184179,104.011025,Sơn La,Sơn La,mapped
BTS_01610,Fake Telecom Station 01610,9.474789,105.029219,Cà Mau,Cà Mau,mapped
BTS_01611,Fake Telecom Station 01611,21.500982,104.351163,Yên Bái,Lào Cai,mapped
BTS_01612,Fake Telecom Station 01612,12.528498,109.022417,Khánh Hòa,Khánh Hòa,mapped
BTS_01613,Fake Telecom Station 01613,12.988438,109.161954,Phú Yên,Đắk Lắk,mapped
BTS_01614,Fake Telecom Station 01614,13.106136,107.835586,Đắk Lắk,Đắk Lắk,mapped
BTS_01615,Fake Telecom Station 01615,13.200315,108.053246,Đắk Lắk,Đắk Lắk,mapped
BTS_01616,Fake Telecom Station 01616,8.963359,105.184608,Cà Mau,Cà Mau,mapped
BTS_01617,Fake Telecom Station 01617,10.913404,107.860605,Bình Thuận,Lâm Đồng,mapped
BTS_01618,Fake Telecom Station 01618,14.580293,107.569812,Kon Tum,Quảng Ngãi,mapped
BTS_01619,Fake Telecom Station 01619,10.088917,106.262852,Bến Tre,Vĩnh Long,mapped
BTS_01620,Fake Telecom Station 01620,23.158772,105.466662,Hà Giang,Tuyên Quang,mapped
BTS_01621,Fake Telecom Station 01621,22.190878,104.368171,Lào Cai,Lào Cai,mapped
BTS_01622,Fake Telecom Station 01622,21.185217,104.019125,Sơn La,Sơn La,mapped
BTS_01623,Fake Telecom Station 01623,17.000338,106.635755,Quảng Bình,Quảng Trị,mapped
BTS_01624,Fake Telecom Station 01624,11.096041,108.041186,Bình Thuận,Lâm Đồng,mapped
BTS_01625,Fake Telecom Station 01625,11.790249,108.871786,Ninh Thuận,Khánh Hòa,mapped
BTS_01626,Fake Telecom Station 01626,22.161936,106.606111,Lạng Sơn,Lạng Sơn,mapped
BTS_01627,Fake Telecom Station 01627,16.180941,107.168607,Thừa Thiên Huế,Huế,mapped
BTS_01628,Fake Telecom Station 01628,11.658871,107.756595,Lâm Đồng,Lâm Đồng,mapped
BTS_01629,Fake Telecom Station 01629,20.311175,106.177323,Nam Định,Ninh Bình,mapped
BTS_01630,Fake Telecom Station 01630,21.043114,107.051981,Quảng Ninh,Quảng Ninh,mapped
BTS_01631,Fake Telecom Station 01631,12.724215,108.191854,Đắk Lắk,Đắk Lắk,mapped
BTS_01632,Fake Telecom Station 01632,9.668775,105.282455,Kiên Giang,An Giang,mapped
BTS_01633,Fake Telecom Station 01633,9.974393,106.495746,Bến Tre,Vĩnh Long,mapped
BTS_01634,Fake Telecom Station 01634,14.439354,108.771713,Bình Định,Gia Lai,mapped
BTS_01635,Fake Telecom Station 01635,11.407735,107.292469,Đồng Nai,Đồng Nai,mapped
BTS_01636,Fake Telecom Station 01636,21.645078,106.450964,Lạng Sơn,Lạng Sơn,mapped
BTS_01637,Fake Telecom Station 01637,11.600161,109.139653,Ninh Thuận,Khánh Hòa,mapped
BTS_01638,Fake Telecom Station 01638,17.338349,106.449387,Quảng Bình,Quảng Trị,mapped
BTS_01639,Fake Telecom Station 01639,11.175923,106.623237,Bình Dương,TPHCM,mapped
BTS_01640,Fake Telecom Station 01640,21.581385,103.34255,Điện Biên,Điện Biên,mapped
BTS_01641,Fake Telecom Station 01641,18.772953,105.568872,Nghệ An,Nghệ An,mapped
BTS_01642,Fake Telecom Station 01642,13.544093,108.574173,Gia Lai,Gia Lai,mapped
BTS_01643,Fake Telecom Station 01643,9.768994,105.688278,Hậu Giang,Cần Thơ,mapped
BTS_01644,Fake Telecom Station 01644,9.994824,106.040824,Vĩnh Long,Vĩnh Long,mapped
BTS_01645,Fake Telecom Station 01645,9.354202,105.741628,Bạc Liêu,Cà Mau,mapped
BTS_01646,Fake Telecom Station 01646,21.308346,107.335029,Quảng Ninh,Quảng Ninh,mapped
BTS_01647,Fake Telecom Station 01647,22.870221,104.973687,Hà Giang,Tuyên Quang,mapped
BTS_01648,Fake Telecom Station 01648,11.804532,108.505354,Lâm Đồng,Lâm Đồng,mapped
BTS_01649,Fake Telecom Station 01649,21.136431,106.16318,Bắc Ninh,Bắc Ninh,mapped
BTS_01650,Fake Telecom Station 01650,12.176547,109.180746,Khánh Hòa,Khánh Hòa,mapped
BTS_01651,Fake Telecom Station 01651,17.52009,106.07141,Quảng Bình,Quảng Trị,mapped
BTS_01652,Fake Telecom Station 01652,11.058987,107.248136,Đồng Nai,Đồng Nai,mapped
BTS_01653,Fake Telecom Station 01653,14.835857,108.90535,Quảng Ngãi,Quảng Ngãi,mapped
BTS_01654,Fake Telecom Station 01654,16.231533,107.964422,Thừa Thiên Huế,Huế,mapped
BTS_01655,Fake Telecom Station 01655,20.949751,104.463906,Sơn La,Sơn La,mapped
BTS_01656,Fake Telecom Station 01656,9.989444,105.598658,Cần Thơ,Cần Thơ,mapped
BTS_01657,Fake Telecom Station 01657,12.500581,108.123474,Đắk Lắk,Đắk Lắk,mapped
BTS_01658,Fake Telecom Station 01658,18.455716,105.934057,Hà Tĩnh,Hà Tĩnh,mapped
BTS_01659,Fake Telecom Station 01659,14.288329,107.720335,Kon Tum,Quảng Ngãi,mapped
BTS_01660,Fake Telecom Station 01660,10.808417,105.544794,Đồng Tháp,Đồng Tháp,mapped
BTS_01661,Fake Telecom Station 01661,18.323631,105.620504,Hà Tĩnh,Hà Tĩnh,mapped
BTS_01662,Fake Telecom Station 01662,11.579154,107.181582,Bình Phước,Đồng Nai,mapped
BTS_01663,Fake Telecom Station 01663,22.292837,105.092116,Tuyên Quang,Tuyên Quang,mapped
BTS_01664,Fake Telecom Station 01664,11.056209,107.586372,Bình Thuận,Lâm Đồng,mapped
BTS_01665,Fake Telecom Station 01665,13.188573,109.281195,Phú Yên,Đắk Lắk,mapped
BTS_01666,Fake Telecom Station 01666,16.658024,106.945044,Quảng Trị,Quảng Trị,mapped
BTS_01667,Fake Telecom Station 01667,12.286723,107.479154,Đắk Nông,Lâm Đồng,mapped
BTS_01668,Fake Telecom Station 01668,21.531952,106.10333,Thái Nguyên,Thái Nguyên,mapped
BTS_01669,Fake Telecom Station 01669,13.719019,108.0048,Gia Lai,Gia Lai,mapped
BTS_01670,Fake Telecom Station 01670,20.890818,106.583983,Hải Dương,Hải Phòng,mapped
BTS_01671,Fake Telecom Station 01671,9.442846,105.703544,Sóc Trăng,Cần Thơ,mapped
BTS_01672,Fake Telecom Station 01672,9.724779,106.334402,Trà Vinh,Vĩnh Long,mapped
BTS_01673,Fake Telecom Station 01673,10.436204,106.501359,Long An,Tây Ninh,mapped
BTS_01674,Fake Telecom Station 01674,13.356559,109.107774,Phú Yên,Đắk Lắk,mapped
BTS_01675,Fake Telecom Station 01675,22.291186,102.582764,Lai Châu,Lai Châu,mapped
BTS_01676,Fake Telecom Station 01676,21.727561,103.638532,Sơn La,Sơn La,mapped
BTS_01677,Fake Telecom Station 01677,20.344888,104.768978,Thanh Hóa,Thanh Hóa,mapped
BTS_01678,Fake Telecom Station 01678,21.977053,103.286346,Điện Biên,Điện Biên,mapped
BTS_01679,Fake Telecom Station 01679,9.319346,105.237542,Cà Mau,Cà Mau,mapped
BTS_01680,Fake Telecom Station 01680,10.997777,106.418142,Ho Chi Minh,TPHCM,mapped
BTS_01681,Fake Telecom Station 01681,10.862095,105.695988,Long An,Tây Ninh,mapped
BTS_01682,Fake Telecom Station 01682,21.092659,107.038675,Quảng Ninh,Quảng Ninh,mapped
BTS_01683,Fake Telecom Station 01683,22.218562,103.41248,Lai Châu,Lai Châu,mapped
BTS_01684,Fake Telecom Station 01684,10.545224,105.601259,Đồng Tháp,Đồng Tháp,mapped
BTS_01685,Fake Telecom Station 01685,19.62457,105.28347,Thanh Hóa,Thanh Hóa,mapped
BTS_01686,Fake Telecom Station 01686,21.344844,106.532181,Bắc Giang,Bắc Ninh,mapped
BTS_01687,Fake Telecom Station 01687,20.639101,105.749227,Hà Nội	,Hà Nội,mapped
BTS_01688,Fake Telecom Station 01688,12.171178,108.110508,Đắk Nông,Lâm Đồng,mapped
BTS_01689,Fake Telecom Station 01689,12.345121,107.551945,Đắk Nông,Lâm Đồng,mapped
BTS_01690,Fake Telecom Station 01690,18.702617,105.761818,Nghệ An,Nghệ An,mapped
BTS_01691,Fake Telecom Station 01691,22.718544,106.626216,Cao Bằng,Cao Bằng,mapped
BTS_01692,Fake Telecom Station 01692,21.277921,102.970101,Điện Biên,Điện Biên,mapped
BTS_01693,Fake Telecom Station 01693,14.69452,108.597493,Quảng Ngãi,Quảng Ngãi,mapped
BTS_01694,Fake Telecom Station 01694,13.6611,108.254389,Gia Lai,Gia Lai,mapped
BTS_01695,Fake Telecom Station 01695,10.853621,105.185125,An Giang,An Giang,mapped
BTS_01696,Fake Telecom Station 01696,21.674678,104.764048,Yên Bái,Lào Cai,mapped
BTS_01697,Fake Telecom Station 01697,15.787597,107.465385,Quảng Nam,Đà Nẵng,mapped
BTS_01698,Fake Telecom Station 01698,22.964591,105.536475,Cao Bằng,Cao Bằng,mapped
BTS_01699,Fake Telecom Station 01699,14.750319,108.304469,Kon Tum,Quảng Ngãi,mapped
BTS_01700,Fake Telecom Station 01700,20.946746,106.347758,Hải Dương,Hải Phòng,mapped
BTS_01701,Fake Telecom Station 01701,14.002179,108.192926,Gia Lai,Gia Lai,mapped
BTS_01702,Fake Telecom Station 01702,20.667619,105.823332,Hà Nội	,Hà Nội,mapped
BTS_01703,Fake Telecom Station 01703,22.379625,102.661684,Lai Châu,Lai Châu,mapped
BTS_01704,Fake Telecom Station 01704,17.224577,106.337155,Quảng Bình,Quảng Trị,mapped
BTS_01705,Fake Telecom Station 01705,9.436522,105.256936,Kiên Giang,An Giang,mapped
BTS_01706,Fake Telecom Station 01706,10.58128,107.01671,Ho Chi Minh,TPHCM,mapped
BTS_01707,Fake Telecom Station 01707,12.847925,108.546791,Đắk Lắk,Đắk Lắk,mapped
BTS_01708,Fake Telecom Station 01708,13.762753,107.530874,Gia Lai,Gia Lai,mapped
BTS_01709,Fake Telecom Station 01709,22.772996,105.818651,Cao Bằng,Cao Bằng,mapped
BTS_01710,Fake Telecom Station 01710,12.727751,107.79092,Đắk Nông,Lâm Đồng,mapped
BTS_01711,Fake Telecom Station 01711,11.41528,107.40476,Đồng Nai,Đồng Nai,mapped
BTS_01712,Fake Telecom Station 01712,22.471549,103.86879,Lào Cai,Lào Cai,mapped
BTS_01713,Fake Telecom Station 01713,20.818374,106.644506,Hải Phòng,Hải Phòng,mapped
BTS_01714,Fake Telecom Station 01714,10.647258,106.945249,Đồng Nai,Đồng Nai,mapped
BTS_01715,Fake Telecom Station 01715,16.962938,107.030337,Quảng Trị,Quảng Trị,mapped
BTS_01716,Fake Telecom Station 01716,13.96468,108.550947,Gia Lai,Gia Lai,mapped
BTS_01717,Fake Telecom Station 01717,11.418533,107.393676,Đồng Nai,Đồng Nai,mapped
BTS_01718,Fake Telecom Station 01718,18.809854,104.792091,Nghệ An,Nghệ An,mapped
BTS_01719,Fake Telecom Station 01719,21.378095,107.231463,Quảng Ninh,Quảng Ninh,mapped
BTS_01720,Fake Telecom Station 01720,13.613307,108.246974,Gia Lai,Gia Lai,mapped
BTS_01721,Fake Telecom Station 01721,18.181063,105.782762,Hà Tĩnh,Hà Tĩnh,mapped
BTS_01722,Fake Telecom Station 01722,22.239676,103.253597,Lai Châu,Lai Châu,mapped
BTS_01723,Fake Telecom Station 01723,21.113121,107.224997,Quảng Ninh,Quảng Ninh,mapped
BTS_01724,Fake Telecom Station 01724,21.377796,106.383332,Bắc Giang,Bắc Ninh,mapped
BTS_01725,Fake Telecom Station 01725,20.11763,106.141563,Ninh Bình,Ninh Bình,mapped
BTS_01726,Fake Telecom Station 01726,12.833092,108.160178,Đắk Lắk,Đắk Lắk,mapped
BTS_01727,Fake Telecom Station 01727,10.395325,105.069555,An Giang,An Giang,mapped
BTS_01728,Fake Telecom Station 01728,19.936875,105.210668,Thanh Hóa,Thanh Hóa,mapped
BTS_01729,Fake Telecom Station 01729,11.614946,106.321181,Tây Ninh,Tây Ninh,mapped
BTS_01730,Fake Telecom Station 01730,22.375132,105.600088,Bắc Kạn,Thái Nguyên,mapped
BTS_01731,Fake Telecom Station 01731,21.488454,106.327568,Bắc Giang,Bắc Ninh,mapped
BTS_01732,Fake Telecom Station 01732,20.434014,105.062823,Thanh Hóa,Thanh Hóa,mapped
BTS_01733,Fake Telecom Station 01733,20.291163,105.861161,Ninh Bình,Ninh Bình,mapped
BTS_01734,Fake Telecom Station 01734,11.56737,106.864082,Bình Phước,Đồng Nai,mapped
BTS_01735,Fake Telecom Station 01735,12.38663,108.257436,Đắk Lắk,Đắk Lắk,mapped
BTS_01736,Fake Telecom Station 01736,15.594083,107.739656,Quảng Nam,Đà Nẵng,mapped
BTS_01737,Fake Telecom Station 01737,13.168228,109.118217,Phú Yên,Đắk Lắk,mapped
BTS_01738,Fake Telecom Station 01738,11.109554,107.548316,Bình Thuận,Lâm Đồng,mapped
BTS_01739,Fake Telecom Station 01739,13.083838,107.60656,Đắk Lắk,Đắk Lắk,mapped
BTS_01740,Fake Telecom Station 01740,21.955627,103.363809,Điện Biên,Điện Biên,mapped
BTS_01741,Fake Telecom Station 01741,20.322262,104.702937,Thanh Hóa,Thanh Hóa,mapped
BTS_01742,Fake Telecom Station 01742,8.601935,104.838645,Cà Mau,Cà Mau,mapped
BTS_01743,Fake Telecom Station 01743,13.285913,108.711074,Gia Lai,Gia Lai,mapped
BTS_01744,Fake Telecom Station 01744,13.428897,108.444156,Gia Lai,Gia Lai,mapped
BTS_01745,Fake Telecom Station 01745,14.459771,108.082865,Kon Tum,Quảng Ngãi,mapped
BTS_01746,Fake Telecom Station 01746,19.492606,104.746282,Nghệ An,Nghệ An,mapped
BTS_01747,Fake Telecom Station 01747,21.345423,103.929163,Sơn La,Sơn La,mapped
BTS_01748,Fake Telecom Station 01748,12.606619,108.559285,Đắk Lắk,Đắk Lắk,mapped
BTS_01749,Fake Telecom Station 01749,16.737051,107.127965,Quảng Trị,Quảng Trị,mapped
BTS_01750,Fake Telecom Station 01750,20.696485,104.688735,Sơn La,Sơn La,mapped
BTS_01751,Fake Telecom Station 01751,14.967449,108.531027,Quảng Ngãi,Quảng Ngãi,mapped
BTS_01752,Fake Telecom Station 01752,22.152375,105.924124,Bắc Kạn,Thái Nguyên,mapped
BTS_01753,Fake Telecom Station 01753,18.200401,105.709383,Hà Tĩnh,Hà Tĩnh,mapped
BTS_01754,Fake Telecom Station 01754,19.250456,104.469503,Nghệ An,Nghệ An,mapped
BTS_01755,Fake Telecom Station 01755,12.896277,108.18222,Đắk Lắk,Đắk Lắk,mapped
BTS_01756,Fake Telecom Station 01756,11.996998,108.91262,Khánh Hòa,Khánh Hòa,mapped
BTS_01757,Fake Telecom Station 01757,21.94009,103.203048,Điện Biên,Điện Biên,mapped
BTS_01758,Fake Telecom Station 01758,20.483569,105.565335,Hòa Bình,Phú Thọ,mapped
BTS_01759,Fake Telecom Station 01759,21.230015,104.185464,Sơn La,Sơn La,mapped
BTS_01760,Fake Telecom Station 01760,11.096927,106.880278,Bình Dương,TPHCM,mapped
BTS_01761,Fake Telecom Station 01761,21.719374,104.826328,Yên Bái,Lào Cai,mapped
BTS_01762,Fake Telecom Station 01762,21.282613,107.045907,Bắc Giang,Bắc Ninh,mapped
BTS_01763,Fake Telecom Station 01763,19.320067,104.46357,Nghệ An,Nghệ An,mapped
BTS_01764,Fake Telecom Station 01764,21.724178,103.665333,Sơn La,Sơn La,mapped
BTS_01765,Fake Telecom Station 01765,20.783827,105.914918,Hà Nội	,Hà Nội,mapped
BTS_01766,Fake Telecom Station 01766,20.062651,105.974301,Ninh Bình,Ninh Bình,mapped
BTS_01767,Fake Telecom Station 01767,9.702156,105.412232,Hậu Giang,Cần Thơ,mapped
BTS_01768,Fake Telecom Station 01768,22.168325,104.610003,Lào Cai,Lào Cai,mapped
BTS_01769,Fake Telecom Station 01769,12.056284,107.269513,Đắk Nông,Lâm Đồng,mapped
BTS_01770,Fake Telecom Station 01770,17.314116,106.496649,Quảng Bình,Quảng Trị,mapped
BTS_01771,Fake Telecom Station 01771,18.210221,105.597645,Hà Tĩnh,Hà Tĩnh,mapped
BTS_01772,Fake Telecom Station 01772,12.370329,108.885173,Khánh Hòa,Khánh Hòa,mapped
BTS_01773,Fake Telecom Station 01773,22.174993,105.320857,Tuyên Quang,Tuyên Quang,mapped
BTS_01774,Fake Telecom Station 01774,22.524387,104.809785,Hà Giang,Tuyên Quang,mapped
BTS_01775,Fake Telecom Station 01775,13.701978,107.947757,Gia Lai,Gia Lai,mapped
BTS_01776,Fake Telecom Station 01776,21.784474,104.586195,Yên Bái,Lào Cai,mapped
BTS_01777,Fake Telecom Station 01777,11.892486,108.06067,Đắk Nông,Lâm Đồng,mapped
BTS_01778,Fake Telecom Station 01778,10.440641,106.559859,Long An,Tây Ninh,mapped
BTS_01779,Fake Telecom Station 01779,12.182893,107.580821,Đắk Nông,Lâm Đồng,mapped
BTS_01780,Fake Telecom Station 01780,15.627496,107.856985,Quảng Nam,Đà Nẵng,mapped
BTS_01781,Fake Telecom Station 01781,13.515947,108.536274,Gia Lai,Gia Lai,mapped
BTS_01782,Fake Telecom Station 01782,11.734694,107.987508,Lâm Đồng,Lâm Đồng,mapped
BTS_01783,Fake Telecom Station 01783,20.983304,103.542412,Sơn La,Sơn La,mapped
BTS_01784,Fake Telecom Station 01784,11.734811,107.75149,Lâm Đồng,Lâm Đồng,mapped
BTS_01785,Fake Telecom Station 01785,22.63495,106.692867,Cao Bằng,Cao Bằng,mapped
BTS_01786,Fake Telecom Station 01786,19.474686,105.106725,Nghệ An,Nghệ An,mapped
BTS_01787,Fake Telecom Station 01787,9.284468,105.147702,Cà Mau,Cà Mau,mapped
BTS_01788,Fake Telecom Station 01788,9.802262,106.304743,Trà Vinh,Vĩnh Long,mapped
BTS_01789,Fake Telecom Station 01789,12.036325,106.789586,Bình Phước,Đồng Nai,mapped
BTS_01790,Fake Telecom Station 01790,21.734495,106.01306,Thái Nguyên,Thái Nguyên,mapped
BTS_01791,Fake Telecom Station 01791,20.798967,104.792859,Sơn La,Sơn La,mapped
BTS_01792,Fake Telecom Station 01792,20.696551,105.983804,Hà Nội	,Hà Nội,mapped
BTS_01793,Fake Telecom Station 01793,16.663329,107.401564,Thừa Thiên Huế,Huế,mapped
BTS_01794,Fake Telecom Station 01794,12.477784,108.189484,Đắk Lắk,Đắk Lắk,mapped
BTS_01795,Fake Telecom Station 01795,10.423085,106.575335,Long An,Tây Ninh,mapped
BTS_01796,Fake Telecom Station 01796,20.862865,105.120295,Hòa Bình,Phú Thọ,mapped
BTS_01797,Fake Telecom Station 01797,11.103793,108.194732,Bình Thuận,Lâm Đồng,mapped
BTS_01798,Fake Telecom Station 01798,13.590516,108.546331,Gia Lai,Gia Lai,mapped
BTS_01799,Fake Telecom Station 01799,17.684779,106.326346,Quảng Bình,Quảng Trị,mapped
BTS_01800,Fake Telecom Station 01800,20.950683,105.122858,Hòa Bình,Phú Thọ,mapped
BTS_01801,Fake Telecom Station 01801,15.348568,107.8489,Quảng Nam,Đà Nẵng,mapped
BTS_01802,Fake Telecom Station 01802,19.577446,105.728645,Thanh Hóa,Thanh Hóa,mapped
BTS_01803,Fake Telecom Station 01803,11.784122,107.328565,Bình Phước,Đồng Nai,mapped
BTS_01804,Fake Telecom Station 01804,21.833133,103.163447,Điện Biên,Điện Biên,mapped
BTS_01805,Fake Telecom Station 01805,21.999921,104.372674,Lào Cai,Lào Cai,mapped
BTS_01806,Fake Telecom Station 01806,10.272247,105.886643,Đồng Tháp,Đồng Tháp,mapped
BTS_01807,Fake Telecom Station 01807,19.210666,104.795716,Nghệ An,Nghệ An,mapped
BTS_01808,Fake Telecom Station 01808,14.132978,108.510416,Gia Lai,Gia Lai,mapped
BTS_01809,Fake Telecom Station 01809,10.068174,105.416139,Cần Thơ,Cần Thơ,mapped
BTS_01810,Fake Telecom Station 01810,19.423595,104.463097,Nghệ An,Nghệ An,mapped
BTS_01811,Fake Telecom Station 01811,21.175378,103.045478,Điện Biên,Điện Biên,mapped
BTS_01812,Fake Telecom Station 01812,22.62539,104.742793,Hà Giang,Tuyên Quang,mapped
BTS_01813,Fake Telecom Station 01813,11.589944,105.998818,Tây Ninh,Tây Ninh,mapped
BTS_01814,Fake Telecom Station 01814,21.524644,107.937011,Quảng Ninh,Quảng Ninh,mapped
BTS_01815,Fake Telecom Station 01815,21.325353,104.667901,Sơn La,Sơn La,mapped
BTS_01816,Fake Telecom Station 01816,11.858016,107.578398,Đắk Nông,Lâm Đồng,mapped
BTS_01817,Fake Telecom Station 01817,13.901088,107.539613,Gia Lai,Gia Lai,mapped
BTS_01818,Fake Telecom Station 01818,12.181782,108.349253,Lâm Đồng,Lâm Đồng,mapped
BTS_01819,Fake Telecom Station 01819,10.154274,105.715814,Vĩnh Long,Vĩnh Long,mapped
BTS_01820,Fake Telecom Station 01820,22.116202,102.518358,Điện Biên,Điện Biên,mapped
BTS_01821,Fake Telecom Station 01821,21.111032,105.28255,Phú Thọ,Phú Thọ,mapped
BTS_01822,Fake Telecom Station 01822,20.949033,105.159905,Phú Thọ,Phú Thọ,mapped
BTS_01823,Fake Telecom Station 01823,10.924644,105.743236,Long An,Tây Ninh,mapped
BTS_01824,Fake Telecom Station 01824,14.220907,109.033989,Bình Định,Gia Lai,mapped
BTS_01825,Fake Telecom Station 01825,10.297993,104.756593,Kiên Giang,An Giang,mapped
BTS_01826,Fake Telecom Station 01826,13.883237,107.726443,Gia Lai,Gia Lai,mapped
BTS_01827,Fake Telecom Station 01827,12.887885,108.229456,Đắk Lắk,Đắk Lắk,mapped
BTS_01828,Fake Telecom Station 01828,22.65097,103.746073,Lào Cai,Lào Cai,mapped
BTS_01829,Fake Telecom Station 01829,20.28017,106.443689,Nam Định,Ninh Bình,mapped
BTS_01830,Fake Telecom Station 01830,14.691994,107.559538,Kon Tum,Quảng Ngãi,mapped
BTS_01831,Fake Telecom Station 01831,22.02456,103.903576,Lai Châu,Lai Châu,mapped
BTS_01832,Fake Telecom Station 01832,11.191152,106.191953,Tây Ninh,Tây Ninh,mapped
BTS_01833,Fake Telecom Station 01833,12.106819,108.819398,Khánh Hòa,Khánh Hòa,mapped
BTS_01834,Fake Telecom Station 01834,14.542787,108.858406,Bình Định,Gia Lai,mapped
BTS_01835,Fake Telecom Station 01835,20.497978,105.135224,Thanh Hóa,Thanh Hóa,mapped
BTS_01836,Fake Telecom Station 01836,12.750639,108.20045,Đắk Lắk,Đắk Lắk,mapped
BTS_01837,Fake Telecom Station 01837,14.14766,108.415616,Gia Lai,Gia Lai,mapped
BTS_01838,Fake Telecom Station 01838,20.93188,103.233395,Điện Biên,Điện Biên,mapped
BTS_01839,Fake Telecom Station 01839,11.222081,108.233499,Bình Thuận,Lâm Đồng,mapped
BTS_01840,Fake Telecom Station 01840,21.302763,107.310574,Quảng Ninh,Quảng Ninh,mapped
BTS_01841,Fake Telecom Station 01841,19.395679,105.295912,Nghệ An,Nghệ An,mapped
BTS_01842,Fake Telecom Station 01842,21.37746,105.75357,Vĩnh Phúc,Phú Thọ,mapped
BTS_01843,Fake Telecom Station 01843,16.674338,107.186594,Quảng Trị,Quảng Trị,mapped
BTS_01844,Fake Telecom Station 01844,11.427764,107.100406,Đồng Nai,Đồng Nai,mapped
BTS_01845,Fake Telecom Station 01845,15.061688,108.212155,Quảng Nam,Đà Nẵng,mapped
BTS_01846,Fake Telecom Station 01846,19.340235,104.534229,Nghệ An,Nghệ An,mapped
BTS_01847,Fake Telecom Station 01847,21.259157,105.389236,Phú Thọ,Phú Thọ,mapped
BTS_01848,Fake Telecom Station 01848,21.360087,106.224159,Bắc Giang,Bắc Ninh,mapped
BTS_01849,Fake Telecom Station 01849,21.479992,102.981446,Điện Biên,Điện Biên,mapped
BTS_01850,Fake Telecom Station 01850,20.360131,106.574499,Thái Bình,Hưng Yên,mapped
BTS_01851,Fake Telecom Station 01851,15.082992,108.337447,Quảng Ngãi,Quảng Ngãi,mapped
BTS_01852,Fake Telecom Station 01852,21.34851,104.661164,Sơn La,Sơn La,mapped
BTS_01853,Fake Telecom Station 01853,21.888243,105.093659,Tuyên Quang,Tuyên Quang,mapped
BTS_01854,Fake Telecom Station 01854,12.072124,107.40338,Đắk Nông,Lâm Đồng,mapped
BTS_01855,Fake Telecom Station 01855,20.572988,105.075898,Hòa Bình,Phú Thọ,mapped
BTS_01856,Fake Telecom Station 01856,8.94707,105.367134,Cà Mau,Cà Mau,mapped
BTS_01857,Fake Telecom Station 01857,21.209021,103.909521,Sơn La,Sơn La,mapped
BTS_01858,Fake Telecom Station 01858,15.392202,108.348969,Quảng Nam,Đà Nẵng,mapped
BTS_01859,Fake Telecom Station 01859,12.209707,108.727215,Khánh Hòa,Khánh Hòa,mapped
BTS_01860,Fake Telecom Station 01860,21.187874,106.422988,Hải Dương,Hải Phòng,mapped
BTS_01861,Fake Telecom Station 01861,13.633547,108.366703,Gia Lai,Gia Lai,mapped
BTS_01862,Fake Telecom Station 01862,14.422265,108.172215,Kon Tum,Quảng Ngãi,mapped
BTS_01863,Fake Telecom Station 01863,9.091182,104.890692,Cà Mau,Cà Mau,mapped
BTS_01864,Fake Telecom Station 01864,11.053101,107.65631,Bình Thuận,Lâm Đồng,mapped
BTS_01865,Fake Telecom Station 01865,15.845908,107.311074,Quảng Nam,Đà Nẵng,mapped
BTS_01866,Fake Telecom Station 01866,11.244612,106.259998,Tây Ninh,Tây Ninh,mapped
BTS_01867,Fake Telecom Station 01867,11.037004,106.521947,Ho Chi Minh,TPHCM,mapped
BTS_01868,Fake Telecom Station 01868,10.729713,107.667268,Bình Thuận,Lâm Đồng,mapped
BTS_01869,Fake Telecom Station 01869,13.52134,107.823712,Gia Lai,Gia Lai,mapped
BTS_01870,Fake Telecom Station 01870,21.322588,107.136728,Quảng Ninh,Quảng Ninh,mapped
BTS_01871,Fake Telecom Station 01871,21.790179,103.813387,Lai Châu,Lai Châu,mapped
BTS_01872,Fake Telecom Station 01872,21.770097,104.033233,Yên Bái,Lào Cai,mapped
BTS_01873,Fake Telecom Station 01873,21.828337,104.959421,Yên Bái,Lào Cai,mapped
BTS_01874,Fake Telecom Station 01874,9.174551,105.150417,Cà Mau,Cà Mau,mapped
BTS_01875,Fake Telecom Station 01875,13.999741,107.967784,Gia Lai,Gia Lai,mapped
BTS_01876,Fake Telecom Station 01876,17.799242,106.27967,Quảng Bình,Quảng Trị,mapped
BTS_01877,Fake Telecom Station 01877,20.883035,103.5771,Sơn La,Sơn La,mapped
BTS_01878,Fake Telecom Station 01878,9.46299,105.004209,Cà Mau,Cà Mau,mapped
BTS_01879,Fake Telecom Station 01879,10.606042,107.616471,Bình Thuận,Lâm Đồng,mapped
BTS_01880,Fake Telecom Station 01880,19.940371,104.996613,Nghệ An,Nghệ An,mapped
BTS_01881,Fake Telecom Station 01881,22.164123,106.187548,Bắc Kạn,Thái Nguyên,mapped
BTS_01882,Fake Telecom Station 01882,9.162468,105.35816,Bạc Liêu,Cà Mau,mapped
BTS_01883,Fake Telecom Station 01883,8.811989,104.826828,Cà Mau,Cà Mau,mapped
BTS_01884,Fake Telecom Station 01884,21.736612,106.736276,Lạng Sơn,Lạng Sơn,mapped
BTS_01885,Fake Telecom Station 01885,19.413222,105.455256,Nghệ An,Nghệ An,mapped
BTS_01886,Fake Telecom Station 01886,9.802097,105.418561,Kiên Giang,An Giang,mapped
BTS_01887,Fake Telecom Station 01887,20.392077,104.811874,Thanh Hóa,Thanh Hóa,mapped
BTS_01888,Fake Telecom Station 01888,14.920585,108.044093,Kon Tum,Quảng Ngãi,mapped
BTS_01889,Fake Telecom Station 01889,19.327491,104.53918,Nghệ An,Nghệ An,mapped
BTS_01890,Fake Telecom Station 01890,14.293076,108.89166,Bình Định,Gia Lai,mapped
BTS_01891,Fake Telecom Station 01891,21.865369,105.260365,Tuyên Quang,Tuyên Quang,mapped
BTS_01892,Fake Telecom Station 01892,11.299398,106.018418,Tây Ninh,Tây Ninh,mapped
BTS_01893,Fake Telecom Station 01893,21.695547,104.521792,Yên Bái,Lào Cai,mapped
BTS_01894,Fake Telecom Station 01894,10.311163,106.651646,Tiền Giang,Đồng Tháp,mapped
BTS_01895,Fake Telecom Station 01895,21.326779,106.800054,Bắc Giang,Bắc Ninh,mapped
BTS_01896,Fake Telecom Station 01896,10.943928,105.695893,Long An,Tây Ninh,mapped
BTS_01897,Fake Telecom Station 01897,22.095738,103.652237,Lai Châu,Lai Châu,mapped
BTS_01898,Fake Telecom Station 01898,12.311253,108.084648,Đắk Nông,Lâm Đồng,mapped
BTS_01899,Fake Telecom Station 01899,21.076913,105.811957,Hà Nội	,Hà Nội,mapped
BTS_01900,Fake Telecom Station 01900,20.785431,104.608447,Sơn La,Sơn La,mapped
BTS_01901,Fake Telecom Station 01901,10.336226,106.762095,Tiền Giang,Đồng Tháp,mapped
BTS_01902,Fake Telecom Station 01902,20.550477,104.907443,Thanh Hóa,Thanh Hóa,mapped
BTS_01903,Fake Telecom Station 01903,10.895368,105.808166,Long An,Tây Ninh,mapped
BTS_01904,Fake Telecom Station 01904,18.665956,105.488724,Nghệ An,Nghệ An,mapped
BTS_01905,Fake Telecom Station 01905,22.304284,105.180315,Tuyên Quang,Tuyên Quang,mapped
BTS_01906,Fake Telecom Station 01906,15.489717,108.17867,Quảng Nam,Đà Nẵng,mapped
BTS_01907,Fake Telecom Station 01907,19.232059,105.312275,Nghệ An,Nghệ An,mapped
BTS_01908,Fake Telecom Station 01908,13.855263,108.876122,Bình Định,Gia Lai,mapped
BTS_01909,Fake Telecom Station 01909,21.761353,104.033765,Yên Bái,Lào Cai,mapped
BTS_01910,Fake Telecom Station 01910,22.604145,104.40932,Lào Cai,Lào Cai,mapped
BTS_01911,Fake Telecom Station 01911,12.382777,107.767386,Đắk Nông,Lâm Đồng,mapped
BTS_01912,Fake Telecom Station 01912,22.948073,104.873834,Hà Giang,Tuyên Quang,mapped
BTS_01913,Fake Telecom Station 01913,11.544081,106.000107,Tây Ninh,Tây Ninh,mapped
BTS_01914,Fake Telecom Station 01914,11.053951,106.935967,Đồng Nai,Đồng Nai,mapped
BTS_01915,Fake Telecom Station 01915,20.482479,105.68672,Hòa Bình,Phú Thọ,mapped
BTS_01916,Fake Telecom Station 01916,14.924074,108.098986,Kon Tum,Quảng Ngãi,mapped
BTS_01917,Fake Telecom Station 01917,12.001777,107.208038,Bình Phước,Đồng Nai,mapped
BTS_01918,Fake Telecom Station 01918,22.00951,106.607756,Lạng Sơn,Lạng Sơn,mapped
BTS_01919,Fake Telecom Station 01919,21.969681,104.167284,Lào Cai,Lào Cai,mapped
BTS_01920,Fake Telecom Station 01920,15.706375,107.76909,Quảng Nam,Đà Nẵng,mapped
BTS_01921,Fake Telecom Station 01921,19.764718,105.641691,Thanh Hóa,Thanh Hóa,mapped
BTS_01922,Fake Telecom Station 01922,21.347366,107.796176,Quảng Ninh,Quảng Ninh,mapped
BTS_01923,Fake Telecom Station 01923,15.269303,108.527105,Quảng Ngãi,Quảng Ngãi,mapped
BTS_01924,Fake Telecom Station 01924,22.225778,104.903529,Hà Giang,Tuyên Quang,mapped
BTS_01925,Fake Telecom Station 01925,9.659328,105.195749,Kiên Giang,An Giang,mapped
BTS_01926,Fake Telecom Station 01926,14.841943,108.772231,Quảng Ngãi,Quảng Ngãi,mapped
BTS_01927,Fake Telecom Station 01927,21.05255,106.368024,Hải Dương,Hải Phòng,mapped
BTS_01928,Fake Telecom Station 01928,15.670723,108.321486,Quảng Nam,Đà Nẵng,mapped
BTS_01929,Fake Telecom Station 01929,13.429118,107.992342,Gia Lai,Gia Lai,mapped
BTS_01930,Fake Telecom Station 01930,13.504697,108.948874,Phú Yên,Đắk Lắk,mapped
BTS_01931,Fake Telecom Station 01931,20.055659,105.56689,Thanh Hóa,Thanh Hóa,mapped
BTS_01932,Fake Telecom Station 01932,15.411077,108.040599,Quảng Nam,Đà Nẵng,mapped
BTS_01933,Fake Telecom Station 01933,13.574402,109.143179,Phú Yên,Đắk Lắk,mapped
BTS_01934,Fake Telecom Station 01934,20.804064,106.805932,Hải Phòng,Hải Phòng,mapped
BTS_01935,Fake Telecom Station 01935,12.198011,108.456878,Lâm Đồng,Lâm Đồng,mapped
BTS_01936,Fake Telecom Station 01936,13.892425,107.501694,Gia Lai,Gia Lai,mapped
BTS_01937,Fake Telecom Station 01937,19.291239,104.406798,Nghệ An,Nghệ An,mapped
BTS_01938,Fake Telecom Station 01938,21.50497,103.632022,Sơn La,Sơn La,mapped
BTS_01939,Fake Telecom Station 01939,12.189198,107.983861,Đắk Nông,Lâm Đồng,mapped
BTS_01940,Fake Telecom Station 01940,11.678258,108.095041,Lâm Đồng,Lâm Đồng,mapped
BTS_01941,Fake Telecom Station 01941,21.475019,104.292047,Sơn La,Sơn La,mapped
BTS_01942,Fake Telecom Station 01942,21.949195,105.614473,Thái Nguyên,Thái Nguyên,mapped
BTS_01943,Fake Telecom Station 01943,21.829814,104.200711,Yên Bái,Lào Cai,mapped
BTS_01944,Fake Telecom Station 01944,11.236777,107.917573,Bình Thuận,Lâm Đồng,mapped
BTS_01945,Fake Telecom Station 01945,10.850018,106.399467,Long An,Tây Ninh,mapped
BTS_01946,Fake Telecom Station 01946,20.014781,104.947788,Nghệ An,Nghệ An,mapped
BTS_01947,Fake Telecom Station 01947,10.489751,104.584239,Kiên Giang,An Giang,mapped
BTS_01948,Fake Telecom Station 01948,22.77287,106.147574,Cao Bằng,Cao Bằng,mapped
BTS_01949,Fake Telecom Station 01949,10.253023,106.295251,Bến Tre,Vĩnh Long,mapped
BTS_01950,Fake Telecom Station 01950,9.925299,105.684119,Cần Thơ,Cần Thơ,mapped
BTS_01951,Fake Telecom Station 01951,17.747837,106.297666,Quảng Bình,Quảng Trị,mapped
BTS_01952,Fake Telecom Station 01952,10.417452,106.258178,Tiền Giang,Đồng Tháp,mapped
BTS_01953,Fake Telecom Station 01953,11.787869,108.781382,Ninh Thuận,Khánh Hòa,mapped
BTS_01954,Fake Telecom Station 01954,11.507763,106.177174,Tây Ninh,Tây Ninh,mapped
BTS_01955,Fake Telecom Station 01955,13.582301,108.465043,Gia Lai,Gia Lai,mapped
BTS_01956,Fake Telecom Station 01956,11.110913,108.275838,Bình Thuận,Lâm Đồng,mapped
BTS_01957,Fake Telecom Station 01957,17.629211,105.963162,Quảng Bình,Quảng Trị,mapped
BTS_01958,Fake Telecom Station 01958,15.515378,108.21057,Quảng Nam,Đà Nẵng,mapped
BTS_01959,Fake Telecom Station 01959,11.468905,108.349104,Bình Thuận,Lâm Đồng,mapped
BTS_01960,Fake Telecom Station 01960,18.505178,105.690255,Hà Tĩnh,Hà Tĩnh,mapped
BTS_01961,Fake Telecom Station 01961,9.255764,104.96852,Cà Mau,Cà Mau,mapped
BTS_01962,Fake Telecom Station 01962,20.374029,106.401915,Thái Bình,Hưng Yên,mapped
BTS_01963,Fake Telecom Station 01963,20.890747,106.531869,Hải Dương,Hải Phòng,mapped
BTS_01964,Fake Telecom Station 01964,16.019255,107.475202,Quảng Nam,Đà Nẵng,mapped
BTS_01965,Fake Telecom Station 01965,11.648098,107.267949,Lâm Đồng,Lâm Đồng,mapped
BTS_01966,Fake Telecom Station 01966,22.328466,106.186831,Bắc Kạn,Thái Nguyên,mapped
BTS_01967,Fake Telecom Station 01967,20.838297,104.988791,Sơn La,Sơn La,mapped
BTS_01968,Fake Telecom Station 01968,19.876675,104.986222,Nghệ An,Nghệ An,mapped
BTS_01969,Fake Telecom Station 01969,12.888063,109.364446,Phú Yên,Đắk Lắk,mapped
BTS_01970,Fake Telecom Station 01970,10.035656,105.770218,Cần Thơ,Cần Thơ,mapped
BTS_01971,Fake Telecom Station 01971,10.895324,105.569651,Đồng Tháp,Đồng Tháp,mapped
BTS_01972,Fake Telecom Station 01972,14.751632,108.538195,Kon Tum,Quảng Ngãi,mapped
BTS_01973,Fake Telecom Station 01973,18.203461,105.893354,Hà Tĩnh,Hà Tĩnh,mapped
BTS_01974,Fake Telecom Station 01974,20.636807,105.914926,Hà Nam,Ninh Bình,mapped
BTS_01975,Fake Telecom Station 01975,12.621035,108.102185,Đắk Lắk,Đắk Lắk,mapped
BTS_01976,Fake Telecom Station 01976,20.196267,105.260799,Thanh Hóa,Thanh Hóa,mapped
BTS_01977,Fake Telecom Station 01977,13.936743,108.199896,Gia Lai,Gia Lai,mapped
BTS_01978,Fake Telecom Station 01978,11.824906,107.839759,Lâm Đồng,Lâm Đồng,mapped
BTS_01979,Fake Telecom Station 01979,12.734326,107.973344,Đắk Lắk,Đắk Lắk,mapped
BTS_01980,Fake Telecom Station 01980,12.707028,108.9307,Đắk Lắk,Đắk Lắk,mapped
BTS_01981,Fake Telecom Station 01981,12.281943,109.01255,Khánh Hòa,Khánh Hòa,mapped
BTS_01982,Fake Telecom Station 01982,11.374039,106.312958,Tây Ninh,Tây Ninh,mapped
BTS_01983,Fake Telecom Station 01983,13.052103,108.050843,Đắk Lắk,Đắk Lắk,mapped
BTS_01984,Fake Telecom Station 01984,20.231583,104.728294,Thanh Hóa,Thanh Hóa,mapped
BTS_01985,Fake Telecom Station 01985,16.272141,108.000778,Thừa Thiên Huế,Huế,mapped
BTS_01986,Fake Telecom Station 01986,21.534918,103.669833,Sơn La,Sơn La,mapped
BTS_01987,Fake Telecom Station 01987,20.541873,106.365835,Thái Bình,Hưng Yên,mapped
BTS_01988,Fake Telecom Station 01988,20.862088,104.376246,Sơn La,Sơn La,mapped
BTS_01989,Fake Telecom Station 01989,20.412318,106.513173,Thái Bình,Hưng Yên,mapped
BTS_01990,Fake Telecom Station 01990,21.244324,105.134601,Phú Thọ,Phú Thọ,mapped
BTS_01991,Fake Telecom Station 01991,11.36376,107.470926,Đồng Nai,Đồng Nai,mapped
BTS_01992,Fake Telecom Station 01992,14.866776,108.110756,Kon Tum,Quảng Ngãi,mapped
BTS_01993,Fake Telecom Station 01993,18.106249,106.043377,Hà Tĩnh,Hà Tĩnh,mapped
BTS_01994,Fake Telecom Station 01994,18.832359,104.821294,Nghệ An,Nghệ An,mapped
BTS_01995,Fake Telecom Station 01995,13.415739,108.797078,Gia Lai,Gia Lai,mapped
BTS_01996,Fake Telecom Station 01996,11.540664,108.921253,Ninh Thuận,Khánh Hòa,mapped
BTS_01997,Fake Telecom Station 01997,21.614587,106.260946,Lạng Sơn,Lạng Sơn,mapped
BTS_01998,Fake Telecom Station 01998,20.915599,104.711254,Sơn La,Sơn La,mapped
BTS_01999,Fake Telecom Station 01999,20.034487,106.229132,Nam Định,Ninh Bình,mapped
BTS_02000,Fake Telecom Station 02000,22.040449,104.378721,Lào Cai,Lào Cai,mapped
BTS_02001,Fake Telecom Station 02001,12.887217,107.969669,Đắk Lắk,Đắk Lắk,mapped
BTS_02002,Fake Telecom Station 02002,9.73591,106.542383,Trà Vinh,Vĩnh Long,mapped
BTS_02003,Fake Telecom Station 02003,12.662756,108.47021,Đắk Lắk,Đắk Lắk,mapped
BTS_02004,Fake Telecom Station 02004,22.678545,106.301517,Cao Bằng,Cao Bằng,mapped
BTS_02005,Fake Telecom Station 02005,11.401975,106.169628,Tây Ninh,Tây Ninh,mapped
BTS_02006,Fake Telecom Station 02006,8.912793,105.21016,Cà Mau,Cà Mau,mapped
BTS_02007,Fake Telecom Station 02007,11.413081,108.169175,Lâm Đồng,Lâm Đồng,mapped
BTS_02008,Fake Telecom Station 02008,16.101271,107.488472,Thừa Thiên Huế,Huế,mapped
BTS_02009,Fake Telecom Station 02009,11.673401,106.650349,Bình Phước,Đồng Nai,mapped
BTS_02010,Fake Telecom Station 02010,21.610218,106.274017,Lạng Sơn,Lạng Sơn,mapped
BTS_02011,Fake Telecom Station 02011,19.90525,105.130747,Nghệ An,Nghệ An,mapped
BTS_02012,Fake Telecom Station 02012,16.205293,107.79664,Thừa Thiên Huế,Huế,mapped
BTS_02013,Fake Telecom Station 02013,20.358769,106.236972,Nam Định,Ninh Bình,mapped
BTS_02014,Fake Telecom Station 02014,11.593062,108.973161,Ninh Thuận,Khánh Hòa,mapped
BTS_02015,Fake Telecom Station 02015,21.828077,104.083952,Yên Bái,Lào Cai,mapped
BTS_02016,Fake Telecom Station 02016,22.192907,104.808427,Hà Giang,Tuyên Quang,mapped
BTS_02017,Fake Telecom Station 02017,16.699301,106.64505,Quảng Trị,Quảng Trị,mapped
BTS_02018,Fake Telecom Station 02018,17.19656,106.367727,Quảng Bình,Quảng Trị,mapped
BTS_02019,Fake Telecom Station 02019,20.742397,106.58082,Hải Phòng,Hải Phòng,mapped
BTS_02020,Fake Telecom Station 02020,14.262981,108.638349,Gia Lai,Gia Lai,mapped
BTS_02021,Fake Telecom Station 02021,18.79307,104.943195,Nghệ An,Nghệ An,mapped
BTS_02022,Fake Telecom Station 02022,18.070303,105.842249,Hà Tĩnh,Hà Tĩnh,mapped
BTS_02023,Fake Telecom Station 02023,12.497682,108.78216,Khánh Hòa,Khánh Hòa,mapped
BTS_02024,Fake Telecom Station 02024,20.971601,105.025917,Hòa Bình,Phú Thọ,mapped
BTS_02025,Fake Telecom Station 02025,12.826047,107.91186,Đắk Lắk,Đắk Lắk,mapped
BTS_02026,Fake Telecom Station 02026,20.525205,105.02464,Thanh Hóa,Thanh Hóa,mapped
BTS_02027,Fake Telecom Station 02027,18.484524,105.176462,Hà Tĩnh,Hà Tĩnh,mapped
BTS_02028,Fake Telecom Station 02028,13.501997,108.937125,Phú Yên,Đắk Lắk,mapped
BTS_02029,Fake Telecom Station 02029,21.155681,104.669821,Sơn La,Sơn La,mapped
BTS_02030,Fake Telecom Station 02030,22.765463,105.033347,Hà Giang,Tuyên Quang,mapped
BTS_02031,Fake Telecom Station 02031,11.054922,106.991113,Đồng Nai,Đồng Nai,mapped
BTS_02032,Fake Telecom Station 02032,11.235095,108.741268,Bình Thuận,Lâm Đồng,mapped
BTS_02033,Fake Telecom Station 02033,11.227286,107.653408,Bình Thuận,Lâm Đồng,mapped
BTS_02034,Fake Telecom Station 02034,15.103827,108.44594,Quảng Ngãi,Quảng Ngãi,mapped
BTS_02035,Fake Telecom Station 02035,11.671015,106.123353,Tây Ninh,Tây Ninh,mapped
BTS_02036,Fake Telecom Station 02036,21.220114,107.367011,Quảng Ninh,Quảng Ninh,mapped
BTS_02037,Fake Telecom Station 02037,12.97131,107.731074,Đắk Lắk,Đắk Lắk,mapped
BTS_02038,Fake Telecom Station 02038,22.354902,104.195962,Lào Cai,Lào Cai,mapped
BTS_02039,Fake Telecom Station 02039,10.831698,105.501267,Đồng Tháp,Đồng Tháp,mapped
BTS_02040,Fake Telecom Station 02040,15.687271,108.028819,Quảng Nam,Đà Nẵng,mapped
BTS_02041,Fake Telecom Station 02041,22.375014,105.10619,Tuyên Quang,Tuyên Quang,mapped
BTS_02042,Fake Telecom Station 02042,18.679849,105.456635,Nghệ An,Nghệ An,mapped
BTS_02043,Fake Telecom Station 02043,15.715484,107.770281,Quảng Nam,Đà Nẵng,mapped
BTS_02044,Fake Telecom Station 02044,11.684644,109.127575,Ninh Thuận,Khánh Hòa,mapped
BTS_02045,Fake Telecom Station 02045,15.520453,107.952205,Quảng Nam,Đà Nẵng,mapped
BTS_02046,Fake Telecom Station 02046,15.614572,107.508495,Quảng Nam,Đà Nẵng,mapped
BTS_02047,Fake Telecom Station 02047,9.32745,105.455576,Bạc Liêu,Cà Mau,mapped
BTS_02048,Fake Telecom Station 02048,9.943187,105.501344,Kiên Giang,An Giang,mapped
BTS_02049,Fake Telecom Station 02049,19.863381,105.652284,Thanh Hóa,Thanh Hóa,mapped
BTS_02050,Fake Telecom Station 02050,21.309849,106.126929,Bắc Giang,Bắc Ninh,mapped
BTS_02051,Fake Telecom Station 02051,21.697322,104.680533,Yên Bái,Lào Cai,mapped
BTS_02052,Fake Telecom Station 02052,10.611572,107.432801,Bà Rịa–Vũng Tàu,TPHCM,mapped
BTS_02053,Fake Telecom Station 02053,22.47834,106.19935,Cao Bằng,Cao Bằng,mapped
BTS_02054,Fake Telecom Station 02054,11.441337,106.810982,Bình Phước,Đồng Nai,mapped
BTS_02055,Fake Telecom Station 02055,14.179825,108.141346,Gia Lai,Gia Lai,mapped
BTS_02056,Fake Telecom Station 02056,20.803467,106.068663,Hưng Yên,Hưng Yên,mapped
BTS_02057,Fake Telecom Station 02057,10.488953,105.781672,Đồng Tháp,Đồng Tháp,mapped
BTS_02058,Fake Telecom Station 02058,10.621161,107.345553,Bà Rịa–Vũng Tàu,TPHCM,mapped
BTS_02059,Fake Telecom Station 02059,20.869923,105.142983,Hòa Bình,Phú Thọ,mapped
BTS_02060,Fake Telecom Station 02060,16.621478,107.270878,Quảng Trị,Quảng Trị,mapped
BTS_02061,Fake Telecom Station 02061,10.014105,105.923145,Vĩnh Long,Vĩnh Long,mapped
BTS_02062,Fake Telecom Station 02062,13.940231,108.239585,Gia Lai,Gia Lai,mapped
BTS_02063,Fake Telecom Station 02063,14.030931,107.905005,Gia Lai,Gia Lai,mapped
BTS_02064,Fake Telecom Station 02064,10.164527,105.815137,Vĩnh Long,Vĩnh Long,mapped
BTS_02065,Fake Telecom Station 02065,21.701452,103.338134,Điện Biên,Điện Biên,mapped
BTS_02066,Fake Telecom Station 02066,14.83169,107.968671,Kon Tum,Quảng Ngãi,mapped
BTS_02067,Fake Telecom Station 02067,21.940707,105.621063,Thái Nguyên,Thái Nguyên,mapped
BTS_02068,Fake Telecom Station 02068,14.282169,108.814868,Bình Định,Gia Lai,mapped
BTS_02069,Fake Telecom Station 02069,13.785417,108.626796,Gia Lai,Gia Lai,mapped
BTS_02070,Fake Telecom Station 02070,10.265316,105.583923,Cần Thơ,Cần Thơ,mapped
BTS_02071,Fake Telecom Station 02071,19.643622,104.110663,Nghệ An,Nghệ An,mapped
BTS_02072,Fake Telecom Station 02072,15.84211,107.515618,Quảng Nam,Đà Nẵng,mapped
BTS_02073,Fake Telecom Station 02073,10.96887,107.380009,Đồng Nai,Đồng Nai,mapped
BTS_02074,Fake Telecom Station 02074,9.625243,106.036179,Sóc Trăng,Cần Thơ,mapped
BTS_02075,Fake Telecom Station 02075,11.24619,106.449502,Bình Dương,TPHCM,mapped
BTS_02076,Fake Telecom Station 02076,12.056906,108.132855,Lâm Đồng,Lâm Đồng,mapped
BTS_02077,Fake Telecom Station 02077,10.841149,107.866926,Bình Thuận,Lâm Đồng,mapped
BTS_02078,Fake Telecom Station 02078,21.431655,107.243228,Lạng Sơn,Lạng Sơn,mapped
BTS_02079,Fake Telecom Station 02079,17.806105,105.944107,Quảng Bình,Quảng Trị,mapped
BTS_02080,Fake Telecom Station 02080,10.093827,105.877867,Vĩnh Long,Vĩnh Long,mapped
BTS_02081,Fake Telecom Station 02081,15.569286,107.970565,Quảng Nam,Đà Nẵng,mapped
BTS_02082,Fake Telecom Station 02082,22.615511,102.579424,Lai Châu,Lai Châu,mapped
BTS_02083,Fake Telecom Station 02083,9.468754,105.728235,Sóc Trăng,Cần Thơ,mapped
BTS_02084,Fake Telecom Station 02084,21.4174,106.4084,Lạng Sơn,Lạng Sơn,mapped
BTS_02085,Fake Telecom Station 02085,11.914447,107.425394,Đắk Nông,Lâm Đồng,mapped
BTS_02086,Fake Telecom Station 02086,11.203176,106.150534,Tây Ninh,Tây Ninh,mapped
BTS_02087,Fake Telecom Station 02087,15.512424,108.388152,Quảng Nam,Đà Nẵng,mapped
BTS_02088,Fake Telecom Station 02088,20.201554,105.986415,Ninh Bình,Ninh Bình,mapped
BTS_02089,Fake Telecom Station 02089,22.001752,105.926475,Bắc Kạn,Thái Nguyên,mapped
BTS_02090,Fake Telecom Station 02090,22.217775,104.173874,Lào Cai,Lào Cai,mapped
BTS_02091,Fake Telecom Station 02091,19.674798,105.641596,Thanh Hóa,Thanh Hóa,mapped
BTS_02092,Fake Telecom Station 02092,11.402085,108.011064,Lâm Đồng,Lâm Đồng,mapped
BTS_02093,Fake Telecom Station 02093,12.590892,108.414179,Đắk Lắk,Đắk Lắk,mapped
BTS_02094,Fake Telecom Station 02094,14.061556,108.308997,Gia Lai,Gia Lai,mapped
BTS_02095,Fake Telecom Station 02095,22.594943,102.391015,Lai Châu,Lai Châu,mapped
BTS_02096,Fake Telecom Station 02096,15.786655,108.08946,Quảng Nam,Đà Nẵng,mapped
BTS_02097,Fake Telecom Station 02097,21.088556,104.73254,Sơn La,Sơn La,mapped
BTS_02098,Fake Telecom Station 02098,10.10165,106.507796,Bến Tre,Vĩnh Long,mapped
BTS_02099,Fake Telecom Station 02099,21.705933,105.704864,Thái Nguyên,Thái Nguyên,mapped
BTS_02100,Fake Telecom Station 02100,13.813283,107.922367,Gia Lai,Gia Lai,mapped
BTS_02101,Fake Telecom Station 02101,17.463284,106.614407,Quảng Bình,Quảng Trị,mapped
BTS_02102,Fake Telecom Station 02102,18.42119,105.79064,Hà Tĩnh,Hà Tĩnh,mapped
BTS_02103,Fake Telecom Station 02103,21.60652,107.575208,Quảng Ninh,Quảng Ninh,mapped
BTS_02104,Fake Telecom Station 02104,11.091364,106.798049,Bình Dương,TPHCM,mapped
BTS_02105,Fake Telecom Station 02105,10.842979,107.267085,Đồng Nai,Đồng Nai,mapped
BTS_02106,Fake Telecom Station 02106,22.396057,105.539135,Bắc Kạn,Thái Nguyên,mapped
BTS_02107,Fake Telecom Station 02107,9.640283,106.549261,Trà Vinh,Vĩnh Long,mapped
BTS_02108,Fake Telecom Station 02108,11.485931,108.485937,Bình Thuận,Lâm Đồng,mapped
BTS_02109,Fake Telecom Station 02109,11.539677,106.29341,Tây Ninh,Tây Ninh,mapped
BTS_02110,Fake Telecom Station 02110,13.016768,107.891972,Đắk Lắk,Đắk Lắk,mapped
BTS_02111,Fake Telecom Station 02111,22.177192,104.88185,Tuyên Quang,Tuyên Quang,mapped
BTS_02112,Fake Telecom Station 02112,21.584858,104.251242,Sơn La,Sơn La,mapped
BTS_02113,Fake Telecom Station 02113,21.443099,107.648611,Quảng Ninh,Quảng Ninh,mapped
BTS_02114,Fake Telecom Station 02114,10.596655,105.794381,Đồng Tháp,Đồng Tháp,mapped
BTS_02115,Fake Telecom Station 02115,20.821485,105.74507,Hà Nội	,Hà Nội,mapped
BTS_02116,Fake Telecom Station 02116,19.417662,104.663919,Nghệ An,Nghệ An,mapped
BTS_02117,Fake Telecom Station 02117,21.123687,105.463971,Hà Nội	,Hà Nội,mapped
BTS_02118,Fake Telecom Station 02118,21.633917,106.029624,Thái Nguyên,Thái Nguyên,mapped
BTS_02119,Fake Telecom Station 02119,22.046117,105.331382,Tuyên Quang,Tuyên Quang,mapped
BTS_02120,Fake Telecom Station 02120,12.158244,108.354444,Lâm Đồng,Lâm Đồng,mapped
BTS_02121,Fake Telecom Station 02121,21.981773,106.781618,Lạng Sơn,Lạng Sơn,mapped
BTS_02122,Fake Telecom Station 02122,22.024563,103.221847,Điện Biên,Điện Biên,mapped
BTS_02123,Fake Telecom Station 02123,21.094132,107.306296,Quảng Ninh,Quảng Ninh,mapped
BTS_02124,Fake Telecom Station 02124,21.074329,103.619454,Sơn La,Sơn La,mapped
BTS_02125,Fake Telecom Station 02125,9.763404,105.682194,Hậu Giang,Cần Thơ,mapped
BTS_02126,Fake Telecom Station 02126,20.838078,104.87637,Sơn La,Sơn La,mapped
BTS_02127,Fake Telecom Station 02127,10.51076,104.968697,An Giang,An Giang,mapped
BTS_02128,Fake Telecom Station 02128,20.598893,104.726283,Sơn La,Sơn La,mapped
BTS_02129,Fake Telecom Station 02129,22.685701,105.648987,Bắc Kạn,Thái Nguyên,mapped
BTS_02130,Fake Telecom Station 02130,20.611294,105.221434,Hòa Bình,Phú Thọ,mapped
BTS_02131,Fake Telecom Station 02131,13.094379,108.909304,Phú Yên,Đắk Lắk,mapped
BTS_02132,Fake Telecom Station 02132,12.913635,108.139377,Đắk Lắk,Đắk Lắk,mapped
BTS_02133,Fake Telecom Station 02133,14.738494,107.829193,Kon Tum,Quảng Ngãi,mapped
BTS_02134,Fake Telecom Station 02134,11.913194,107.113947,Bình Phước,Đồng Nai,mapped
BTS_02135,Fake Telecom Station 02135,22.832649,104.938755,Hà Giang,Tuyên Quang,mapped
BTS_02136,Fake Telecom Station 02136,11.301079,106.787745,Bình Dương,TPHCM,mapped
BTS_02137,Fake Telecom Station 02137,20.313008,105.150235,Thanh Hóa,Thanh Hóa,mapped
BTS_02138,Fake Telecom Station 02138,22.178581,102.596529,Điện Biên,Điện Biên,mapped
BTS_02139,Fake Telecom Station 02139,21.160632,103.614777,Sơn La,Sơn La,mapped
BTS_02140,Fake Telecom Station 02140,10.583459,105.129548,An Giang,An Giang,mapped
BTS_02141,Fake Telecom Station 02141,9.858952,105.030647,Kiên Giang,An Giang,mapped
BTS_02142,Fake Telecom Station 02142,16.115686,107.402022,Thừa Thiên Huế,Huế,mapped
BTS_02143,Fake Telecom Station 02143,10.842536,105.299216,Đồng Tháp,Đồng Tháp,mapped
BTS_02144,Fake Telecom Station 02144,12.175086,108.227948,Đắk Lắk,Đắk Lắk,mapped
BTS_02145,Fake Telecom Station 02145,14.947633,108.506427,Quảng Ngãi,Quảng Ngãi,mapped
BTS_02146,Fake Telecom Station 02146,13.073702,109.017605,Phú Yên,Đắk Lắk,mapped
BTS_02147,Fake Telecom Station 02147,13.336836,109.21846,Phú Yên,Đắk Lắk,mapped
BTS_02148,Fake Telecom Station 02148,11.003279,108.34317,Bình Thuận,Lâm Đồng,mapped
BTS_02149,Fake Telecom Station 02149,12.462643,108.737332,Khánh Hòa,Khánh Hòa,mapped
BTS_02150,Fake Telecom Station 02150,8.992163,105.056203,Cà Mau,Cà Mau,mapped
BTS_02151,Fake Telecom Station 02151,11.926401,106.807483,Bình Phước,Đồng Nai,mapped
BTS_02152,Fake Telecom Station 02152,11.49748,108.09221,Lâm Đồng,Lâm Đồng,mapped
BTS_02153,Fake Telecom Station 02153,15.372102,108.501669,Quảng Nam,Đà Nẵng,mapped
BTS_02154,Fake Telecom Station 02154,11.816927,107.452892,Đắk Nông,Lâm Đồng,mapped
BTS_02155,Fake Telecom Station 02155,20.964479,106.164864,Hưng Yên,Hưng Yên,mapped
BTS_02156,Fake Telecom Station 02156,15.64432,107.412221,Quảng Nam,Đà Nẵng,mapped
BTS_02157,Fake Telecom Station 02157,21.150849,107.125364,Quảng Ninh,Quảng Ninh,mapped
BTS_02158,Fake Telecom Station 02158,10.398194,104.498548,Kiên Giang,An Giang,mapped
BTS_02159,Fake Telecom Station 02159,21.439944,105.25383,Phú Thọ,Phú Thọ,mapped
BTS_02160,Fake Telecom Station 02160,21.735033,106.743676,Lạng Sơn,Lạng Sơn,mapped
BTS_02161,Fake Telecom Station 02161,22.266133,102.802146,Lai Châu,Lai Châu,mapped
BTS_02162,Fake Telecom Station 02162,13.566215,108.255397,Gia Lai,Gia Lai,mapped
BTS_02163,Fake Telecom Station 02163,13.842849,108.628086,Gia Lai,Gia Lai,mapped
BTS_02164,Fake Telecom Station 02164,10.671268,106.57314,Ho Chi Minh,TPHCM,mapped
BTS_02165,Fake Telecom Station 02165,19.575312,104.447769,Nghệ An,Nghệ An,mapped
BTS_02166,Fake Telecom Station 02166,22.560265,105.021624,Hà Giang,Tuyên Quang,mapped
BTS_02167,Fake Telecom Station 02167,16.452548,107.025498,Quảng Trị,Quảng Trị,mapped
BTS_02168,Fake Telecom Station 02168,17.846865,105.903637,Quảng Bình,Quảng Trị,mapped
BTS_02169,Fake Telecom Station 02169,21.504364,103.552546,Sơn La,Sơn La,mapped
BTS_02170,Fake Telecom Station 02170,14.658356,107.649459,Kon Tum,Quảng Ngãi,mapped
BTS_02171,Fake Telecom Station 02171,11.083623,107.196705,Đồng Nai,Đồng Nai,mapped
BTS_02172,Fake Telecom Station 02172,10.009157,105.631838,Cần Thơ,Cần Thơ,mapped
BTS_02173,Fake Telecom Station 02173,22.602199,105.547168,Tuyên Quang,Tuyên Quang,mapped
BTS_02174,Fake Telecom Station 02174,9.486408,105.208851,Kiên Giang,An Giang,mapped
BTS_02175,Fake Telecom Station 02175,21.36072,103.727799,Sơn La,Sơn La,mapped
BTS_02176,Fake Telecom Station 02176,11.473104,107.374376,Đồng Nai,Đồng Nai,mapped
BTS_02177,Fake Telecom Station 02177,21.622068,105.00172,Phú Thọ,Phú Thọ,mapped
BTS_02178,Fake Telecom Station 02178,21.665966,106.914623,Lạng Sơn,Lạng Sơn,mapped
BTS_02179,Fake Telecom Station 02179,20.784362,105.089647,Hòa Bình,Phú Thọ,mapped
BTS_02180,Fake Telecom Station 02180,21.957583,106.460713,Lạng Sơn,Lạng Sơn,mapped
BTS_02181,Fake Telecom Station 02181,21.368295,103.494223,Sơn La,Sơn La,mapped
BTS_02182,Fake Telecom Station 02182,13.32848,108.627202,Gia Lai,Gia Lai,mapped
BTS_02183,Fake Telecom Station 02183,20.279292,106.32509,Nam Định,Ninh Bình,mapped
BTS_02184,Fake Telecom Station 02184,18.518668,105.240085,Hà Tĩnh,Hà Tĩnh,mapped
BTS_02185,Fake Telecom Station 02185,12.391849,109.099661,Khánh Hòa,Khánh Hòa,mapped
BTS_02186,Fake Telecom Station 02186,11.005592,106.794526,Đồng Nai,Đồng Nai,mapped
BTS_02187,Fake Telecom Station 02187,20.198217,104.939675,Thanh Hóa,Thanh Hóa,mapped
BTS_02188,Fake Telecom Station 02188,22.629644,103.431933,Lai Châu,Lai Châu,mapped
BTS_02189,Fake Telecom Station 02189,22.651388,104.285604,Lào Cai,Lào Cai,mapped
BTS_02190,Fake Telecom Station 02190,15.266345,108.520248,Quảng Ngãi,Quảng Ngãi,mapped
BTS_02191,Fake Telecom Station 02191,20.994601,106.051304,Hưng Yên,Hưng Yên,mapped
BTS_02192,Fake Telecom Station 02192,13.963899,107.516781,Gia Lai,Gia Lai,mapped
BTS_02193,Fake Telecom Station 02193,17.030487,107.002263,Quảng Trị,Quảng Trị,mapped
BTS_02194,Fake Telecom Station 02194,12.135136,107.711004,Đắk Nông,Lâm Đồng,mapped
BTS_02195,Fake Telecom Station 02195,15.339298,107.858685,Quảng Nam,Đà Nẵng,mapped
BTS_02196,Fake Telecom Station 02196,11.157654,106.458201,Bình Dương,TPHCM,mapped
BTS_02197,Fake Telecom Station 02197,16.651848,107.337218,Thừa Thiên Huế,Huế,mapped
BTS_02198,Fake Telecom Station 02198,14.810911,108.576801,Kon Tum,Quảng Ngãi,mapped
BTS_02199,Fake Telecom Station 02199,20.675184,106.479397,Hải Phòng,Hải Phòng,mapped
BTS_02200,Fake Telecom Station 02200,22.099988,104.658329,Yên Bái,Lào Cai,mapped
BTS_02201,Fake Telecom Station 02201,12.946192,108.392316,Đắk Lắk,Đắk Lắk,mapped
BTS_02202,Fake Telecom Station 02202,22.007401,103.704678,Lai Châu,Lai Châu,mapped
BTS_02203,Fake Telecom Station 02203,13.840928,109.04723,Bình Định,Gia Lai,mapped
BTS_02204,Fake Telecom Station 02204,18.703695,105.229339,Nghệ An,Nghệ An,mapped
BTS_02205,Fake Telecom Station 02205,10.911172,106.368274,Long An,Tây Ninh,mapped
BTS_02206,Fake Telecom Station 02206,22.526627,104.980253,Hà Giang,Tuyên Quang,mapped
BTS_02207,Fake Telecom Station 02207,13.505745,108.98854,Phú Yên,Đắk Lắk,mapped
BTS_02208,Fake Telecom Station 02208,12.00682,107.512074,Đắk Nông,Lâm Đồng,mapped
BTS_02209,Fake Telecom Station 02209,9.94874,105.619252,Cần Thơ,Cần Thơ,mapped
BTS_02210,Fake Telecom Station 02210,11.176382,107.519959,Bình Thuận,Lâm Đồng,mapped
BTS_02211,Fake Telecom Station 02211,21.48552,105.237497,Phú Thọ,Phú Thọ,mapped
BTS_02212,Fake Telecom Station 02212,12.372878,108.879571,Khánh Hòa,Khánh Hòa,mapped
BTS_02213,Fake Telecom Station 02213,21.55083,103.103471,Điện Biên,Điện Biên,mapped
BTS_02214,Fake Telecom Station 02214,12.844309,108.927656,Phú Yên,Đắk Lắk,mapped
BTS_02215,Fake Telecom Station 02215,13.686961,108.830361,Gia Lai,Gia Lai,mapped
BTS_02216,Fake Telecom Station 02216,13.922813,108.756885,Gia Lai,Gia Lai,mapped
BTS_02217,Fake Telecom Station 02217,13.581551,108.789876,Phú Yên,Đắk Lắk,mapped
BTS_02218,Fake Telecom Station 02218,21.510379,103.309845,Điện Biên,Điện Biên,mapped
BTS_02219,Fake Telecom Station 02219,10.827612,105.16001,An Giang,An Giang,mapped
BTS_02220,Fake Telecom Station 02220,22.518037,103.416827,Lai Châu,Lai Châu,mapped
BTS_02221,Fake Telecom Station 02221,22.177378,103.339616,Lai Châu,Lai Châu,mapped
BTS_02222,Fake Telecom Station 02222,9.793022,106.46044,Trà Vinh,Vĩnh Long,mapped
BTS_02223,Fake Telecom Station 02223,17.556745,106.375501,Quảng Bình,Quảng Trị,mapped
BTS_02224,Fake Telecom Station 02224,15.657381,107.840403,Quảng Nam,Đà Nẵng,mapped
BTS_02225,Fake Telecom Station 02225,21.556656,107.284126,Quảng Ninh,Quảng Ninh,mapped
BTS_02226,Fake Telecom Station 02226,16.229775,107.331898,Thừa Thiên Huế,Huế,mapped
BTS_02227,Fake Telecom Station 02227,22.15063,104.027531,Lào Cai,Lào Cai,mapped
BTS_02228,Fake Telecom Station 02228,19.344702,104.390541,Nghệ An,Nghệ An,mapped
BTS_02229,Fake Telecom Station 02229,22.223304,106.225506,Bắc Kạn,Thái Nguyên,mapped
BTS_02230,Fake Telecom Station 02230,21.011698,106.631201,Hải Dương,Hải Phòng,mapped
BTS_02231,Fake Telecom Station 02231,20.801811,105.674932,Hòa Bình,Phú Thọ,mapped
BTS_02232,Fake Telecom Station 02232,13.46653,108.392111,Gia Lai,Gia Lai,mapped
BTS_02233,Fake Telecom Station 02233,11.464891,108.469758,Bình Thuận,Lâm Đồng,mapped
BTS_02234,Fake Telecom Station 02234,21.506698,106.116102,Bắc Giang,Bắc Ninh,mapped
BTS_02235,Fake Telecom Station 02235,22.004391,103.102202,Điện Biên,Điện Biên,mapped
BTS_02236,Fake Telecom Station 02236,10.579394,106.988571,Ho Chi Minh,TPHCM,mapped
BTS_02237,Fake Telecom Station 02237,11.302239,108.066555,Lâm Đồng,Lâm Đồng,mapped
BTS_02238,Fake Telecom Station 02238,22.074223,104.862938,Yên Bái,Lào Cai,mapped
BTS_02239,Fake Telecom Station 02239,10.274734,106.778573,Tiền Giang,Đồng Tháp,mapped
BTS_02240,Fake Telecom Station 02240,10.280785,104.045797,Kiên Giang,An Giang,mapped
BTS_02241,Fake Telecom Station 02241,14.669976,108.703824,Quảng Ngãi,Quảng Ngãi,mapped
BTS_02242,Fake Telecom Station 02242,19.082911,105.401233,Nghệ An,Nghệ An,mapped
BTS_02243,Fake Telecom Station 02243,18.206627,105.351107,Hà Tĩnh,Hà Tĩnh,mapped
BTS_02244,Fake Telecom Station 02244,22.406155,102.637879,Lai Châu,Lai Châu,mapped
BTS_02245,Fake Telecom Station 02245,15.350657,108.863808,Quảng Ngãi,Quảng Ngãi,mapped
BTS_02246,Fake Telecom Station 02246,14.51608,108.332896,Kon Tum,Quảng Ngãi,mapped
BTS_02247,Fake Telecom Station 02247,19.389935,105.026105,Nghệ An,Nghệ An,mapped
BTS_02248,Fake Telecom Station 02248,10.724457,107.623201,Bình Thuận,Lâm Đồng,mapped
BTS_02249,Fake Telecom Station 02249,21.641298,104.797233,Yên Bái,Lào Cai,mapped
BTS_02250,Fake Telecom Station 02250,19.022173,104.490332,Nghệ An,Nghệ An,mapped
BTS_02251,Fake Telecom Station 02251,21.000423,103.314301,Sơn La,Sơn La,mapped
BTS_02252,Fake Telecom Station 02252,22.000959,105.102989,Tuyên Quang,Tuyên Quang,mapped
BTS_02253,Fake Telecom Station 02253,13.622286,108.998632,Bình Định,Gia Lai,mapped
BTS_02254,Fake Telecom Station 02254,14.41822,108.464593,Gia Lai,Gia Lai,mapped
BTS_02255,Fake Telecom Station 02255,16.065099,107.479668,Thừa Thiên Huế,Huế,mapped
BTS_02256,Fake Telecom Station 02256,21.276416,103.310082,Điện Biên,Điện Biên,mapped
BTS_02257,Fake Telecom Station 02257,11.096461,107.421822,Đồng Nai,Đồng Nai,mapped
BTS_02258,Fake Telecom Station 02258,12.115011,108.522466,Lâm Đồng,Lâm Đồng,mapped
BTS_02259,Fake Telecom Station 02259,11.982542,108.108658,Lâm Đồng,Lâm Đồng,mapped
BTS_02260,Fake Telecom Station 02260,13.482865,108.235812,Gia Lai,Gia Lai,mapped
BTS_02261,Fake Telecom Station 02261,19.864164,105.937845,Thanh Hóa,Thanh Hóa,mapped
BTS_02262,Fake Telecom Station 02262,19.253969,104.798982,Nghệ An,Nghệ An,mapped
BTS_02263,Fake Telecom Station 02263,22.490686,105.020633,Hà Giang,Tuyên Quang,mapped
BTS_02264,Fake Telecom Station 02264,22.639429,104.151318,Lào Cai,Lào Cai,mapped
BTS_02265,Fake Telecom Station 02265,11.260014,106.461682,Bình Dương,TPHCM,mapped
BTS_02266,Fake Telecom Station 02266,21.551831,107.020987,Lạng Sơn,Lạng Sơn,mapped
BTS_02267,Fake Telecom Station 02267,21.839258,105.239816,Tuyên Quang,Tuyên Quang,mapped
BTS_02268,Fake Telecom Station 02268,21.160265,107.08718,Quảng Ninh,Quảng Ninh,mapped
BTS_02269,Fake Telecom Station 02269,22.138139,104.537943,Lào Cai,Lào Cai,mapped
BTS_02270,Fake Telecom Station 02270,21.099717,103.391201,Điện Biên,Điện Biên,mapped
BTS_02271,Fake Telecom Station 02271,20.687395,105.523157,Hòa Bình,Phú Thọ,mapped
BTS_02272,Fake Telecom Station 02272,21.225403,105.56751,Vĩnh Phúc,Phú Thọ,mapped
BTS_02273,Fake Telecom Station 02273,21.091993,103.078003,Điện Biên,Điện Biên,mapped
BTS_02274,Fake Telecom Station 02274,20.213846,106.154366,Ninh Bình,Ninh Bình,mapped
BTS_02275,Fake Telecom Station 02275,19.041425,105.55526,Nghệ An,Nghệ An,mapped
BTS_02276,Fake Telecom Station 02276,10.877316,106.819233,Ho Chi Minh,TPHCM,mapped
BTS_02277,Fake Telecom Station 02277,12.71491,109.079069,Khánh Hòa,Khánh Hòa,mapped
BTS_02278,Fake Telecom Station 02278,11.428629,108.349784,Bình Thuận,Lâm Đồng,mapped
BTS_02279,Fake Telecom Station 02279,20.231922,104.934206,Thanh Hóa,Thanh Hóa,mapped
BTS_02280,Fake Telecom Station 02280,11.915118,108.121621,Lâm Đồng,Lâm Đồng,mapped
BTS_02281,Fake Telecom Station 02281,20.209159,106.155169,Ninh Bình,Ninh Bình,mapped
BTS_02282,Fake Telecom Station 02282,22.818883,105.285408,Hà Giang,Tuyên Quang,mapped
BTS_02283,Fake Telecom Station 02283,14.772819,107.890442,Kon Tum,Quảng Ngãi,mapped
BTS_02284,Fake Telecom Station 02284,21.602488,105.018353,Phú Thọ,Phú Thọ,mapped
BTS_02285,Fake Telecom Station 02285,13.427414,108.114575,Đắk Lắk,Đắk Lắk,mapped
BTS_02286,Fake Telecom Station 02286,13.693968,108.94068,Bình Định,Gia Lai,mapped
BTS_02287,Fake Telecom Station 02287,15.970444,107.609682,Quảng Nam,Đà Nẵng,mapped
BTS_02288,Fake Telecom Station 02288,9.810889,105.475956,Hậu Giang,Cần Thơ,mapped
BTS_02289,Fake Telecom Station 02289,15.281094,107.945421,Quảng Nam,Đà Nẵng,mapped
BTS_02290,Fake Telecom Station 02290,22.718339,106.722615,Cao Bằng,Cao Bằng,mapped
BTS_02291,Fake Telecom Station 02291,21.796824,104.017894,Yên Bái,Lào Cai,mapped
BTS_02292,Fake Telecom Station 02292,12.734859,107.853254,Đắk Nông,Lâm Đồng,mapped
BTS_02293,Fake Telecom Station 02293,15.159822,108.068174,Quảng Nam,Đà Nẵng,mapped
BTS_02294,Fake Telecom Station 02294,15.190198,108.237929,Quảng Nam,Đà Nẵng,mapped
BTS_02295,Fake Telecom Station 02295,20.99287,103.579624,Sơn La,Sơn La,mapped
BTS_02296,Fake Telecom Station 02296,14.26511,108.94597,Bình Định,Gia Lai,mapped
BTS_02297,Fake Telecom Station 02297,22.476555,106.038775,Bắc Kạn,Thái Nguyên,mapped
BTS_02298,Fake Telecom Station 02298,20.508934,106.165015,Hà Nam,Ninh Bình,mapped
BTS_02299,Fake Telecom Station 02299,21.05274,105.110794,Phú Thọ,Phú Thọ,mapped
BTS_02300,Fake Telecom Station 02300,22.586077,105.584336,Bắc Kạn,Thái Nguyên,mapped
BTS_02301,Fake Telecom Station 02301,20.849772,105.301428,Hòa Bình,Phú Thọ,mapped
BTS_02302,Fake Telecom Station 02302,22.750782,106.656048,Cao Bằng,Cao Bằng,mapped
BTS_02303,Fake Telecom Station 02303,19.741169,105.372414,Thanh Hóa,Thanh Hóa,mapped
BTS_02304,Fake Telecom Station 02304,10.089051,105.255854,Kiên Giang,An Giang,mapped
BTS_02305,Fake Telecom Station 02305,19.224229,104.294462,Nghệ An,Nghệ An,mapped
BTS_02306,Fake Telecom Station 02306,22.683417,106.58204,Cao Bằng,Cao Bằng,mapped
BTS_02307,Fake Telecom Station 02307,14.362812,108.58872,Gia Lai,Gia Lai,mapped
BTS_02308,Fake Telecom Station 02308,13.144896,107.935319,Đắk Lắk,Đắk Lắk,mapped
BTS_02309,Fake Telecom Station 02309,10.074685,103.993767,Kiên Giang,An Giang,mapped
BTS_02310,Fake Telecom Station 02310,16.762696,107.160424,Quảng Trị,Quảng Trị,mapped
BTS_02311,Fake Telecom Station 02311,21.137414,104.253325,Sơn La,Sơn La,mapped
BTS_02312,Fake Telecom Station 02312,19.363769,105.534998,Nghệ An,Nghệ An,mapped
BTS_02313,Fake Telecom Station 02313,13.632287,109.003828,Bình Định,Gia Lai,mapped
BTS_02314,Fake Telecom Station 02314,22.621457,103.234347,Lai Châu,Lai Châu,mapped
BTS_02315,Fake Telecom Station 02315,9.545051,105.542065,Bạc Liêu,Cà Mau,mapped
BTS_02316,Fake Telecom Station 02316,8.610466,104.773675,Cà Mau,Cà Mau,mapped
BTS_02317,Fake Telecom Station 02317,12.067514,109.187628,Khánh Hòa,Khánh Hòa,mapped
BTS_02318,Fake Telecom Station 02318,9.459439,105.223046,Kiên Giang,An Giang,mapped
BTS_02319,Fake Telecom Station 02319,14.317592,108.530255,Gia Lai,Gia Lai,mapped
BTS_02320,Fake Telecom Station 02320,22.386949,104.397368,Lào Cai,Lào Cai,mapped
BTS_02321,Fake Telecom Station 02321,21.188785,105.921465,Hà Nội	,Hà Nội,mapped
BTS_02322,Fake Telecom Station 02322,10.820078,105.895294,Long An,Tây Ninh,mapped
BTS_02323,Fake Telecom Station 02323,21.064322,107.328735,Quảng Ninh,Quảng Ninh,mapped
BTS_02324,Fake Telecom Station 02324,10.380482,105.585657,Đồng Tháp,Đồng Tháp,mapped
BTS_02325,Fake Telecom Station 02325,22.01252,103.6923,Lai Châu,Lai Châu,mapped
BTS_02326,Fake Telecom Station 02326,19.095044,104.537471,Nghệ An,Nghệ An,mapped
BTS_02327,Fake Telecom Station 02327,22.143772,103.202971,Lai Châu,Lai Châu,mapped
BTS_02328,Fake Telecom Station 02328,21.530554,106.421451,Lạng Sơn,Lạng Sơn,mapped
BTS_02329,Fake Telecom Station 02329,10.867221,106.91634,Đồng Nai,Đồng Nai,mapped
BTS_02330,Fake Telecom Station 02330,19.115484,105.393782,Nghệ An,Nghệ An,mapped
BTS_02331,Fake Telecom Station 02331,9.555625,105.491582,Bạc Liêu,Cà Mau,mapped
BTS_02332,Fake Telecom Station 02332,22.033581,106.143732,Lạng Sơn,Lạng Sơn,mapped
BTS_02333,Fake Telecom Station 02333,18.745204,105.489823,Nghệ An,Nghệ An,mapped
BTS_02334,Fake Telecom Station 02334,11.510163,108.179439,Lâm Đồng,Lâm Đồng,mapped
BTS_02335,Fake Telecom Station 02335,21.94111,103.542075,Sơn La,Sơn La,mapped
BTS_02336,Fake Telecom Station 02336,14.704263,108.541179,Kon Tum,Quảng Ngãi,mapped
BTS_02337,Fake Telecom Station 02337,18.261852,106.136831,Hà Tĩnh,Hà Tĩnh,mapped
BTS_02338,Fake Telecom Station 02338,22.623096,106.394114,Cao Bằng,Cao Bằng,mapped
BTS_02339,Fake Telecom Station 02339,17.181415,106.349513,Quảng Bình,Quảng Trị,mapped
BTS_02340,Fake Telecom Station 02340,13.130647,108.56001,Gia Lai,Gia Lai,mapped
BTS_02341,Fake Telecom Station 02341,11.176552,106.369951,Tây Ninh,Tây Ninh,mapped
BTS_02342,Fake Telecom Station 02342,21.654631,104.378775,Yên Bái,Lào Cai,mapped
BTS_02343,Fake Telecom Station 02343,15.709753,107.567818,Quảng Nam,Đà Nẵng,mapped
BTS_02344,Fake Telecom Station 02344,13.476793,108.423529,Gia Lai,Gia Lai,mapped
BTS_02345,Fake Telecom Station 02345,21.547775,105.530207,Tuyên Quang,Tuyên Quang,mapped
BTS_02346,Fake Telecom Station 02346,11.703476,106.796695,Bình Phước,Đồng Nai,mapped
BTS_02347,Fake Telecom Station 02347,11.122037,106.968037,Đồng Nai,Đồng Nai,mapped
BTS_02348,Fake Telecom Station 02348,9.832376,105.926838,Sóc Trăng,Cần Thơ,mapped
BTS_02349,Fake Telecom Station 02349,14.881961,108.925351,Quảng Ngãi,Quảng Ngãi,mapped
BTS_02350,Fake Telecom Station 02350,11.422423,107.996517,Lâm Đồng,Lâm Đồng,mapped
BTS_02351,Fake Telecom Station 02351,22.109839,104.473173,Yên Bái,Lào Cai,mapped
BTS_02352,Fake Telecom Station 02352,13.601485,109.099352,Bình Định,Gia Lai,mapped
BTS_02353,Fake Telecom Station 02353,21.894733,103.656159,Sơn La,Sơn La,mapped
BTS_02354,Fake Telecom Station 02354,12.616915,108.655735,Đắk Lắk,Đắk Lắk,mapped
BTS_02355,Fake Telecom Station 02355,21.022,103.691292,Sơn La,Sơn La,mapped
BTS_02356,Fake Telecom Station 02356,12.931618,108.983534,Phú Yên,Đắk Lắk,mapped
BTS_02357,Fake Telecom Station 02357,9.046926,105.147913,Cà Mau,Cà Mau,mapped
BTS_02358,Fake Telecom Station 02358,17.163793,106.457511,Quảng Bình,Quảng Trị,mapped
BTS_02359,Fake Telecom Station 02359,22.049378,104.228391,Lào Cai,Lào Cai,mapped
BTS_02360,Fake Telecom Station 02360,12.093201,107.584399,Đắk Nông,Lâm Đồng,mapped
BTS_02361,Fake Telecom Station 02361,12.757473,107.878149,Đắk Nông,Lâm Đồng,mapped
BTS_02362,Fake Telecom Station 02362,19.97978,105.416965,Thanh Hóa,Thanh Hóa,mapped
BTS_02363,Fake Telecom Station 02363,15.401798,107.71823,Quảng Nam,Đà Nẵng,mapped
BTS_02364,Fake Telecom Station 02364,10.390219,104.783308,Kiên Giang,An Giang,mapped
BTS_02365,Fake Telecom Station 02365,21.765972,105.609421,Thái Nguyên,Thái Nguyên,mapped
BTS_02366,Fake Telecom Station 02366,16.276263,107.346992,Thừa Thiên Huế,Huế,mapped
BTS_02367,Fake Telecom Station 02367,15.010771,107.485586,Kon Tum,Quảng Ngãi,mapped
BTS_02368,Fake Telecom Station 02368,10.626323,106.541907,Ho Chi Minh,TPHCM,mapped
BTS_02369,Fake Telecom Station 02369,21.221204,107.166917,Quảng Ninh,Quảng Ninh,mapped
BTS_02370,Fake Telecom Station 02370,21.298846,104.33977,Sơn La,Sơn La,mapped
BTS_02371,Fake Telecom Station 02371,13.929876,108.947149,Bình Định,Gia Lai,mapped
BTS_02372,Fake Telecom Station 02372,21.037935,104.946202,Hòa Bình,Phú Thọ,mapped
BTS_02373,Fake Telecom Station 02373,13.002338,109.346856,Phú Yên,Đắk Lắk,mapped
BTS_02374,Fake Telecom Station 02374,22.398236,103.700988,Lai Châu,Lai Châu,mapped
BTS_02375,Fake Telecom Station 02375,14.988699,108.597179,Quảng Ngãi,Quảng Ngãi,mapped
BTS_02376,Fake Telecom Station 02376,18.584651,105.72869,Hà Tĩnh,Hà Tĩnh,mapped
BTS_02377,Fake Telecom Station 02377,9.511448,105.314725,Bạc Liêu,Cà Mau,mapped
BTS_02378,Fake Telecom Station 02378,21.343454,106.199174,Bắc Giang,Bắc Ninh,mapped
BTS_02379,Fake Telecom Station 02379,21.957068,105.579101,Thái Nguyên,Thái Nguyên,mapped
BTS_02380,Fake Telecom Station 02380,22.229182,105.566919,Bắc Kạn,Thái Nguyên,mapped
BTS_02381,Fake Telecom Station 02381,13.159719,108.512465,Gia Lai,Gia Lai,mapped
BTS_02382,Fake Telecom Station 02382,16.093147,108.141953,Đà Nẵng,Đà Nẵng,mapped
BTS_02383,Fake Telecom Station 02383,21.642748,106.697264,Lạng Sơn,Lạng Sơn,mapped
BTS_02384,Fake Telecom Station 02384,16.818078,106.870027,Quảng Trị,Quảng Trị,mapped
BTS_02385,Fake Telecom Station 02385,21.467435,107.206347,Lạng Sơn,Lạng Sơn,mapped
BTS_02386,Fake Telecom Station 02386,22.571106,102.563126,Lai Châu,Lai Châu,mapped
BTS_02387,Fake Telecom Station 02387,21.974676,106.930383,Lạng Sơn,Lạng Sơn,mapped
BTS_02388,Fake Telecom Station 02388,10.027922,105.603887,Cần Thơ,Cần Thơ,mapped
BTS_02389,Fake Telecom Station 02389,15.287222,108.40598,Quảng Ngãi,Quảng Ngãi,mapped
BTS_02390,Fake Telecom Station 02390,16.673415,107.194549,Quảng Trị,Quảng Trị,mapped
BTS_02391,Fake Telecom Station 02391,21.856544,106.934778,Lạng Sơn,Lạng Sơn,mapped
BTS_02392,Fake Telecom Station 02392,20.775053,105.08718,Hòa Bình,Phú Thọ,mapped
BTS_02393,Fake Telecom Station 02393,14.480944,108.393911,Gia Lai,Gia Lai,mapped
BTS_02394,Fake Telecom Station 02394,19.329166,105.612626,Nghệ An,Nghệ An,mapped
BTS_02395,Fake Telecom Station 02395,18.981826,105.458699,Nghệ An,Nghệ An,mapped
BTS_02396,Fake Telecom Station 02396,10.511785,105.050354,An Giang,An Giang,mapped
BTS_02397,Fake Telecom Station 02397,19.202239,104.971327,Nghệ An,Nghệ An,mapped
BTS_02398,Fake Telecom Station 02398,22.512536,105.775087,Bắc Kạn,Thái Nguyên,mapped
BTS_02399,Fake Telecom Station 02399,11.604302,108.102128,Lâm Đồng,Lâm Đồng,mapped
BTS_02400,Fake Telecom Station 02400,18.881433,105.660763,Nghệ An,Nghệ An,mapped
BTS_02401,Fake Telecom Station 02401,21.476538,107.148647,Lạng Sơn,Lạng Sơn,mapped
BTS_02402,Fake Telecom Station 02402,21.019998,104.712784,Sơn La,Sơn La,mapped
BTS_02403,Fake Telecom Station 02403,13.192819,108.768842,Gia Lai,Gia Lai,mapped
BTS_02404,Fake Telecom Station 02404,21.14331,104.656991,Sơn La,Sơn La,mapped
BTS_02405,Fake Telecom Station 02405,10.242464,105.619203,Cần Thơ,Cần Thơ,mapped
BTS_02406,Fake Telecom Station 02406,21.436037,104.167507,Sơn La,Sơn La,mapped
BTS_02407,Fake Telecom Station 02407,19.325512,105.77577,Thanh Hóa,Thanh Hóa,mapped
BTS_02408,Fake Telecom Station 02408,10.302446,106.43815,Tiền Giang,Đồng Tháp,mapped
BTS_02409,Fake Telecom Station 02409,22.260354,104.020941,Lào Cai,Lào Cai,mapped
BTS_02410,Fake Telecom Station 02410,8.950593,105.071238,Cà Mau,Cà Mau,mapped
BTS_02411,Fake Telecom Station 02411,10.684776,107.098541,Đồng Nai,Đồng Nai,mapped
BTS_02412,Fake Telecom Station 02412,20.997767,106.71754,Hải Phòng,Hải Phòng,mapped
BTS_02413,Fake Telecom Station 02413,20.811914,106.439472,Hải Dương,Hải Phòng,mapped
BTS_02414,Fake Telecom Station 02414,21.525051,104.366257,Yên Bái,Lào Cai,mapped
BTS_02415,Fake Telecom Station 02415,20.663322,105.180186,Hòa Bình,Phú Thọ,mapped
BTS_02416,Fake Telecom Station 02416,11.716726,107.54059,Lâm Đồng,Lâm Đồng,mapped
BTS_02417,Fake Telecom Station 02417,21.563676,105.929505,Thái Nguyên,Thái Nguyên,mapped
BTS_02418,Fake Telecom Station 02418,22.02038,104.33359,Lào Cai,Lào Cai,mapped
BTS_02419,Fake Telecom Station 02419,22.094617,106.695526,Lạng Sơn,Lạng Sơn,mapped
BTS_02420,Fake Telecom Station 02420,21.339956,103.952732,Sơn La,Sơn La,mapped
BTS_02421,Fake Telecom Station 02421,16.378127,107.633659,Thừa Thiên Huế,Huế,mapped
BTS_02422,Fake Telecom Station 02422,20.428884,104.506255,Thanh Hóa,Thanh Hóa,mapped
BTS_02423,Fake Telecom Station 02423,19.782116,105.01519,Nghệ An,Nghệ An,mapped
BTS_02424,Fake Telecom Station 02424,11.81206,106.609304,Bình Phước,Đồng Nai,mapped
BTS_02425,Fake Telecom Station 02425,10.1462,105.782227,Vĩnh Long,Vĩnh Long,mapped
BTS_02426,Fake Telecom Station 02426,17.779038,106.298351,Quảng Bình,Quảng Trị,mapped
BTS_02427,Fake Telecom Station 02427,10.657697,105.797521,Long An,Tây Ninh,mapped
BTS_02428,Fake Telecom Station 02428,21.653532,103.63774,Sơn La,Sơn La,mapped
BTS_02429,Fake Telecom Station 02429,22.359007,105.288882,Tuyên Quang,Tuyên Quang,mapped
BTS_02430,Fake Telecom Station 02430,20.850113,105.321094,Hòa Bình,Phú Thọ,mapped
BTS_02431,Fake Telecom Station 02431,20.866068,107.012122,Hải Phòng,Hải Phòng,mapped
BTS_02432,Fake Telecom Station 02432,10.059596,105.760039,Cần Thơ,Cần Thơ,mapped
BTS_02433,Fake Telecom Station 02433,10.266974,105.205918,An Giang,An Giang,mapped
BTS_02434,Fake Telecom Station 02434,21.477804,103.547659,Sơn La,Sơn La,mapped
BTS_02435,Fake Telecom Station 02435,14.074878,108.417163,Gia Lai,Gia Lai,mapped
BTS_02436,Fake Telecom Station 02436,10.622318,107.51179,Bà Rịa–Vũng Tàu,TPHCM,mapped
BTS_02437,Fake Telecom Station 02437,20.66332,106.528591,Hải Phòng,Hải Phòng,mapped
BTS_02438,Fake Telecom Station 02438,13.74318,108.014202,Gia Lai,Gia Lai,mapped
BTS_02439,Fake Telecom Station 02439,22.119188,104.385115,Lào Cai,Lào Cai,mapped
BTS_02440,Fake Telecom Station 02440,20.519502,105.482305,Hòa Bình,Phú Thọ,mapped
BTS_02441,Fake Telecom Station 02441,12.025374,108.149475,Lâm Đồng,Lâm Đồng,mapped
BTS_02442,Fake Telecom Station 02442,19.999933,104.925031,Nghệ An,Nghệ An,mapped
BTS_02443,Fake Telecom Station 02443,22.355601,104.295343,Lào Cai,Lào Cai,mapped
BTS_02444,Fake Telecom Station 02444,10.880426,105.280769,Đồng Tháp,Đồng Tháp,mapped
BTS_02445,Fake Telecom Station 02445,13.83391,108.498493,Gia Lai,Gia Lai,mapped
BTS_02446,Fake Telecom Station 02446,18.980151,105.127674,Nghệ An,Nghệ An,mapped
BTS_02447,Fake Telecom Station 02447,9.91838,105.027481,Kiên Giang,An Giang,mapped
BTS_02448,Fake Telecom Station 02448,22.645132,104.849401,Hà Giang,Tuyên Quang,mapped
BTS_02449,Fake Telecom Station 02449,12.998411,108.661966,Đắk Lắk,Đắk Lắk,mapped
BTS_02450,Fake Telecom Station 02450,21.290821,106.666524,Bắc Giang,Bắc Ninh,mapped
BTS_02451,Fake Telecom Station 02451,21.267102,107.314942,Quảng Ninh,Quảng Ninh,mapped
BTS_02452,Fake Telecom Station 02452,18.443857,105.333997,Hà Tĩnh,Hà Tĩnh,mapped
BTS_02453,Fake Telecom Station 02453,20.271366,105.236978,Thanh Hóa,Thanh Hóa,mapped
BTS_02454,Fake Telecom Station 02454,22.585294,106.577955,Cao Bằng,Cao Bằng,mapped
BTS_02455,Fake Telecom Station 02455,21.762847,107.127912,Lạng Sơn,Lạng Sơn,mapped
BTS_02456,Fake Telecom Station 02456,13.427953,108.979948,Phú Yên,Đắk Lắk,mapped
BTS_02457,Fake Telecom Station 02457,13.27088,108.408932,Gia Lai,Gia Lai,mapped
BTS_02458,Fake Telecom Station 02458,20.309488,104.67718,Thanh Hóa,Thanh Hóa,mapped
BTS_02459,Fake Telecom Station 02459,20.829698,103.711007,Sơn La,Sơn La,mapped
BTS_02460,Fake Telecom Station 02460,22.131216,103.087673,Lai Châu,Lai Châu,mapped
BTS_02461,Fake Telecom Station 02461,8.724432,104.844279,Cà Mau,Cà Mau,mapped
BTS_02462,Fake Telecom Station 02462,9.94796,106.381738,Trà Vinh,Vĩnh Long,mapped
BTS_02463,Fake Telecom Station 02463,21.929734,103.625264,Sơn La,Sơn La,mapped
BTS_02464,Fake Telecom Station 02464,11.853582,108.584511,Lâm Đồng,Lâm Đồng,mapped
BTS_02465,Fake Telecom Station 02465,11.552525,106.824851,Bình Phước,Đồng Nai,mapped
BTS_02466,Fake Telecom Station 02466,21.488509,105.352261,Phú Thọ,Phú Thọ,mapped
BTS_02467,Fake Telecom Station 02467,16.513752,107.321462,Thừa Thiên Huế,Huế,mapped
BTS_02468,Fake Telecom Station 02468,23.007272,105.101145,Hà Giang,Tuyên Quang,mapped
BTS_02469,Fake Telecom Station 02469,11.811569,107.070362,Bình Phước,Đồng Nai,mapped
BTS_02470,Fake Telecom Station 02470,22.313452,105.213497,Tuyên Quang,Tuyên Quang,mapped
BTS_02471,Fake Telecom Station 02471,20.846536,103.629,Sơn La,Sơn La,mapped
BTS_02472,Fake Telecom Station 02472,19.412873,104.86718,Nghệ An,Nghệ An,mapped
BTS_02473,Fake Telecom Station 02473,16.354047,107.199669,Thừa Thiên Huế,Huế,mapped
BTS_02474,Fake Telecom Station 02474,14.801462,108.246813,Kon Tum,Quảng Ngãi,mapped
BTS_02475,Fake Telecom Station 02475,10.85312,106.901794,Đồng Nai,Đồng Nai,mapped
BTS_02476,Fake Telecom Station 02476,13.530653,108.094196,Gia Lai,Gia Lai,mapped
BTS_02477,Fake Telecom Station 02477,13.774465,108.616324,Gia Lai,Gia Lai,mapped
BTS_02478,Fake Telecom Station 02478,21.793326,103.706233,Sơn La,Sơn La,mapped
BTS_02479,Fake Telecom Station 02479,12.820956,109.178794,Phú Yên,Đắk Lắk,mapped
BTS_02480,Fake Telecom Station 02480,9.564347,106.455165,Trà Vinh,Vĩnh Long,mapped
BTS_02481,Fake Telecom Station 02481,22.920734,104.916497,Hà Giang,Tuyên Quang,mapped
BTS_02482,Fake Telecom Station 02482,9.867537,106.003229,Trà Vinh,Vĩnh Long,mapped
BTS_02483,Fake Telecom Station 02483,14.720562,108.429012,Kon Tum,Quảng Ngãi,mapped
BTS_02484,Fake Telecom Station 02484,21.044956,103.466613,Sơn La,Sơn La,mapped
BTS_02485,Fake Telecom Station 02485,16.671931,107.223335,Quảng Trị,Quảng Trị,mapped
BTS_02486,Fake Telecom Station 02486,10.20538,106.277586,Bến Tre,Vĩnh Long,mapped
BTS_02487,Fake Telecom Station 02487,22.194142,103.638995,Lai Châu,Lai Châu,mapped
BTS_02488,Fake Telecom Station 02488,12.203825,108.952171,Khánh Hòa,Khánh Hòa,mapped
BTS_02489,Fake Telecom Station 02489,21.101948,105.52256,Hà Nội	,Hà Nội,mapped
BTS_02490,Fake Telecom Station 02490,12.592873,107.973846,Đắk Nông,Lâm Đồng,mapped
BTS_02491,Fake Telecom Station 02491,11.466698,105.948154,Tây Ninh,Tây Ninh,mapped
BTS_02492,Fake Telecom Station 02492,11.646254,108.031487,Lâm Đồng,Lâm Đồng,mapped
BTS_02493,Fake Telecom Station 02493,22.695092,104.083179,Lào Cai,Lào Cai,mapped
BTS_02494,Fake Telecom Station 02494,21.744635,104.169814,Yên Bái,Lào Cai,mapped
BTS_02495,Fake Telecom Station 02495,18.782725,105.119712,Nghệ An,Nghệ An,mapped
BTS_02496,Fake Telecom Station 02496,10.593491,105.067512,An Giang,An Giang,mapped
BTS_02497,Fake Telecom Station 02497,15.849138,108.021596,Quảng Nam,Đà Nẵng,mapped
BTS_02498,Fake Telecom Station 02498,8.730121,106.632852,Côn Đảo,Thành phố Hồ Chí Minh,mapped
BTS_02499,Fake Telecom Station 02499,15.481198,108.314764,Quảng Nam,Đà Nẵng,mapped
BTS_02500,Fake Telecom Station 02500,21.380337,106.155971,Bắc Giang,Bắc Ninh,mapped
BTS_02501,Fake Telecom Station 02501,22.096338,103.5634,Lai Châu,Lai Châu,mapped
BTS_02502,Fake Telecom Station 02502,19.12077,104.812216,Nghệ An,Nghệ An,mapped
BTS_02503,Fake Telecom Station 02503,21.306212,104.362157,Sơn La,Sơn La,mapped
BTS_02504,Fake Telecom Station 02504,14.955299,108.874454,Quảng Ngãi,Quảng Ngãi,mapped
BTS_02505,Fake Telecom Station 02505,20.286401,105.318418,Thanh Hóa,Thanh Hóa,mapped
BTS_02506,Fake Telecom Station 02506,18.020264,105.734449,Hà Tĩnh,Hà Tĩnh,mapped
BTS_02507,Fake Telecom Station 02507,14.779326,108.0802,Kon Tum,Quảng Ngãi,mapped
BTS_02508,Fake Telecom Station 02508,20.310113,106.474093,Nam Định,Ninh Bình,mapped
BTS_02509,Fake Telecom Station 02509,22.087271,104.238881,Lào Cai,Lào Cai,mapped
BTS_02510,Fake Telecom Station 02510,11.409415,107.608216,Lâm Đồng,Lâm Đồng,mapped
BTS_02511,Fake Telecom Station 02511,18.922566,105.234217,Nghệ An,Nghệ An,mapped
BTS_02512,Fake Telecom Station 02512,21.587634,107.257522,Lạng Sơn,Lạng Sơn,mapped
BTS_02513,Fake Telecom Station 02513,11.684331,107.713332,Lâm Đồng,Lâm Đồng,mapped
BTS_02514,Fake Telecom Station 02514,14.785437,108.555491,Kon Tum,Quảng Ngãi,mapped
BTS_02515,Fake Telecom Station 02515,22.234135,102.515194,Điện Biên,Điện Biên,mapped
BTS_02516,Fake Telecom Station 02516,15.18896,108.82558,Quảng Ngãi,Quảng Ngãi,mapped
BTS_02517,Fake Telecom Station 02517,13.211051,108.167461,Đắk Lắk,Đắk Lắk,mapped
BTS_02518,Fake Telecom Station 02518,20.922474,103.315276,Sơn La,Sơn La,mapped
BTS_02519,Fake Telecom Station 02519,20.00996,105.173694,Thanh Hóa,Thanh Hóa,mapped
BTS_02520,Fake Telecom Station 02520,14.766776,108.084013,Kon Tum,Quảng Ngãi,mapped
BTS_02521,Fake Telecom Station 02521,20.369692,105.052571,Thanh Hóa,Thanh Hóa,mapped
BTS_02522,Fake Telecom Station 02522,20.949788,104.854319,Sơn La,Sơn La,mapped
BTS_02523,Fake Telecom Station 02523,11.794542,108.560007,Lâm Đồng,Lâm Đồng,mapped
BTS_02524,Fake Telecom Station 02524,22.080667,103.267621,Lai Châu,Lai Châu,mapped
BTS_02525,Fake Telecom Station 02525,12.818336,108.052943,Đắk Lắk,Đắk Lắk,mapped
BTS_02526,Fake Telecom Station 02526,12.666593,108.459917,Đắk Lắk,Đắk Lắk,mapped
BTS_02527,Fake Telecom Station 02527,14.624523,108.850744,Bình Định,Gia Lai,mapped
BTS_02528,Fake Telecom Station 02528,18.595618,105.552928,Nghệ An,Nghệ An,mapped
BTS_02529,Fake Telecom Station 02529,10.245187,105.612035,Cần Thơ,Cần Thơ,mapped
BTS_02530,Fake Telecom Station 02530,17.336637,106.430452,Quảng Bình,Quảng Trị,mapped
BTS_02531,Fake Telecom Station 02531,21.383206,106.312055,Bắc Giang,Bắc Ninh,mapped
BTS_02532,Fake Telecom Station 02532,18.84636,105.296854,Nghệ An,Nghệ An,mapped
BTS_02533,Fake Telecom Station 02533,10.686772,106.022482,Long An,Tây Ninh,mapped
BTS_02534,Fake Telecom Station 02534,12.285409,108.392492,Đắk Lắk,Đắk Lắk,mapped
BTS_02535,Fake Telecom Station 02535,22.337114,105.362272,Tuyên Quang,Tuyên Quang,mapped
BTS_02536,Fake Telecom Station 02536,10.162642,104.636191,Kiên Giang,An Giang,mapped
BTS_02537,Fake Telecom Station 02537,10.191838,106.492319,Bến Tre,Vĩnh Long,mapped
BTS_02538,Fake Telecom Station 02538,11.694953,106.527091,Bình Phước,Đồng Nai,mapped
BTS_02539,Fake Telecom Station 02539,11.109768,108.430221,Bình Thuận,Lâm Đồng,mapped
BTS_02540,Fake Telecom Station 02540,22.206899,105.911797,Bắc Kạn,Thái Nguyên,mapped
BTS_02541,Fake Telecom Station 02541,14.076157,108.21254,Gia Lai,Gia Lai,mapped
BTS_02542,Fake Telecom Station 02542,9.541258,105.16668,Kiên Giang,An Giang,mapped
BTS_02543,Fake Telecom Station 02543,15.832421,107.65249,Quảng Nam,Đà Nẵng,mapped
BTS_02544,Fake Telecom Station 02544,11.415746,108.981823,Ninh Thuận,Khánh Hòa,mapped
BTS_02545,Fake Telecom Station 02545,13.241785,108.852297,Gia Lai,Gia Lai,mapped
BTS_02546,Fake Telecom Station 02546,10.844734,105.279891,Đồng Tháp,Đồng Tháp,mapped
BTS_02547,Fake Telecom Station 02547,22.216398,104.30554,Lào Cai,Lào Cai,mapped
BTS_02548,Fake Telecom Station 02548,22.499431,105.388278,Tuyên Quang,Tuyên Quang,mapped
BTS_02549,Fake Telecom Station 02549,14.30829,109.135077,Bình Định,Gia Lai,mapped
BTS_02550,Fake Telecom Station 02550,16.877589,106.706436,Quảng Trị,Quảng Trị,mapped
BTS_02551,Fake Telecom Station 02551,22.540896,103.672415,Lào Cai,Lào Cai,mapped
BTS_02552,Fake Telecom Station 02552,14.090857,107.352059,Kon Tum,Quảng Ngãi,mapped
BTS_02553,Fake Telecom Station 02553,21.939161,105.165724,Tuyên Quang,Tuyên Quang,mapped
BTS_02554,Fake Telecom Station 02554,13.498236,107.969374,Gia Lai,Gia Lai,mapped
BTS_02555,Fake Telecom Station 02555,19.325731,105.699744,Thanh Hóa,Thanh Hóa,mapped
BTS_02556,Fake Telecom Station 02556,21.719307,105.051631,Yên Bái,Lào Cai,mapped
BTS_02557,Fake Telecom Station 02557,22.449722,104.556878,Hà Giang,Tuyên Quang,mapped
BTS_02558,Fake Telecom Station 02558,14.133824,107.626774,Kon Tum,Quảng Ngãi,mapped
BTS_02559,Fake Telecom Station 02559,11.448404,107.264175,Đồng Nai,Đồng Nai,mapped
BTS_02560,Fake Telecom Station 02560,23.004838,105.36942,Hà Giang,Tuyên Quang,mapped
BTS_02561,Fake Telecom Station 02561,19.609571,104.306524,Nghệ An,Nghệ An,mapped
BTS_02562,Fake Telecom Station 02562,10.889287,105.458171,Đồng Tháp,Đồng Tháp,mapped
BTS_02563,Fake Telecom Station 02563,13.691576,107.976949,Gia Lai,Gia Lai,mapped
BTS_02564,Fake Telecom Station 02564,22.710504,105.654814,Cao Bằng,Cao Bằng,mapped
BTS_02565,Fake Telecom Station 02565,11.174401,108.31753,Bình Thuận,Lâm Đồng,mapped
BTS_02566,Fake Telecom Station 02566,16.780179,107.208681,Quảng Trị,Quảng Trị,mapped
BTS_02567,Fake Telecom Station 02567,12.05687,106.818469,Bình Phước,Đồng Nai,mapped
BTS_02568,Fake Telecom Station 02568,11.808905,106.577193,Bình Phước,Đồng Nai,mapped
BTS_02569,Fake Telecom Station 02569,11.717024,108.244934,Lâm Đồng,Lâm Đồng,mapped
BTS_02570,Fake Telecom Station 02570,10.218555,105.236064,Cần Thơ,Cần Thơ,mapped
BTS_02571,Fake Telecom Station 02571,21.346965,105.715725,Vĩnh Phúc,Phú Thọ,mapped
BTS_02572,Fake Telecom Station 02572,12.839025,108.035955,Đắk Lắk,Đắk Lắk,mapped
BTS_02573,Fake Telecom Station 02573,10.901013,107.163699,Đồng Nai,Đồng Nai,mapped
BTS_02574,Fake Telecom Station 02574,20.491334,105.296102,Hòa Bình,Phú Thọ,mapped
BTS_02575,Fake Telecom Station 02575,22.427703,105.604034,Bắc Kạn,Thái Nguyên,mapped
BTS_02576,Fake Telecom Station 02576,11.270854,105.945611,Tây Ninh,Tây Ninh,mapped
BTS_02577,Fake Telecom Station 02577,21.199621,103.684794,Sơn La,Sơn La,mapped
BTS_02578,Fake Telecom Station 02578,17.984877,106.264925,Hà Tĩnh,Hà Tĩnh,mapped
BTS_02579,Fake Telecom Station 02579,22.675643,104.110865,Lào Cai,Lào Cai,mapped
BTS_02580,Fake Telecom Station 02580,12.745379,109.046594,Phú Yên,Đắk Lắk,mapped
BTS_02581,Fake Telecom Station 02581,21.722269,104.395093,Yên Bái,Lào Cai,mapped
BTS_02582,Fake Telecom Station 02582,13.960009,107.9172,Gia Lai,Gia Lai,mapped
BTS_02583,Fake Telecom Station 02583,15.699845,108.117455,Quảng Nam,Đà Nẵng,mapped
BTS_02584,Fake Telecom Station 02584,11.456538,108.299204,Bình Thuận,Lâm Đồng,mapped
BTS_02585,Fake Telecom Station 02585,14.429077,109.117495,Bình Định,Gia Lai,mapped
BTS_02586,Fake Telecom Station 02586,20.955947,104.385325,Sơn La,Sơn La,mapped
BTS_02587,Fake Telecom Station 02587,10.815117,105.175125,An Giang,An Giang,mapped
BTS_02588,Fake Telecom Station 02588,14.340061,108.634393,Gia Lai,Gia Lai,mapped
BTS_02589,Fake Telecom Station 02589,16.447523,107.516129,Thừa Thiên Huế,Huế,mapped
BTS_02590,Fake Telecom Station 02590,21.934534,104.688862,Yên Bái,Lào Cai,mapped
BTS_02591,Fake Telecom Station 02591,13.034363,108.387632,Đắk Lắk,Đắk Lắk,mapped
BTS_02592,Fake Telecom Station 02592,9.351379,105.83499,Sóc Trăng,Cần Thơ,mapped
BTS_02593,Fake Telecom Station 02593,10.362838,105.540951,Đồng Tháp,Đồng Tháp,mapped
BTS_02594,Fake Telecom Station 02594,12.092466,107.371445,Đắk Nông,Lâm Đồng,mapped
BTS_02595,Fake Telecom Station 02595,12.920502,108.509485,Đắk Lắk,Đắk Lắk,mapped
BTS_02596,Fake Telecom Station 02596,22.664874,104.100861,Lào Cai,Lào Cai,mapped
BTS_02597,Fake Telecom Station 02597,11.91394,108.440255,Lâm Đồng,Lâm Đồng,mapped
BTS_02598,Fake Telecom Station 02598,11.864367,107.17747,Bình Phước,Đồng Nai,mapped
BTS_02599,Fake Telecom Station 02599,21.998517,104.026766,Lào Cai,Lào Cai,mapped
BTS_02600,Fake Telecom Station 02600,11.494368,108.435168,Bình Thuận,Lâm Đồng,mapped
BTS_02601,Fake Telecom Station 02601,16.097345,107.414066,Thừa Thiên Huế,Huế,mapped
BTS_02602,Fake Telecom Station 02602,15.929557,107.907618,Quảng Nam,Đà Nẵng,mapped
BTS_02603,Fake Telecom Station 02603,22.706142,105.056174,Hà Giang,Tuyên Quang,mapped
BTS_02604,Fake Telecom Station 02604,22.603114,102.60867,Lai Châu,Lai Châu,mapped
BTS_02605,Fake Telecom Station 02605,21.032562,103.088376,Điện Biên,Điện Biên,mapped
BTS_02606,Fake Telecom Station 02606,22.863443,106.667291,Cao Bằng,Cao Bằng,mapped
BTS_02607,Fake Telecom Station 02607,22.4472,104.40601,Lào Cai,Lào Cai,mapped
BTS_02608,Fake Telecom Station 02608,20.602536,105.603944,Hòa Bình,Phú Thọ,mapped
BTS_02609,Fake Telecom Station 02609,10.35575,105.843331,Tiền Giang,Đồng Tháp,mapped
BTS_02610,Fake Telecom Station 02610,17.847472,105.976779,Quảng Bình,Quảng Trị,mapped
BTS_02611,Fake Telecom Station 02611,21.118501,107.207018,Quảng Ninh,Quảng Ninh,mapped
BTS_02612,Fake Telecom Station 02612,9.221947,105.345046,Bạc Liêu,Cà Mau,mapped
BTS_02613,Fake Telecom Station 02613,20.052524,105.551113,Thanh Hóa,Thanh Hóa,mapped
BTS_02614,Fake Telecom Station 02614,14.073367,108.67581,Gia Lai,Gia Lai,mapped
BTS_02615,Fake Telecom Station 02615,19.505839,104.229103,Nghệ An,Nghệ An,mapped
BTS_02616,Fake Telecom Station 02616,21.774778,105.728419,Thái Nguyên,Thái Nguyên,mapped
BTS_02617,Fake Telecom Station 02617,18.181595,105.753147,Hà Tĩnh,Hà Tĩnh,mapped
BTS_02618,Fake Telecom Station 02618,14.175196,108.918289,Bình Định,Gia Lai,mapped
BTS_02619,Fake Telecom Station 02619,10.70019,107.826547,Bình Thuận,Lâm Đồng,mapped
BTS_02620,Fake Telecom Station 02620,21.740981,104.830847,Yên Bái,Lào Cai,mapped
BTS_02621,Fake Telecom Station 02621,22.032353,106.661479,Lạng Sơn,Lạng Sơn,mapped
BTS_02622,Fake Telecom Station 02622,14.227089,109.191674,Bình Định,Gia Lai,mapped
BTS_02623,Fake Telecom Station 02623,15.367828,108.325814,Quảng Nam,Đà Nẵng,mapped
BTS_02624,Fake Telecom Station 02624,15.85933,108.134545,Quảng Nam,Đà Nẵng,mapped
BTS_02625,Fake Telecom Station 02625,21.998184,104.980582,Yên Bái,Lào Cai,mapped
BTS_02626,Fake Telecom Station 02626,11.09345,107.751697,Bình Thuận,Lâm Đồng,mapped
BTS_02627,Fake Telecom Station 02627,20.423563,104.942816,Thanh Hóa,Thanh Hóa,mapped
BTS_02628,Fake Telecom Station 02628,21.578133,106.156554,Bắc Giang,Bắc Ninh,mapped
BTS_02629,Fake Telecom Station 02629,10.689705,106.9775,Đồng Nai,Đồng Nai,mapped
BTS_02630,Fake Telecom Station 02630,11.152214,107.50296,Bình Thuận,Lâm Đồng,mapped
BTS_02631,Fake Telecom Station 02631,14.737355,107.666451,Kon Tum,Quảng Ngãi,mapped
BTS_02632,Fake Telecom Station 02632,15.570999,108.181638,Quảng Nam,Đà Nẵng,mapped
BTS_02633,Fake Telecom Station 02633,22.5305,105.394192,Tuyên Quang,Tuyên Quang,mapped
BTS_02634,Fake Telecom Station 02634,10.324067,104.759108,Kiên Giang,An Giang,mapped
BTS_02635,Fake Telecom Station 02635,21.62169,103.045602,Điện Biên,Điện Biên,mapped
BTS_02636,Fake Telecom Station 02636,16.227658,107.50059,Thừa Thiên Huế,Huế,mapped
BTS_02637,Fake Telecom Station 02637,20.276609,105.420057,Thanh Hóa,Thanh Hóa,mapped
BTS_02638,Fake Telecom Station 02638,11.60708,108.881477,Ninh Thuận,Khánh Hòa,mapped
BTS_02639,Fake Telecom Station 02639,13.395648,108.973142,Phú Yên,Đắk Lắk,mapped
BTS_02640,Fake Telecom Station 02640,23.155419,105.300499,Hà Giang,Tuyên Quang,mapped
BTS_02641,Fake Telecom Station 02641,12.687389,107.964248,Đắk Lắk,Đắk Lắk,mapped
BTS_02642,Fake Telecom Station 02642,13.079308,108.877642,Phú Yên,Đắk Lắk,mapped
BTS_02643,Fake Telecom Station 02643,10.144173,106.483375,Bến Tre,Vĩnh Long,mapped
BTS_02644,Fake Telecom Station 02644,13.863587,107.638179,Gia Lai,Gia Lai,mapped
BTS_02645,Fake Telecom Station 02645,21.683057,106.349264,Lạng Sơn,Lạng Sơn,mapped
BTS_02646,Fake Telecom Station 02646,21.181992,105.920072,Hà Nội	,Hà Nội,mapped
BTS_02647,Fake Telecom Station 02647,21.899234,106.674164,Lạng Sơn,Lạng Sơn,mapped
BTS_02648,Fake Telecom Station 02648,21.05694,106.299857,Bắc Ninh,Bắc Ninh,mapped
BTS_02649,Fake Telecom Station 02649,10.483533,107.233389,Bà Rịa–Vũng Tàu,TPHCM,mapped
BTS_02650,Fake Telecom Station 02650,15.942768,107.737307,Quảng Nam,Đà Nẵng,mapped
BTS_02651,Fake Telecom Station 02651,21.699154,107.115361,Lạng Sơn,Lạng Sơn,mapped
BTS_02652,Fake Telecom Station 02652,13.04352,108.598711,Gia Lai,Gia Lai,mapped
BTS_02653,Fake Telecom Station 02653,8.866199,105.336458,Cà Mau,Cà Mau,mapped
BTS_02654,Fake Telecom Station 02654,16.906567,106.883826,Quảng Trị,Quảng Trị,mapped
BTS_02655,Fake Telecom Station 02655,9.931545,106.494153,Bến Tre,Vĩnh Long,mapped
BTS_02656,Fake Telecom Station 02656,10.156224,106.560204,Bến Tre,Vĩnh Long,mapped
BTS_02657,Fake Telecom Station 02657,22.670151,106.521599,Cao Bằng,Cao Bằng,mapped
BTS_02658,Fake Telecom Station 02658,20.499869,106.493131,Thái Bình,Hưng Yên,mapped
BTS_02659,Fake Telecom Station 02659,21.050719,106.603488,Hải Dương,Hải Phòng,mapped
BTS_02660,Fake Telecom Station 02660,18.002557,106.107227,Hà Tĩnh,Hà Tĩnh,mapped
BTS_02661,Fake Telecom Station 02661,20.879474,105.728126,Hà Nội	,Hà Nội,mapped
BTS_02662,Fake Telecom Station 02662,14.001888,108.989138,Bình Định,Gia Lai,mapped
BTS_02663,Fake Telecom Station 02663,17.134071,106.828161,Quảng Bình,Quảng Trị,mapped
BTS_02664,Fake Telecom Station 02664,22.292972,104.572255,Lào Cai,Lào Cai,mapped
BTS_02665,Fake Telecom Station 02665,21.041947,107.184376,Quảng Ninh,Quảng Ninh,mapped
BTS_02666,Fake Telecom Station 02666,22.393716,106.54326,Cao Bằng,Cao Bằng,mapped
BTS_02667,Fake Telecom Station 02667,17.198665,106.350122,Quảng Bình,Quảng Trị,mapped
BTS_02668,Fake Telecom Station 02668,15.228294,107.949564,Quảng Nam,Đà Nẵng,mapped
BTS_02669,Fake Telecom Station 02669,22.639471,105.07772,Hà Giang,Tuyên Quang,mapped
BTS_02670,Fake Telecom Station 02670,15.26781,107.781009,Quảng Nam,Đà Nẵng,mapped
BTS_02671,Fake Telecom Station 02671,22.534565,103.248619,Lai Châu,Lai Châu,mapped
BTS_02672,Fake Telecom Station 02672,22.09503,103.782565,Lai Châu,Lai Châu,mapped
BTS_02673,Fake Telecom Station 02673,15.444695,108.250961,Quảng Nam,Đà Nẵng,mapped
BTS_02674,Fake Telecom Station 02674,14.062861,107.970431,Gia Lai,Gia Lai,mapped
BTS_02675,Fake Telecom Station 02675,13.178457,108.706032,Gia Lai,Gia Lai,mapped
BTS_02676,Fake Telecom Station 02676,10.476057,105.955953,Tiền Giang,Đồng Tháp,mapped
BTS_02677,Fake Telecom Station 02677,12.420665,108.875312,Khánh Hòa,Khánh Hòa,mapped
BTS_02678,Fake Telecom Station 02678,11.412863,107.818213,Lâm Đồng,Lâm Đồng,mapped
BTS_02679,Fake Telecom Station 02679,14.378139,108.962297,Bình Định,Gia Lai,mapped
BTS_02680,Fake Telecom Station 02680,19.132739,105.049445,Nghệ An,Nghệ An,mapped
BTS_02681,Fake Telecom Station 02681,22.082722,102.479772,Điện Biên,Điện Biên,mapped
BTS_02682,Fake Telecom Station 02682,22.391065,102.562536,Lai Châu,Lai Châu,mapped
BTS_02683,Fake Telecom Station 02683,12.294292,107.893785,Đắk Nông,Lâm Đồng,mapped
BTS_02684,Fake Telecom Station 02684,17.482097,106.167089,Quảng Bình,Quảng Trị,mapped
BTS_02685,Fake Telecom Station 02685,10.90923,105.373058,Đồng Tháp,Đồng Tháp,mapped
BTS_02686,Fake Telecom Station 02686,22.01899,105.044464,Tuyên Quang,Tuyên Quang,mapped
BTS_02687,Fake Telecom Station 02687,21.34126,103.603086,Sơn La,Sơn La,mapped
BTS_02688,Fake Telecom Station 02688,23.091969,105.196704,Hà Giang,Tuyên Quang,mapped
BTS_02689,Fake Telecom Station 02689,16.429871,107.037671,Quảng Trị,Quảng Trị,mapped
BTS_02690,Fake Telecom Station 02690,10.059608,105.213308,Kiên Giang,An Giang,mapped
BTS_02691,Fake Telecom Station 02691,20.700912,105.458821,Hòa Bình,Phú Thọ,mapped
BTS_02692,Fake Telecom Station 02692,22.788402,105.762209,Cao Bằng,Cao Bằng,mapped
BTS_02693,Fake Telecom Station 02693,8.756286,105.059562,Cà Mau,Cà Mau,mapped
BTS_02694,Fake Telecom Station 02694,12.560094,109.405247,Khánh Hòa,Khánh Hòa,mapped
BTS_02695,Fake Telecom Station 02695,22.444539,103.371461,Lai Châu,Lai Châu,mapped
BTS_02696,Fake Telecom Station 02696,22.21617,106.59517,Lạng Sơn,Lạng Sơn,mapped
BTS_02697,Fake Telecom Station 02697,10.677749,105.667348,Đồng Tháp,Đồng Tháp,mapped
BTS_02698,Fake Telecom Station 02698,11.33847,106.932294,Bình Phước,Đồng Nai,mapped
BTS_02699,Fake Telecom Station 02699,15.049316,107.877841,Kon Tum,Quảng Ngãi,mapped
BTS_02700,Fake Telecom Station 02700,20.847738,104.404732,Sơn La,Sơn La,mapped
BTS_02701,Fake Telecom Station 02701,13.959008,108.686373,Gia Lai,Gia Lai,mapped
BTS_02702,Fake Telecom Station 02702,20.615384,104.680947,Sơn La,Sơn La,mapped
BTS_02703,Fake Telecom Station 02703,12.679154,108.763533,Đắk Lắk,Đắk Lắk,mapped
BTS_02704,Fake Telecom Station 02704,13.199304,108.049668,Đắk Lắk,Đắk Lắk,mapped
BTS_02705,Fake Telecom Station 02705,10.434219,106.765745,Tiền Giang,Đồng Tháp,mapped
BTS_02706,Fake Telecom Station 02706,12.532675,109.203326,Khánh Hòa,Khánh Hòa,mapped
BTS_02707,Fake Telecom Station 02707,17.639895,106.395345,Quảng Bình,Quảng Trị,mapped
BTS_02708,Fake Telecom Station 02708,12.245583,107.379731,Đắk Nông,Lâm Đồng,mapped
BTS_02709,Fake Telecom Station 02709,13.712313,108.488373,Gia Lai,Gia Lai,mapped
BTS_02710,Fake Telecom Station 02710,21.959411,103.786986,Lai Châu,Lai Châu,mapped
BTS_02711,Fake Telecom Station 02711,11.3791,105.912177,Tây Ninh,Tây Ninh,mapped
BTS_02712,Fake Telecom Station 02712,21.002919,106.754254,Hải Phòng,Hải Phòng,mapped
BTS_02713,Fake Telecom Station 02713,17.03507,107.067972,Quảng Trị,Quảng Trị,mapped
BTS_02714,Fake Telecom Station 02714,20.788513,107.140595,Hải Phòng,Hải Phòng,mapped
BTS_02715,Fake Telecom Station 02715,17.627551,106.539925,Quảng Bình,Quảng Trị,mapped
BTS_02716,Fake Telecom Station 02716,21.892686,105.588105,Thái Nguyên,Thái Nguyên,mapped
BTS_02717,Fake Telecom Station 02717,10.346983,105.818947,Tiền Giang,Đồng Tháp,mapped
BTS_02718,Fake Telecom Station 02718,13.602905,108.472179,Gia Lai,Gia Lai,mapped
BTS_02719,Fake Telecom Station 02719,12.083472,107.61461,Đắk Nông,Lâm Đồng,mapped
BTS_02720,Fake Telecom Station 02720,21.551375,107.422287,Quảng Ninh,Quảng Ninh,mapped
BTS_02721,Fake Telecom Station 02721,14.384357,108.794198,Bình Định,Gia Lai,mapped
BTS_02722,Fake Telecom Station 02722,13.035929,108.486384,Đắk Lắk,Đắk Lắk,mapped
BTS_02723,Fake Telecom Station 02723,21.914818,103.06767,Điện Biên,Điện Biên,mapped
BTS_02724,Fake Telecom Station 02724,22.690169,105.67299,Bắc Kạn,Thái Nguyên,mapped
BTS_02725,Fake Telecom Station 02725,14.980587,108.325278,Kon Tum,Quảng Ngãi,mapped
BTS_02726,Fake Telecom Station 02726,21.363991,104.074185,Sơn La,Sơn La,mapped
BTS_02727,Fake Telecom Station 02727,16.555964,107.33151,Thừa Thiên Huế,Huế,mapped
BTS_02728,Fake Telecom Station 02728,14.642432,108.880537,Bình Định,Gia Lai,mapped
BTS_02729,Fake Telecom Station 02729,20.514017,106.36845,Thái Bình,Hưng Yên,mapped
BTS_02730,Fake Telecom Station 02730,13.329014,109.099815,Phú Yên,Đắk Lắk,mapped
BTS_02731,Fake Telecom Station 02731,20.327902,104.988162,Thanh Hóa,Thanh Hóa,mapped
BTS_02732,Fake Telecom Station 02732,21.831234,102.689602,Điện Biên,Điện Biên,mapped
BTS_02733,Fake Telecom Station 02733,10.154836,105.606675,Cần Thơ,Cần Thơ,mapped
BTS_02734,Fake Telecom Station 02734,19.193869,104.646127,Nghệ An,Nghệ An,mapped
BTS_02735,Fake Telecom Station 02735,19.370965,105.777336,Thanh Hóa,Thanh Hóa,mapped
BTS_02736,Fake Telecom Station 02736,11.749556,108.313833,Lâm Đồng,Lâm Đồng,mapped
BTS_02737,Fake Telecom Station 02737,9.197161,105.670871,Bạc Liêu,Cà Mau,mapped
BTS_02738,Fake Telecom Station 02738,14.945458,107.677335,Kon Tum,Quảng Ngãi,mapped
BTS_02739,Fake Telecom Station 02739,17.268169,106.407503,Quảng Bình,Quảng Trị,mapped
BTS_02740,Fake Telecom Station 02740,22.224556,104.595937,Lào Cai,Lào Cai,mapped
BTS_02741,Fake Telecom Station 02741,12.098521,107.355741,Đắk Nông,Lâm Đồng,mapped
BTS_02742,Fake Telecom Station 02742,12.623433,107.794667,Đắk Nông,Lâm Đồng,mapped
BTS_02743,Fake Telecom Station 02743,13.982258,108.792852,Bình Định,Gia Lai,mapped
BTS_02744,Fake Telecom Station 02744,21.140726,103.167657,Điện Biên,Điện Biên,mapped
BTS_02745,Fake Telecom Station 02745,21.586186,107.384672,Quảng Ninh,Quảng Ninh,mapped
BTS_02746,Fake Telecom Station 02746,21.785957,103.822804,Lai Châu,Lai Châu,mapped
BTS_02747,Fake Telecom Station 02747,18.640666,105.750503,Hà Tĩnh,Hà Tĩnh,mapped
BTS_02748,Fake Telecom Station 02748,21.179338,104.315657,Sơn La,Sơn La,mapped
BTS_02749,Fake Telecom Station 02749,22.860848,105.645664,Cao Bằng,Cao Bằng,mapped
BTS_02750,Fake Telecom Station 02750,21.60757,105.619821,Thái Nguyên,Thái Nguyên,mapped
BTS_02751,Fake Telecom Station 02751,22.308164,103.508316,Lai Châu,Lai Châu,mapped
BTS_02752,Fake Telecom Station 02752,13.378699,108.143865,Đắk Lắk,Đắk Lắk,mapped
BTS_02753,Fake Telecom Station 02753,12.018861,107.222651,Bình Phước,Đồng Nai,mapped
BTS_02754,Fake Telecom Station 02754,22.744019,106.501949,Cao Bằng,Cao Bằng,mapped
BTS_02755,Fake Telecom Station 02755,20.227497,105.605174,Thanh Hóa,Thanh Hóa,mapped
BTS_02756,Fake Telecom Station 02756,22.1907,106.672675,Lạng Sơn,Lạng Sơn,mapped
BTS_02757,Fake Telecom Station 02757,22.481252,103.103898,Lai Châu,Lai Châu,mapped
BTS_02758,Fake Telecom Station 02758,11.335553,106.978843,Bình Phước,Đồng Nai,mapped
BTS_02759,Fake Telecom Station 02759,21.139622,106.06138,Bắc Ninh,Bắc Ninh,mapped
BTS_02760,Fake Telecom Station 02760,16.489177,107.044726,Quảng Trị,Quảng Trị,mapped
BTS_02761,Fake Telecom Station 02761,12.1064,108.58113,Lâm Đồng,Lâm Đồng,mapped
BTS_02762,Fake Telecom Station 02762,10.856541,107.520656,Đồng Nai,Đồng Nai,mapped
BTS_02763,Fake Telecom Station 02763,10.125909,106.450623,Bến Tre,Vĩnh Long,mapped
BTS_02764,Fake Telecom Station 02764,12.144662,108.178989,Lâm Đồng,Lâm Đồng,mapped
BTS_02765,Fake Telecom Station 02765,11.917444,107.821981,Đắk Nông,Lâm Đồng,mapped
BTS_02766,Fake Telecom Station 02766,21.8897,102.669386,Điện Biên,Điện Biên,mapped
BTS_02767,Fake Telecom Station 02767,12.444866,108.549604,Đắk Lắk,Đắk Lắk,mapped
BTS_02768,Fake Telecom Station 02768,9.014417,105.23375,Cà Mau,Cà Mau,mapped
BTS_02769,Fake Telecom Station 02769,21.606488,103.665235,Sơn La,Sơn La,mapped
BTS_02770,Fake Telecom Station 02770,9.251906,105.292571,Bạc Liêu,Cà Mau,mapped
BTS_02771,Fake Telecom Station 02771,9.171143,105.393086,Bạc Liêu,Cà Mau,mapped
BTS_02772,Fake Telecom Station 02772,11.592445,109.11748,Ninh Thuận,Khánh Hòa,mapped
BTS_02773,Fake Telecom Station 02773,21.119546,107.257514,Quảng Ninh,Quảng Ninh,mapped
BTS_02774,Fake Telecom Station 02774,19.858076,105.393786,Thanh Hóa,Thanh Hóa,mapped
BTS_02775,Fake Telecom Station 02775,21.867155,106.037354,Thái Nguyên,Thái Nguyên,mapped
BTS_02776,Fake Telecom Station 02776,14.839779,107.82186,Kon Tum,Quảng Ngãi,mapped
BTS_02777,Fake Telecom Station 02777,20.947407,104.67175,Sơn La,Sơn La,mapped
BTS_02778,Fake Telecom Station 02778,21.38829,103.51374,Sơn La,Sơn La,mapped
BTS_02779,Fake Telecom Station 02779,16.734744,106.943022,Quảng Trị,Quảng Trị,mapped
BTS_02780,Fake Telecom Station 02780,20.487968,106.048407,Hà Nam,Ninh Bình,mapped
BTS_02781,Fake Telecom Station 02781,21.120809,104.868359,Sơn La,Sơn La,mapped
BTS_02782,Fake Telecom Station 02782,13.100237,109.075767,Phú Yên,Đắk Lắk,mapped
BTS_02783,Fake Telecom Station 02783,22.518411,104.729247,Hà Giang,Tuyên Quang,mapped
BTS_02784,Fake Telecom Station 02784,15.688545,107.607051,Quảng Nam,Đà Nẵng,mapped
BTS_02785,Fake Telecom Station 02785,12.311713,109.178336,Khánh Hòa,Khánh Hòa,mapped
BTS_02786,Fake Telecom Station 02786,21.153464,104.195583,Sơn La,Sơn La,mapped
BTS_02787,Fake Telecom Station 02787,20.863632,105.872344,Hà Nội	,Hà Nội,mapped
BTS_02788,Fake Telecom Station 02788,9.725056,105.202329,Kiên Giang,An Giang,mapped
BTS_02789,Fake Telecom Station 02789,14.883981,108.515769,Quảng Ngãi,Quảng Ngãi,mapped
BTS_02790,Fake Telecom Station 02790,14.820033,108.541561,Kon Tum,Quảng Ngãi,mapped
BTS_02791,Fake Telecom Station 02791,21.757942,103.921597,Lai Châu,Lai Châu,mapped
BTS_02792,Fake Telecom Station 02792,13.316509,108.3035,Đắk Lắk,Đắk Lắk,mapped
BTS_02793,Fake Telecom Station 02793,21.696855,107.286135,Lạng Sơn,Lạng Sơn,mapped
BTS_02794,Fake Telecom Station 02794,11.615095,107.019535,Bình Phước,Đồng Nai,mapped
BTS_02795,Fake Telecom Station 02795,10.369999,106.383557,Tiền Giang,Đồng Tháp,mapped
BTS_02796,Fake Telecom Station 02796,21.803257,103.550029,Sơn La,Sơn La,mapped
BTS_02797,Fake Telecom Station 02797,21.858414,103.092323,Điện Biên,Điện Biên,mapped
BTS_02798,Fake Telecom Station 02798,21.391291,103.333655,Điện Biên,Điện Biên,mapped
BTS_02799,Fake Telecom Station 02799,14.171101,107.886513,Gia Lai,Gia Lai,mapped
BTS_02800,Fake Telecom Station 02800,9.930087,106.617842,Bến Tre,Vĩnh Long,mapped
BTS_02801,Fake Telecom Station 02801,21.541722,105.3577,Tuyên Quang,Tuyên Quang,mapped
BTS_02802,Fake Telecom Station 02802,12.12636,108.641217,Lâm Đồng,Lâm Đồng,mapped
BTS_02803,Fake Telecom Station 02803,20.039961,105.00375,Thanh Hóa,Thanh Hóa,mapped
BTS_02804,Fake Telecom Station 02804,11.654876,106.571633,Bình Phước,Đồng Nai,mapped
BTS_02805,Fake Telecom Station 02805,22.576598,105.172514,Tuyên Quang,Tuyên Quang,mapped
BTS_02806,Fake Telecom Station 02806,16.887718,107.085235,Quảng Trị,Quảng Trị,mapped
BTS_02807,Fake Telecom Station 02807,21.1723,106.173917,Bắc Ninh,Bắc Ninh,mapped
BTS_02808,Fake Telecom Station 02808,22.508693,106.556396,Cao Bằng,Cao Bằng,mapped
BTS_02809,Fake Telecom Station 02809,12.563334,109.385421,Khánh Hòa,Khánh Hòa,mapped
BTS_02810,Fake Telecom Station 02810,19.519229,104.587651,Nghệ An,Nghệ An,mapped
BTS_02811,Fake Telecom Station 02811,19.033575,104.475126,Nghệ An,Nghệ An,mapped
BTS_02812,Fake Telecom Station 02812,18.738789,105.703036,Nghệ An,Nghệ An,mapped
BTS_02813,Fake Telecom Station 02813,22.701041,105.688344,Bắc Kạn,Thái Nguyên,mapped
BTS_02814,Fake Telecom Station 02814,21.33562,105.353247,Phú Thọ,Phú Thọ,mapped
BTS_02815,Fake Telecom Station 02815,18.854631,105.631756,Nghệ An,Nghệ An,mapped
BTS_02816,Fake Telecom Station 02816,12.611858,108.436912,Đắk Lắk,Đắk Lắk,mapped
BTS_02817,Fake Telecom Station 02817,22.472137,106.486075,Cao Bằng,Cao Bằng,mapped
BTS_02818,Fake Telecom Station 02818,17.149778,106.449877,Quảng Bình,Quảng Trị,mapped
BTS_02819,Fake Telecom Station 02819,17.76507,106.094705,Quảng Bình,Quảng Trị,mapped
BTS_02820,Fake Telecom Station 02820,21.769193,105.341706,Tuyên Quang,Tuyên Quang,mapped
BTS_02821,Fake Telecom Station 02821,12.218749,107.921974,Đắk Nông,Lâm Đồng,mapped
BTS_02822,Fake Telecom Station 02822,13.178704,108.959083,Phú Yên,Đắk Lắk,mapped
BTS_02823,Fake Telecom Station 02823,21.095544,105.365084,Phú Thọ,Phú Thọ,mapped
BTS_02824,Fake Telecom Station 02824,12.286501,107.604538,Đắk Nông,Lâm Đồng,mapped
BTS_02825,Fake Telecom Station 02825,9.967878,105.953319,Vĩnh Long,Vĩnh Long,mapped
BTS_02826,Fake Telecom Station 02826,21.161487,106.040288,Bắc Ninh,Bắc Ninh,mapped
BTS_02827,Fake Telecom Station 02827,21.350714,107.591458,Quảng Ninh,Quảng Ninh,mapped
BTS_02828,Fake Telecom Station 02828,13.254252,107.619397,Đắk Lắk,Đắk Lắk,mapped
BTS_02829,Fake Telecom Station 02829,19.203114,105.503172,Nghệ An,Nghệ An,mapped
BTS_02830,Fake Telecom Station 02830,13.183409,109.285648,Phú Yên,Đắk Lắk,mapped
BTS_02831,Fake Telecom Station 02831,13.210543,108.524792,Gia Lai,Gia Lai,mapped
BTS_02832,Fake Telecom Station 02832,12.361082,108.541891,Đắk Lắk,Đắk Lắk,mapped
BTS_02833,Fake Telecom Station 02833,9.822116,106.540901,Trà Vinh,Vĩnh Long,mapped
BTS_02834,Fake Telecom Station 02834,18.992645,105.334413,Nghệ An,Nghệ An,mapped
BTS_02835,Fake Telecom Station 02835,21.856338,104.961817,Yên Bái,Lào Cai,mapped
BTS_02836,Fake Telecom Station 02836,17.140712,106.808277,Quảng Bình,Quảng Trị,mapped
BTS_02837,Fake Telecom Station 02837,21.960156,105.151644,Tuyên Quang,Tuyên Quang,mapped
BTS_02838,Fake Telecom Station 02838,21.516862,103.604568,Sơn La,Sơn La,mapped
BTS_02839,Fake Telecom Station 02839,20.515043,104.789744,Thanh Hóa,Thanh Hóa,mapped
BTS_02840,Fake Telecom Station 02840,21.049004,107.370396,Quảng Ninh,Quảng Ninh,mapped
BTS_02841,Fake Telecom Station 02841,11.384476,108.891009,Ninh Thuận,Khánh Hòa,mapped
BTS_02842,Fake Telecom Station 02842,21.973622,103.269061,Điện Biên,Điện Biên,mapped
BTS_02843,Fake Telecom Station 02843,13.626483,107.758522,Gia Lai,Gia Lai,mapped
BTS_02844,Fake Telecom Station 02844,20.826138,106.548823,Hải Dương,Hải Phòng,mapped
BTS_02845,Fake Telecom Station 02845,21.094994,104.09246,Sơn La,Sơn La,mapped
BTS_02846,Fake Telecom Station 02846,14.478744,109.023003,Bình Định,Gia Lai,mapped
BTS_02847,Fake Telecom Station 02847,16.269524,107.81337,Thừa Thiên Huế,Huế,mapped
BTS_02848,Fake Telecom Station 02848,20.345251,105.5979,Hòa Bình,Phú Thọ,mapped
BTS_02849,Fake Telecom Station 02849,21.469202,107.306798,Lạng Sơn,Lạng Sơn,mapped
BTS_02850,Fake Telecom Station 02850,17.178695,106.438117,Quảng Bình,Quảng Trị,mapped
BTS_02851,Fake Telecom Station 02851,13.581325,108.228286,Gia Lai,Gia Lai,mapped
BTS_02852,Fake Telecom Station 02852,12.168555,108.214005,Đắk Lắk,Đắk Lắk,mapped
BTS_02853,Fake Telecom Station 02853,8.941252,104.894081,Cà Mau,Cà Mau,mapped
BTS_02854,Fake Telecom Station 02854,22.409385,106.292124,Cao Bằng,Cao Bằng,mapped
BTS_02855,Fake Telecom Station 02855,17.431069,106.658538,Quảng Bình,Quảng Trị,mapped
BTS_02856,Fake Telecom Station 02856,9.834985,106.192998,Trà Vinh,Vĩnh Long,mapped
BTS_02857,Fake Telecom Station 02857,19.397284,104.661954,Nghệ An,Nghệ An,mapped
BTS_02858,Fake Telecom Station 02858,22.232649,103.137323,Lai Châu,Lai Châu,mapped
BTS_02859,Fake Telecom Station 02859,11.334656,106.715988,Bình Dương,TPHCM,mapped
BTS_02860,Fake Telecom Station 02860,9.218492,105.186166,Cà Mau,Cà Mau,mapped
BTS_02861,Fake Telecom Station 02861,22.311262,105.831968,Bắc Kạn,Thái Nguyên,mapped
BTS_02862,Fake Telecom Station 02862,23.021768,105.457704,Hà Giang,Tuyên Quang,mapped
BTS_02863,Fake Telecom Station 02863,13.534002,108.548055,Gia Lai,Gia Lai,mapped
BTS_02864,Fake Telecom Station 02864,12.973381,108.68733,Đắk Lắk,Đắk Lắk,mapped
BTS_02865,Fake Telecom Station 02865,12.646094,108.228013,Đắk Lắk,Đắk Lắk,mapped
BTS_02866,Fake Telecom Station 02866,21.7514,104.594415,Yên Bái,Lào Cai,mapped
BTS_02867,Fake Telecom Station 02867,20.26103,105.193084,Thanh Hóa,Thanh Hóa,mapped
BTS_02868,Fake Telecom Station 02868,10.628304,105.110838,An Giang,An Giang,mapped
BTS_02869,Fake Telecom Station 02869,18.479028,105.554216,Hà Tĩnh,Hà Tĩnh,mapped
BTS_02870,Fake Telecom Station 02870,12.388761,108.894698,Khánh Hòa,Khánh Hòa,mapped
BTS_02871,Fake Telecom Station 02871,22.134608,105.775479,Bắc Kạn,Thái Nguyên,mapped
BTS_02872,Fake Telecom Station 02872,12.750825,109.042868,Phú Yên,Đắk Lắk,mapped
BTS_02873,Fake Telecom Station 02873,15.682144,108.188524,Quảng Nam,Đà Nẵng,mapped
BTS_02874,Fake Telecom Station 02874,9.241298,104.859088,Cà Mau,Cà Mau,mapped
BTS_02875,Fake Telecom Station 02875,22.030825,104.32588,Lào Cai,Lào Cai,mapped
BTS_02876,Fake Telecom Station 02876,22.364426,104.556339,Hà Giang,Tuyên Quang,mapped
BTS_02877,Fake Telecom Station 02877,10.780325,106.795125,Ho Chi Minh,TPHCM,mapped
BTS_02878,Fake Telecom Station 02878,21.789092,106.547863,Lạng Sơn,Lạng Sơn,mapped
BTS_02879,Fake Telecom Station 02879,20.520553,104.822803,Thanh Hóa,Thanh Hóa,mapped
BTS_02880,Fake Telecom Station 02880,19.710247,105.643421,Thanh Hóa,Thanh Hóa,mapped
BTS_02881,Fake Telecom Station 02881,22.376202,102.252058,Điện Biên,Điện Biên,mapped
BTS_02882,Fake Telecom Station 02882,10.873381,106.237273,Long An,Tây Ninh,mapped
BTS_02883,Fake Telecom Station 02883,22.011354,102.910733,Điện Biên,Điện Biên,mapped
BTS_02884,Fake Telecom Station 02884,18.777414,104.961848,Nghệ An,Nghệ An,mapped
BTS_02885,Fake Telecom Station 02885,9.301302,105.440048,Bạc Liêu,Cà Mau,mapped
BTS_02886,Fake Telecom Station 02886,10.942746,106.154697,Long An,Tây Ninh,mapped
BTS_02887,Fake Telecom Station 02887,10.648551,106.933913,Đồng Nai,Đồng Nai,mapped
BTS_02888,Fake Telecom Station 02888,10.483806,105.399441,An Giang,An Giang,mapped
BTS_02889,Fake Telecom Station 02889,14.30671,107.493341,Kon Tum,Quảng Ngãi,mapped
BTS_02890,Fake Telecom Station 02890,9.308717,105.408592,Bạc Liêu,Cà Mau,mapped
BTS_02891,Fake Telecom Station 02891,13.238929,108.776124,Gia Lai,Gia Lai,mapped
BTS_02892,Fake Telecom Station 02892,10.919543,106.2094,Long An,Tây Ninh,mapped
BTS_02893,Fake Telecom Station 02893,8.850329,105.248674,Cà Mau,Cà Mau,mapped
BTS_02894,Fake Telecom Station 02894,9.430178,105.046461,Cà Mau,Cà Mau,mapped
BTS_02895,Fake Telecom Station 02895,21.428075,104.195142,Sơn La,Sơn La,mapped
BTS_02896,Fake Telecom Station 02896,12.962088,108.375407,Đắk Lắk,Đắk Lắk,mapped
BTS_02897,Fake Telecom Station 02897,20.943664,104.96773,Sơn La,Sơn La,mapped
BTS_02898,Fake Telecom Station 02898,22.484681,104.723326,Hà Giang,Tuyên Quang,mapped
BTS_02899,Fake Telecom Station 02899,13.882699,107.762928,Gia Lai,Gia Lai,mapped
BTS_02900,Fake Telecom Station 02900,21.257772,105.489665,Hà Nội	,Hà Nội,mapped
BTS_02901,Fake Telecom Station 02901,22.440509,106.321513,Cao Bằng,Cao Bằng,mapped
BTS_02902,Fake Telecom Station 02902,21.228708,103.574527,Sơn La,Sơn La,mapped
BTS_02903,Fake Telecom Station 02903,12.997521,108.105703,Đắk Lắk,Đắk Lắk,mapped
BTS_02904,Fake Telecom Station 02904,21.370829,106.231821,Bắc Giang,Bắc Ninh,mapped
BTS_02905,Fake Telecom Station 02905,21.792029,107.138816,Lạng Sơn,Lạng Sơn,mapped
BTS_02906,Fake Telecom Station 02906,20.612192,104.757328,Sơn La,Sơn La,mapped
BTS_02907,Fake Telecom Station 02907,21.572515,107.641333,Quảng Ninh,Quảng Ninh,mapped
BTS_02908,Fake Telecom Station 02908,22.170013,106.478285,Lạng Sơn,Lạng Sơn,mapped
BTS_02909,Fake Telecom Station 02909,22.293123,104.915899,Tuyên Quang,Tuyên Quang,mapped
BTS_02910,Fake Telecom Station 02910,15.181816,107.722935,Kon Tum,Quảng Ngãi,mapped
BTS_02911,Fake Telecom Station 02911,10.215957,106.204268,Bến Tre,Vĩnh Long,mapped
BTS_02912,Fake Telecom Station 02912,20.801856,104.973061,Sơn La,Sơn La,mapped
BTS_02913,Fake Telecom Station 02913,9.581947,106.110834,Sóc Trăng,Cần Thơ,mapped
BTS_02914,Fake Telecom Station 02914,15.234528,108.17112,Quảng Nam,Đà Nẵng,mapped
BTS_02915,Fake Telecom Station 02915,8.902813,104.806709,Cà Mau,Cà Mau,mapped
BTS_02916,Fake Telecom Station 02916,21.763185,104.209109,Yên Bái,Lào Cai,mapped
BTS_02917,Fake Telecom Station 02917,14.326232,109.102862,Bình Định,Gia Lai,mapped
BTS_02918,Fake Telecom Station 02918,20.671891,104.997837,Hòa Bình,Phú Thọ,mapped
BTS_02919,Fake Telecom Station 02919,10.584585,106.437593,Long An,Tây Ninh,mapped
BTS_02920,Fake Telecom Station 02920,20.543445,104.838292,Thanh Hóa,Thanh Hóa,mapped
BTS_02921,Fake Telecom Station 02921,21.499141,107.775603,Quảng Ninh,Quảng Ninh,mapped
BTS_02922,Fake Telecom Station 02922,16.443616,106.914665,Quảng Trị,Quảng Trị,mapped
BTS_02923,Fake Telecom Station 02923,22.563746,106.519835,Cao Bằng,Cao Bằng,mapped
BTS_02924,Fake Telecom Station 02924,20.647884,106.194759,Thái Bình,Hưng Yên,mapped
BTS_02925,Fake Telecom Station 02925,17.233477,106.885761,Quảng Bình,Quảng Trị,mapped
BTS_02926,Fake Telecom Station 02926,21.831373,106.003914,Thái Nguyên,Thái Nguyên,mapped
BTS_02927,Fake Telecom Station 02927,13.978662,108.572014,Gia Lai,Gia Lai,mapped
BTS_02928,Fake Telecom Station 02928,21.350756,103.880981,Sơn La,Sơn La,mapped
BTS_02929,Fake Telecom Station 02929,11.9152,108.255861,Lâm Đồng,Lâm Đồng,mapped
BTS_02930,Fake Telecom Station 02930,13.101081,108.694775,Gia Lai,Gia Lai,mapped
BTS_02931,Fake Telecom Station 02931,22.964207,106.20855,Cao Bằng,Cao Bằng,mapped
BTS_02932,Fake Telecom Station 02932,22.23476,104.291678,Lào Cai,Lào Cai,mapped
BTS_02933,Fake Telecom Station 02933,15.778295,107.99301,Quảng Nam,Đà Nẵng,mapped
BTS_02934,Fake Telecom Station 02934,9.886858,106.248229,Trà Vinh,Vĩnh Long,mapped
BTS_02935,Fake Telecom Station 02935,9.510755,105.154315,Kiên Giang,An Giang,mapped
BTS_02936,Fake Telecom Station 02936,12.839305,107.554194,Đắk Lắk,Đắk Lắk,mapped
BTS_02937,Fake Telecom Station 02937,22.386476,105.452394,Tuyên Quang,Tuyên Quang,mapped
BTS_02938,Fake Telecom Station 02938,21.236616,105.991327,Bắc Ninh,Bắc Ninh,mapped
BTS_02939,Fake Telecom Station 02939,21.571274,104.113288,Sơn La,Sơn La,mapped
BTS_02940,Fake Telecom Station 02940,16.809386,106.826283,Quảng Trị,Quảng Trị,mapped
BTS_02941,Fake Telecom Station 02941,19.085447,104.364394,Nghệ An,Nghệ An,mapped
BTS_02942,Fake Telecom Station 02942,22.405286,103.806877,Lào Cai,Lào Cai,mapped
BTS_02943,Fake Telecom Station 02943,13.02674,107.752132,Đắk Lắk,Đắk Lắk,mapped
BTS_02944,Fake Telecom Station 02944,21.612388,105.036849,Phú Thọ,Phú Thọ,mapped
BTS_02945,Fake Telecom Station 02945,17.919637,106.149947,Hà Tĩnh,Hà Tĩnh,mapped
BTS_02946,Fake Telecom Station 02946,11.711617,107.693318,Lâm Đồng,Lâm Đồng,mapped
BTS_02947,Fake Telecom Station 02947,19.984814,105.258629,Thanh Hóa,Thanh Hóa,mapped
BTS_02948,Fake Telecom Station 02948,21.659389,106.541764,Lạng Sơn,Lạng Sơn,mapped
BTS_02949,Fake Telecom Station 02949,21.557092,106.157276,Bắc Giang,Bắc Ninh,mapped
BTS_02950,Fake Telecom Station 02950,20.229882,106.188055,Nam Định,Ninh Bình,mapped
BTS_02951,Fake Telecom Station 02951,23.23796,105.106197,Hà Giang,Tuyên Quang,mapped
BTS_02952,Fake Telecom Station 02952,12.796206,108.528111,Đắk Lắk,Đắk Lắk,mapped
BTS_02953,Fake Telecom Station 02953,19.147835,105.622763,Nghệ An,Nghệ An,mapped
BTS_02954,Fake Telecom Station 02954,19.028772,105.032058,Nghệ An,Nghệ An,mapped
BTS_02955,Fake Telecom Station 02955,12.588129,107.648221,Đắk Nông,Lâm Đồng,mapped
BTS_02956,Fake Telecom Station 02956,22.439009,106.539385,Cao Bằng,Cao Bằng,mapped
BTS_02957,Fake Telecom Station 02957,19.929784,104.983751,Nghệ An,Nghệ An,mapped
BTS_02958,Fake Telecom Station 02958,9.993844,105.743672,Cần Thơ,Cần Thơ,mapped
BTS_02959,Fake Telecom Station 02959,22.928704,105.767302,Cao Bằng,Cao Bằng,mapped
BTS_02960,Fake Telecom Station 02960,13.141622,108.989427,Phú Yên,Đắk Lắk,mapped
BTS_02961,Fake Telecom Station 02961,9.597685,105.070114,Kiên Giang,An Giang,mapped
BTS_02962,Fake Telecom Station 02962,9.85172,105.78062,Hậu Giang,Cần Thơ,mapped
BTS_02963,Fake Telecom Station 02963,19.05634,104.605979,Nghệ An,Nghệ An,mapped
BTS_02964,Fake Telecom Station 02964,21.962224,102.894075,Điện Biên,Điện Biên,mapped
BTS_02965,Fake Telecom Station 02965,11.811836,107.661293,Lâm Đồng,Lâm Đồng,mapped
BTS_02966,Fake Telecom Station 02966,20.792662,104.521578,Sơn La,Sơn La,mapped
BTS_02967,Fake Telecom Station 02967,9.492687,105.770657,Sóc Trăng,Cần Thơ,mapped
BTS_02968,Fake Telecom Station 02968,21.72492,106.056869,Thái Nguyên,Thái Nguyên,mapped
BTS_02969,Fake Telecom Station 02969,11.384069,106.179787,Tây Ninh,Tây Ninh,mapped
BTS_02970,Fake Telecom Station 02970,21.420918,104.844148,Yên Bái,Lào Cai,mapped
BTS_02971,Fake Telecom Station 02971,13.496028,107.887026,Gia Lai,Gia Lai,mapped
BTS_02972,Fake Telecom Station 02972,9.176195,105.073115,Cà Mau,Cà Mau,mapped
BTS_02973,Fake Telecom Station 02973,14.711764,108.412364,Kon Tum,Quảng Ngãi,mapped
BTS_02974,Fake Telecom Station 02974,15.313932,108.550682,Quảng Ngãi,Quảng Ngãi,mapped
BTS_02975,Fake Telecom Station 02975,15.751803,108.151098,Quảng Nam,Đà Nẵng,mapped
BTS_02976,Fake Telecom Station 02976,12.404534,109.250094,Khánh Hòa,Khánh Hòa,mapped
BTS_02977,Fake Telecom Station 02977,12.756915,109.38033,Khánh Hòa,Khánh Hòa,mapped
BTS_02978,Fake Telecom Station 02978,20.527624,105.411815,Hòa Bình,Phú Thọ,mapped
BTS_02979,Fake Telecom Station 02979,19.558283,104.222289,Nghệ An,Nghệ An,mapped
BTS_02980,Fake Telecom Station 02980,21.459981,104.916791,Yên Bái,Lào Cai,mapped
BTS_02981,Fake Telecom Station 02981,18.24233,105.678751,Hà Tĩnh,Hà Tĩnh,mapped
BTS_02982,Fake Telecom Station 02982,22.785238,106.634145,Cao Bằng,Cao Bằng,mapped
BTS_02983,Fake Telecom Station 02983,11.495753,106.742075,Bình Phước,Đồng Nai,mapped
BTS_02984,Fake Telecom Station 02984,20.317568,106.340485,Nam Định,Ninh Bình,mapped
BTS_02985,Fake Telecom Station 02985,18.595079,105.541464,Nghệ An,Nghệ An,mapped
BTS_02986,Fake Telecom Station 02986,11.311715,107.120086,Đồng Nai,Đồng Nai,mapped
BTS_02987,Fake Telecom Station 02987,10.775228,106.758841,Ho Chi Minh,TPHCM,mapped
BTS_02988,Fake Telecom Station 02988,22.526202,103.870165,Lào Cai,Lào Cai,mapped
BTS_02989,Fake Telecom Station 02989,21.915102,102.65781,Điện Biên,Điện Biên,mapped
BTS_02990,Fake Telecom Station 02990,21.861692,106.265008,Lạng Sơn,Lạng Sơn,mapped
BTS_02991,Fake Telecom Station 02991,10.931849,105.524922,Đồng Tháp,Đồng Tháp,mapped
BTS_02992,Fake Telecom Station 02992,22.878892,104.845758,Hà Giang,Tuyên Quang,mapped
BTS_02993,Fake Telecom Station 02993,16.631169,106.61275,Quảng Trị,Quảng Trị,mapped
BTS_02994,Fake Telecom Station 02994,14.793172,108.760905,Quảng Ngãi,Quảng Ngãi,mapped
BTS_02995,Fake Telecom Station 02995,13.268829,108.580158,Gia Lai,Gia Lai,mapped
BTS_02996,Fake Telecom Station 02996,19.147019,104.763668,Nghệ An,Nghệ An,mapped
BTS_02997,Fake Telecom Station 02997,10.289748,105.808623,Đồng Tháp,Đồng Tháp,mapped
BTS_02998,Fake Telecom Station 02998,11.796139,107.632008,Lâm Đồng,Lâm Đồng,mapped
BTS_02999,Fake Telecom Station 02999,14.728385,108.793807,Quảng Ngãi,Quảng Ngãi,mapped
BTS_03000,Fake Telecom Station 03000,19.273503,103.95777,Nghệ An,Nghệ An,mapped
BTS_03001,Fake Telecom Station 03001,18.911416,104.92228,Nghệ An,Nghệ An,mapped
BTS_03002,Fake Telecom Station 03002,22.67833,104.05458,Lào Cai,Lào Cai,mapped
BTS_03003,Fake Telecom Station 03003,15.75755,108.256828,Quảng Nam,Đà Nẵng,mapped
BTS_03004,Fake Telecom Station 03004,15.619889,107.834226,Quảng Nam,Đà Nẵng,mapped
BTS_03005,Fake Telecom Station 03005,11.476934,106.215964,Tây Ninh,Tây Ninh,mapped
BTS_03006,Fake Telecom Station 03006,21.419597,106.300714,Bắc Giang,Bắc Ninh,mapped
BTS_03007,Fake Telecom Station 03007,14.942131,108.475427,Quảng Ngãi,Quảng Ngãi,mapped
BTS_03008,Fake Telecom Station 03008,11.752129,107.998989,Lâm Đồng,Lâm Đồng,mapped
BTS_03009,Fake Telecom Station 03009,17.413105,106.271811,Quảng Bình,Quảng Trị,mapped
BTS_03010,Fake Telecom Station 03010,19.192768,105.326189,Nghệ An,Nghệ An,mapped
BTS_03011,Fake Telecom Station 03011,21.379697,105.967948,Thái Nguyên,Thái Nguyên,mapped
BTS_03012,Fake Telecom Station 03012,14.587773,108.125268,Kon Tum,Quảng Ngãi,mapped
BTS_03013,Fake Telecom Station 03013,14.572063,107.740278,Kon Tum,Quảng Ngãi,mapped
BTS_03014,Fake Telecom Station 03014,12.587477,108.416281,Đắk Lắk,Đắk Lắk,mapped
BTS_03015,Fake Telecom Station 03015,13.002432,108.456503,Đắk Lắk,Đắk Lắk,mapped
BTS_03016,Fake Telecom Station 03016,12.298512,108.719959,Khánh Hòa,Khánh Hòa,mapped
BTS_03017,Fake Telecom Station 03017,22.569169,105.468509,Tuyên Quang,Tuyên Quang,mapped
BTS_03018,Fake Telecom Station 03018,10.014842,106.595484,Bến Tre,Vĩnh Long,mapped
BTS_03019,Fake Telecom Station 03019,19.49597,105.113819,Nghệ An,Nghệ An,mapped
BTS_03020,Fake Telecom Station 03020,9.812169,105.003509,Kiên Giang,An Giang,mapped
BTS_03021,Fake Telecom Station 03021,17.918178,105.69146,Quảng Bình,Quảng Trị,mapped
BTS_03022,Fake Telecom Station 03022,9.110292,105.427683,Bạc Liêu,Cà Mau,mapped
BTS_03023,Fake Telecom Station 03023,12.180107,109.112855,Khánh Hòa,Khánh Hòa,mapped
BTS_03024,Fake Telecom Station 03024,14.585731,108.40625,Kon Tum,Quảng Ngãi,mapped
BTS_03025,Fake Telecom Station 03025,13.496248,108.081989,Gia Lai,Gia Lai,mapped
BTS_03026,Fake Telecom Station 03026,13.785545,108.489186,Gia Lai,Gia Lai,mapped
BTS_03027,Fake Telecom Station 03027,16.390637,106.964757,Quảng Trị,Quảng Trị,mapped
BTS_03028,Fake Telecom Station 03028,21.82232,106.258453,Lạng Sơn,Lạng Sơn,mapped
BTS_03029,Fake Telecom Station 03029,15.222687,107.710493,Kon Tum,Quảng Ngãi,mapped
BTS_03030,Fake Telecom Station 03030,14.597308,108.286547,Kon Tum,Quảng Ngãi,mapped
BTS_03031,Fake Telecom Station 03031,18.095232,105.555882,Hà Tĩnh,Hà Tĩnh,mapped
BTS_03032,Fake Telecom Station 03032,21.028683,106.507041,Hải Dương,Hải Phòng,mapped
BTS_03033,Fake Telecom Station 03033,21.649388,105.993874,Thái Nguyên,Thái Nguyên,mapped
BTS_03034,Fake Telecom Station 03034,10.171102,105.87976,Vĩnh Long,Vĩnh Long,mapped
BTS_03035,Fake Telecom Station 03035,21.936038,106.264527,Lạng Sơn,Lạng Sơn,mapped
BTS_03036,Fake Telecom Station 03036,11.483133,108.041029,Lâm Đồng,Lâm Đồng,mapped
BTS_03037,Fake Telecom Station 03037,16.384621,107.532523,Thừa Thiên Huế,Huế,mapped
BTS_03038,Fake Telecom Station 03038,20.570717,104.848613,Thanh Hóa,Thanh Hóa,mapped
BTS_03039,Fake Telecom Station 03039,15.211385,108.563842,Quảng Ngãi,Quảng Ngãi,mapped
BTS_03040,Fake Telecom Station 03040,20.279087,105.515583,Thanh Hóa,Thanh Hóa,mapped
BTS_03041,Fake Telecom Station 03041,22.408734,104.015109,Lào Cai,Lào Cai,mapped
BTS_03042,Fake Telecom Station 03042,11.684981,106.371213,Tây Ninh,Tây Ninh,mapped
BTS_03043,Fake Telecom Station 03043,13.566241,108.461979,Gia Lai,Gia Lai,mapped
BTS_03044,Fake Telecom Station 03044,22.511918,103.29237,Lai Châu,Lai Châu,mapped
BTS_03045,Fake Telecom Station 03045,10.73318,105.878453,Long An,Tây Ninh,mapped
BTS_03046,Fake Telecom Station 03046,19.228351,105.629577,Nghệ An,Nghệ An,mapped
BTS_03047,Fake Telecom Station 03047,11.046353,106.70347,Bình Dương,TPHCM,mapped
BTS_03048,Fake Telecom Station 03048,22.465905,105.540678,Tuyên Quang,Tuyên Quang,mapped
BTS_03049,Fake Telecom Station 03049,21.552987,107.317122,Quảng Ninh,Quảng Ninh,mapped
BTS_03050,Fake Telecom Station 03050,22.277261,102.972179,Lai Châu,Lai Châu,mapped
BTS_03051,Fake Telecom Station 03051,11.253718,106.788824,Bình Dương,TPHCM,mapped
BTS_03052,Fake Telecom Station 03052,13.118879,108.253311,Đắk Lắk,Đắk Lắk,mapped
BTS_03053,Fake Telecom Station 03053,21.346615,104.126213,Sơn La,Sơn La,mapped
BTS_03054,Fake Telecom Station 03054,11.203257,107.383484,Đồng Nai,Đồng Nai,mapped
BTS_03055,Fake Telecom Station 03055,11.415578,106.384745,Tây Ninh,Tây Ninh,mapped
BTS_03056,Fake Telecom Station 03056,21.210969,104.761417,Sơn La,Sơn La,mapped
BTS_03057,Fake Telecom Station 03057,21.606505,106.864921,Lạng Sơn,Lạng Sơn,mapped
BTS_03058,Fake Telecom Station 03058,21.244003,107.040023,Quảng Ninh,Quảng Ninh,mapped
BTS_03059,Fake Telecom Station 03059,15.482804,108.371343,Quảng Nam,Đà Nẵng,mapped
BTS_03060,Fake Telecom Station 03060,15.702425,108.393146,Quảng Nam,Đà Nẵng,mapped
BTS_03061,Fake Telecom Station 03061,12.321997,108.624076,Đắk Lắk,Đắk Lắk,mapped
BTS_03062,Fake Telecom Station 03062,21.774284,103.540129,Điện Biên,Điện Biên,mapped
BTS_03063,Fake Telecom Station 03063,21.022109,104.413661,Sơn La,Sơn La,mapped
BTS_03064,Fake Telecom Station 03064,11.203645,108.553105,Bình Thuận,Lâm Đồng,mapped
BTS_03065,Fake Telecom Station 03065,14.537745,107.823154,Kon Tum,Quảng Ngãi,mapped
BTS_03066,Fake Telecom Station 03066,20.10902,105.243513,Thanh Hóa,Thanh Hóa,mapped
BTS_03067,Fake Telecom Station 03067,21.628721,106.387415,Lạng Sơn,Lạng Sơn,mapped
BTS_03068,Fake Telecom Station 03068,20.293711,106.409622,Nam Định,Ninh Bình,mapped
BTS_03069,Fake Telecom Station 03069,12.295503,108.693009,Lâm Đồng,Lâm Đồng,mapped
BTS_03070,Fake Telecom Station 03070,21.096943,104.011923,Sơn La,Sơn La,mapped
BTS_03071,Fake Telecom Station 03071,21.80778,105.185534,Tuyên Quang,Tuyên Quang,mapped
BTS_03072,Fake Telecom Station 03072,19.280694,104.34044,Nghệ An,Nghệ An,mapped
BTS_03073,Fake Telecom Station 03073,13.277257,108.013854,Đắk Lắk,Đắk Lắk,mapped
BTS_03074,Fake Telecom Station 03074,11.685113,106.707941,Bình Phước,Đồng Nai,mapped
BTS_03075,Fake Telecom Station 03075,11.501894,108.902078,Ninh Thuận,Khánh Hòa,mapped
BTS_03076,Fake Telecom Station 03076,15.202025,107.924421,Kon Tum,Quảng Ngãi,mapped
BTS_03077,Fake Telecom Station 03077,11.640394,108.026273,Lâm Đồng,Lâm Đồng,mapped
BTS_03078,Fake Telecom Station 03078,21.232135,103.068964,Điện Biên,Điện Biên,mapped
BTS_03079,Fake Telecom Station 03079,12.232574,108.462107,Lâm Đồng,Lâm Đồng,mapped
BTS_03080,Fake Telecom Station 03080,9.793998,105.697423,Hậu Giang,Cần Thơ,mapped
BTS_03081,Fake Telecom Station 03081,8.924067,104.81277,Cà Mau,Cà Mau,mapped
BTS_03082,Fake Telecom Station 03082,20.651715,105.552305,Hòa Bình,Phú Thọ,mapped
BTS_03083,Fake Telecom Station 03083,11.874786,108.11108,Lâm Đồng,Lâm Đồng,mapped
BTS_03084,Fake Telecom Station 03084,21.039441,107.315546,Quảng Ninh,Quảng Ninh,mapped
BTS_03085,Fake Telecom Station 03085,15.727284,108.175842,Quảng Nam,Đà Nẵng,mapped
BTS_03086,Fake Telecom Station 03086,10.586174,104.914603,An Giang,An Giang,mapped
BTS_03087,Fake Telecom Station 03087,15.642998,107.642962,Quảng Nam,Đà Nẵng,mapped
BTS_03088,Fake Telecom Station 03088,10.025822,105.150035,Kiên Giang,An Giang,mapped
BTS_03089,Fake Telecom Station 03089,20.503002,105.148243,Thanh Hóa,Thanh Hóa,mapped
BTS_03090,Fake Telecom Station 03090,21.510405,106.862863,Bắc Giang,Bắc Ninh,mapped
BTS_03091,Fake Telecom Station 03091,20.61574,104.635517,Sơn La,Sơn La,mapped
BTS_03092,Fake Telecom Station 03092,13.820289,107.742038,Gia Lai,Gia Lai,mapped
BTS_03093,Fake Telecom Station 03093,22.186696,103.233465,Lai Châu,Lai Châu,mapped
BTS_03094,Fake Telecom Station 03094,15.418316,107.575398,Quảng Nam,Đà Nẵng,mapped
BTS_03095,Fake Telecom Station 03095,15.87496,107.904889,Quảng Nam,Đà Nẵng,mapped
BTS_03096,Fake Telecom Station 03096,11.897956,107.143367,Bình Phước,Đồng Nai,mapped
BTS_03097,Fake Telecom Station 03097,19.528272,104.383979,Nghệ An,Nghệ An,mapped
BTS_03098,Fake Telecom Station 03098,22.902564,106.228043,Cao Bằng,Cao Bằng,mapped
BTS_03099,Fake Telecom Station 03099,23.193796,105.200642,Hà Giang,Tuyên Quang,mapped
BTS_03100,Fake Telecom Station 03100,11.327713,107.034458,Đồng Nai,Đồng Nai,mapped
BTS_03101,Fake Telecom Station 03101,21.458868,104.109551,Sơn La,Sơn La,mapped
BTS_03102,Fake Telecom Station 03102,11.435863,107.058613,Bình Phước,Đồng Nai,mapped
BTS_03103,Fake Telecom Station 03103,15.483811,108.049364,Quảng Nam,Đà Nẵng,mapped
BTS_03104,Fake Telecom Station 03104,22.323242,104.343978,Lào Cai,Lào Cai,mapped
BTS_03105,Fake Telecom Station 03105,15.203253,108.095774,Quảng Nam,Đà Nẵng,mapped
BTS_03106,Fake Telecom Station 03106,13.215563,107.647387,Đắk Lắk,Đắk Lắk,mapped
BTS_03107,Fake Telecom Station 03107,10.162402,106.359368,Bến Tre,Vĩnh Long,mapped
BTS_03108,Fake Telecom Station 03108,12.35671,108.210523,Đắk Lắk,Đắk Lắk,mapped
BTS_03109,Fake Telecom Station 03109,20.791399,106.565516,Hải Dương,Hải Phòng,mapped
BTS_03110,Fake Telecom Station 03110,16.662444,107.338075,Thừa Thiên Huế,Huế,mapped
BTS_03111,Fake Telecom Station 03111,10.816739,106.698134,Ho Chi Minh,TPHCM,mapped
BTS_03112,Fake Telecom Station 03112,22.0336,105.518878,Bắc Kạn,Thái Nguyên,mapped
BTS_03113,Fake Telecom Station 03113,14.575528,108.588202,Gia Lai,Gia Lai,mapped
BTS_03114,Fake Telecom Station 03114,21.445701,106.491792,Bắc Giang,Bắc Ninh,mapped
BTS_03115,Fake Telecom Station 03115,11.451719,106.872308,Bình Phước,Đồng Nai,mapped
BTS_03116,Fake Telecom Station 03116,11.202827,107.883866,Bình Thuận,Lâm Đồng,mapped
BTS_03117,Fake Telecom Station 03117,20.321574,105.375965,Thanh Hóa,Thanh Hóa,mapped
BTS_03118,Fake Telecom Station 03118,9.112824,105.243637,Cà Mau,Cà Mau,mapped
BTS_03119,Fake Telecom Station 03119,14.301017,108.624581,Gia Lai,Gia Lai,mapped
BTS_03120,Fake Telecom Station 03120,14.216124,107.600805,Kon Tum,Quảng Ngãi,mapped
BTS_03121,Fake Telecom Station 03121,19.255594,105.659774,Nghệ An,Nghệ An,mapped
BTS_03122,Fake Telecom Station 03122,11.193674,106.573543,Bình Dương,TPHCM,mapped
BTS_03123,Fake Telecom Station 03123,11.155231,108.068505,Bình Thuận,Lâm Đồng,mapped
BTS_03124,Fake Telecom Station 03124,10.589323,105.635207,Đồng Tháp,Đồng Tháp,mapped
BTS_03125,Fake Telecom Station 03125,10.674572,106.70692,Ho Chi Minh,TPHCM,mapped
BTS_03126,Fake Telecom Station 03126,20.410848,106.402158,Thái Bình,Hưng Yên,mapped
BTS_03127,Fake Telecom Station 03127,10.278654,105.098812,Kiên Giang,An Giang,mapped
BTS_03128,Fake Telecom Station 03128,16.448885,107.298944,Thừa Thiên Huế,Huế,mapped
BTS_03129,Fake Telecom Station 03129,17.523325,106.366115,Quảng Bình,Quảng Trị,mapped
BTS_03130,Fake Telecom Station 03130,10.956059,107.523967,Đồng Nai,Đồng Nai,mapped
BTS_03131,Fake Telecom Station 03131,11.486195,107.133669,Đồng Nai,Đồng Nai,mapped
BTS_03132,Fake Telecom Station 03132,10.076724,105.706339,Cần Thơ,Cần Thơ,mapped
BTS_03133,Fake Telecom Station 03133,21.83893,102.896672,Điện Biên,Điện Biên,mapped
BTS_03134,Fake Telecom Station 03134,15.252047,108.414955,Quảng Ngãi,Quảng Ngãi,mapped
BTS_03135,Fake Telecom Station 03135,21.538994,106.680342,Bắc Giang,Bắc Ninh,mapped
BTS_03136,Fake Telecom Station 03136,9.517089,105.070654,Cà Mau,Cà Mau,mapped
BTS_03137,Fake Telecom Station 03137,15.555116,108.107451,Quảng Nam,Đà Nẵng,mapped
BTS_03138,Fake Telecom Station 03138,14.899032,108.831057,Quảng Ngãi,Quảng Ngãi,mapped
BTS_03139,Fake Telecom Station 03139,11.555605,108.337212,Lâm Đồng,Lâm Đồng,mapped
BTS_03140,Fake Telecom Station 03140,21.838724,104.972447,Yên Bái,Lào Cai,mapped
BTS_03141,Fake Telecom Station 03141,14.307458,107.665568,Kon Tum,Quảng Ngãi,mapped
BTS_03142,Fake Telecom Station 03142,21.133583,106.37891,Bắc Ninh,Bắc Ninh,mapped
BTS_03143,Fake Telecom Station 03143,21.440849,105.073167,Phú Thọ,Phú Thọ,mapped
BTS_03144,Fake Telecom Station 03144,11.510684,107.803346,Lâm Đồng,Lâm Đồng,mapped
BTS_03145,Fake Telecom Station 03145,22.343487,102.73803,Lai Châu,Lai Châu,mapped
BTS_03146,Fake Telecom Station 03146,13.407004,109.309811,Phú Yên,Đắk Lắk,mapped
BTS_03147,Fake Telecom Station 03147,11.941122,108.612597,Lâm Đồng,Lâm Đồng,mapped
BTS_03148,Fake Telecom Station 03148,22.5525,103.313412,Lai Châu,Lai Châu,mapped
BTS_03149,Fake Telecom Station 03149,22.139501,104.954075,Tuyên Quang,Tuyên Quang,mapped
BTS_03150,Fake Telecom Station 03150,22.061131,103.238924,Lai Châu,Lai Châu,mapped
BTS_03151,Fake Telecom Station 03151,12.087362,108.183496,Lâm Đồng,Lâm Đồng,mapped
BTS_03152,Fake Telecom Station 03152,21.217245,105.596831,Vĩnh Phúc,Phú Thọ,mapped
BTS_03153,Fake Telecom Station 03153,10.047004,106.428623,Bến Tre,Vĩnh Long,mapped
BTS_03154,Fake Telecom Station 03154,22.496438,106.036845,Bắc Kạn,Thái Nguyên,mapped
BTS_03155,Fake Telecom Station 03155,16.135064,108.284389,Đà Nẵng,Đà Nẵng,mapped
BTS_03156,Fake Telecom Station 03156,9.38952,106.162104,Sóc Trăng,Cần Thơ,mapped
BTS_03157,Fake Telecom Station 03157,20.55821,105.106552,Hòa Bình,Phú Thọ,mapped
BTS_03158,Fake Telecom Station 03158,15.065273,108.052457,Quảng Nam,Đà Nẵng,mapped
BTS_03159,Fake Telecom Station 03159,12.300934,108.855836,Khánh Hòa,Khánh Hòa,mapped
BTS_03160,Fake Telecom Station 03160,22.200537,103.713807,Lai Châu,Lai Châu,mapped
BTS_03161,Fake Telecom Station 03161,13.131009,107.640336,Đắk Lắk,Đắk Lắk,mapped
BTS_03162,Fake Telecom Station 03162,21.445259,104.12326,Sơn La,Sơn La,mapped
BTS_03163,Fake Telecom Station 03163,21.704387,105.431534,Tuyên Quang,Tuyên Quang,mapped
BTS_03164,Fake Telecom Station 03164,21.551021,105.796618,Thái Nguyên,Thái Nguyên,mapped
BTS_03165,Fake Telecom Station 03165,21.36793,103.963493,Sơn La,Sơn La,mapped
BTS_03166,Fake Telecom Station 03166,22.342492,105.790437,Bắc Kạn,Thái Nguyên,mapped
BTS_03167,Fake Telecom Station 03167,13.38331,108.115878,Đắk Lắk,Đắk Lắk,mapped
BTS_03168,Fake Telecom Station 03168,21.654285,107.365124,Lạng Sơn,Lạng Sơn,mapped
BTS_03169,Fake Telecom Station 03169,12.012374,108.7393,Ninh Thuận,Khánh Hòa,mapped
BTS_03170,Fake Telecom Station 03170,14.56043,109.008587,Bình Định,Gia Lai,mapped
BTS_03171,Fake Telecom Station 03171,10.294778,104.600429,Kiên Giang,An Giang,mapped
BTS_03172,Fake Telecom Station 03172,21.487797,105.734682,Thái Nguyên,Thái Nguyên,mapped
BTS_03173,Fake Telecom Station 03173,12.644322,108.888616,Đắk Lắk,Đắk Lắk,mapped
BTS_03174,Fake Telecom Station 03174,12.046639,107.358263,Đắk Nông,Lâm Đồng,mapped
BTS_03175,Fake Telecom Station 03175,12.464588,109.065793,Khánh Hòa,Khánh Hòa,mapped
BTS_03176,Fake Telecom Station 03176,20.332418,106.152478,Nam Định,Ninh Bình,mapped
BTS_03177,Fake Telecom Station 03177,11.88779,107.768674,Đắk Nông,Lâm Đồng,mapped
BTS_03178,Fake Telecom Station 03178,12.799272,109.098367,Phú Yên,Đắk Lắk,mapped
BTS_03179,Fake Telecom Station 03179,20.468537,104.669948,Thanh Hóa,Thanh Hóa,mapped
BTS_03180,Fake Telecom Station 03180,11.516851,108.124439,Lâm Đồng,Lâm Đồng,mapped
BTS_03181,Fake Telecom Station 03181,15.008324,108.114198,Quảng Nam,Đà Nẵng,mapped
BTS_03182,Fake Telecom Station 03182,17.565223,106.318199,Quảng Bình,Quảng Trị,mapped
BTS_03183,Fake Telecom Station 03183,13.03176,108.657864,Gia Lai,Gia Lai,mapped
BTS_03184,Fake Telecom Station 03184,9.61619,105.298697,Bạc Liêu,Cà Mau,mapped
BTS_03185,Fake Telecom Station 03185,20.91044,104.851986,Sơn La,Sơn La,mapped
BTS_03186,Fake Telecom Station 03186,22.336813,105.65362,Bắc Kạn,Thái Nguyên,mapped
BTS_03187,Fake Telecom Station 03187,22.63754,105.625662,Bắc Kạn,Thái Nguyên,mapped
BTS_03188,Fake Telecom Station 03188,22.419721,104.594068,Hà Giang,Tuyên Quang,mapped
BTS_03189,Fake Telecom Station 03189,10.473939,104.909897,An Giang,An Giang,mapped
BTS_03190,Fake Telecom Station 03190,22.12636,106.104481,Bắc Kạn,Thái Nguyên,mapped
BTS_03191,Fake Telecom Station 03191,10.064401,105.813596,Vĩnh Long,Vĩnh Long,mapped
BTS_03192,Fake Telecom Station 03192,14.46394,108.473366,Gia Lai,Gia Lai,mapped
BTS_03193,Fake Telecom Station 03193,12.283372,107.584238,Đắk Nông,Lâm Đồng,mapped
BTS_03194,Fake Telecom Station 03194,11.98764,108.083556,Lâm Đồng,Lâm Đồng,mapped
BTS_03195,Fake Telecom Station 03195,13.148951,107.778974,Đắk Lắk,Đắk Lắk,mapped
BTS_03196,Fake Telecom Station 03196,13.242582,107.730733,Đắk Lắk,Đắk Lắk,mapped
BTS_03197,Fake Telecom Station 03197,18.277958,105.352378,Hà Tĩnh,Hà Tĩnh,mapped
BTS_03198,Fake Telecom Station 03198,10.465832,105.203364,An Giang,An Giang,mapped
BTS_03199,Fake Telecom Station 03199,15.676807,108.040769,Quảng Nam,Đà Nẵng,mapped
BTS_03200,Fake Telecom Station 03200,10.727842,107.800368,Bình Thuận,Lâm Đồng,mapped
BTS_03201,Fake Telecom Station 03201,12.558649,108.220083,Đắk Lắk,Đắk Lắk,mapped
BTS_03202,Fake Telecom Station 03202,21.057261,105.632929,Hà Nội	,Hà Nội,mapped
BTS_03203,Fake Telecom Station 03203,11.410052,106.246323,Tây Ninh,Tây Ninh,mapped
BTS_03204,Fake Telecom Station 03204,19.984979,105.511829,Thanh Hóa,Thanh Hóa,mapped
BTS_03205,Fake Telecom Station 03205,19.871742,105.889515,Thanh Hóa,Thanh Hóa,mapped
BTS_03206,Fake Telecom Station 03206,12.316642,109.102977,Khánh Hòa,Khánh Hòa,mapped
BTS_03207,Fake Telecom Station 03207,18.760254,105.073468,Nghệ An,Nghệ An,mapped
BTS_03208,Fake Telecom Station 03208,13.621503,108.292521,Gia Lai,Gia Lai,mapped
BTS_03209,Fake Telecom Station 03209,10.5063,105.094252,An Giang,An Giang,mapped
BTS_03210,Fake Telecom Station 03210,19.824246,105.855496,Thanh Hóa,Thanh Hóa,mapped
BTS_03211,Fake Telecom Station 03211,12.73983,107.695791,Đắk Nông,Lâm Đồng,mapped
BTS_03212,Fake Telecom Station 03212,10.376012,105.231183,An Giang,An Giang,mapped
BTS_03213,Fake Telecom Station 03213,16.085026,107.915296,Đà Nẵng,Đà Nẵng,mapped
BTS_03214,Fake Telecom Station 03214,14.92515,108.824982,Quảng Ngãi,Quảng Ngãi,mapped
BTS_03215,Fake Telecom Station 03215,21.811136,105.802287,Bắc Kạn,Thái Nguyên,mapped
BTS_03216,Fake Telecom Station 03216,21.162144,103.029184,Điện Biên,Điện Biên,mapped
BTS_03217,Fake Telecom Station 03217,21.581408,104.8179,Yên Bái,Lào Cai,mapped
BTS_03218,Fake Telecom Station 03218,21.03314,107.550209,Quảng Ninh,Quảng Ninh,mapped
BTS_03219,Fake Telecom Station 03219,14.699224,108.815454,Quảng Ngãi,Quảng Ngãi,mapped
BTS_03220,Fake Telecom Station 03220,19.318796,104.271299,Nghệ An,Nghệ An,mapped
BTS_03221,Fake Telecom Station 03221,11.93966,108.068885,Lâm Đồng,Lâm Đồng,mapped
BTS_03222,Fake Telecom Station 03222,15.00184,108.438481,Quảng Ngãi,Quảng Ngãi,mapped
BTS_03223,Fake Telecom Station 03223,21.970638,106.55228,Lạng Sơn,Lạng Sơn,mapped
BTS_03224,Fake Telecom Station 03224,18.968417,104.779583,Nghệ An,Nghệ An,mapped
BTS_03225,Fake Telecom Station 03225,14.033704,109.004367,Bình Định,Gia Lai,mapped
BTS_03226,Fake Telecom Station 03226,22.44714,103.654862,Lào Cai,Lào Cai,mapped
BTS_03227,Fake Telecom Station 03227,19.825599,105.180035,Thanh Hóa,Thanh Hóa,mapped
BTS_03228,Fake Telecom Station 03228,10.600313,107.251118,Bà Rịa–Vũng Tàu,TPHCM,mapped
BTS_03229,Fake Telecom Station 03229,17.063105,107.104382,Quảng Trị,Quảng Trị,mapped
BTS_03230,Fake Telecom Station 03230,11.197509,107.042904,Đồng Nai,Đồng Nai,mapped
BTS_03231,Fake Telecom Station 03231,19.331691,104.523031,Nghệ An,Nghệ An,mapped
BTS_03232,Fake Telecom Station 03232,21.525328,103.761034,Sơn La,Sơn La,mapped
BTS_03233,Fake Telecom Station 03233,19.531842,104.454025,Nghệ An,Nghệ An,mapped
BTS_03234,Fake Telecom Station 03234,21.035433,106.008702,Hà Nội	,Hà Nội,mapped
BTS_03235,Fake Telecom Station 03235,20.960332,106.818455,Hải Phòng,Hải Phòng,mapped
BTS_03236,Fake Telecom Station 03236,22.19639,103.513562,Lai Châu,Lai Châu,mapped
BTS_03237,Fake Telecom Station 03237,14.353631,108.003584,Kon Tum,Quảng Ngãi,mapped
BTS_03238,Fake Telecom Station 03238,17.200991,106.947183,Quảng Bình,Quảng Trị,mapped
BTS_03239,Fake Telecom Station 03239,22.236522,105.772612,Bắc Kạn,Thái Nguyên,mapped
BTS_03240,Fake Telecom Station 03240,14.676217,108.803964,Quảng Ngãi,Quảng Ngãi,mapped
BTS_03241,Fake Telecom Station 03241,22.333074,104.157686,Lào Cai,Lào Cai,mapped
BTS_03242,Fake Telecom Station 03242,20.136723,105.075644,Thanh Hóa,Thanh Hóa,mapped
BTS_03243,Fake Telecom Station 03243,10.60965,107.517714,Bà Rịa–Vũng Tàu,TPHCM,mapped
BTS_03244,Fake Telecom Station 03244,22.807583,106.704693,Cao Bằng,Cao Bằng,mapped
BTS_03245,Fake Telecom Station 03245,9.662485,106.29049,Trà Vinh,Vĩnh Long,mapped
BTS_03246,Fake Telecom Station 03246,15.913412,108.341156,Quảng Nam,Đà Nẵng,mapped
BTS_03247,Fake Telecom Station 03247,21.107352,106.46713,Hải Dương,Hải Phòng,mapped
BTS_03248,Fake Telecom Station 03248,9.532344,105.229035,Kiên Giang,An Giang,mapped
BTS_03249,Fake Telecom Station 03249,12.407662,108.291829,Đắk Lắk,Đắk Lắk,mapped
BTS_03250,Fake Telecom Station 03250,15.646518,107.44199,Quảng Nam,Đà Nẵng,mapped
BTS_03251,Fake Telecom Station 03251,15.835187,107.320489,Quảng Nam,Đà Nẵng,mapped
BTS_03252,Fake Telecom Station 03252,15.900236,108.22881,Quảng Nam,Đà Nẵng,mapped
BTS_03253,Fake Telecom Station 03253,11.408068,106.307872,Tây Ninh,Tây Ninh,mapped
BTS_03254,Fake Telecom Station 03254,12.274363,107.959499,Đắk Nông,Lâm Đồng,mapped
BTS_03255,Fake Telecom Station 03255,22.760753,106.26628,Cao Bằng,Cao Bằng,mapped
BTS_03256,Fake Telecom Station 03256,9.063,105.141741,Cà Mau,Cà Mau,mapped
BTS_03257,Fake Telecom Station 03257,19.1279,105.485818,Nghệ An,Nghệ An,mapped
BTS_03258,Fake Telecom Station 03258,22.78169,105.632882,Cao Bằng,Cao Bằng,mapped
BTS_03259,Fake Telecom Station 03259,14.84053,107.88498,Kon Tum,Quảng Ngãi,mapped
BTS_03260,Fake Telecom Station 03260,16.527994,107.060813,Quảng Trị,Quảng Trị,mapped
BTS_03261,Fake Telecom Station 03261,20.539997,105.05859,Thanh Hóa,Thanh Hóa,mapped
BTS_03262,Fake Telecom Station 03262,21.937819,106.591807,Lạng Sơn,Lạng Sơn,mapped
BTS_03263,Fake Telecom Station 03263,20.580289,106.207289,Thái Bình,Hưng Yên,mapped
BTS_03264,Fake Telecom Station 03264,21.635286,103.506262,Điện Biên,Điện Biên,mapped
BTS_03265,Fake Telecom Station 03265,9.82521,105.827499,Hậu Giang,Cần Thơ,mapped
BTS_03266,Fake Telecom Station 03266,14.668615,108.725065,Quảng Ngãi,Quảng Ngãi,mapped
BTS_03267,Fake Telecom Station 03267,22.852556,105.57329,Cao Bằng,Cao Bằng,mapped
BTS_03268,Fake Telecom Station 03268,13.807192,108.155216,Gia Lai,Gia Lai,mapped
BTS_03269,Fake Telecom Station 03269,19.794656,105.078924,Nghệ An,Nghệ An,mapped
BTS_03270,Fake Telecom Station 03270,22.061234,104.066251,Lào Cai,Lào Cai,mapped
BTS_03271,Fake Telecom Station 03271,22.222663,105.666836,Bắc Kạn,Thái Nguyên,mapped
BTS_03272,Fake Telecom Station 03272,11.712834,107.894173,Lâm Đồng,Lâm Đồng,mapped
BTS_03273,Fake Telecom Station 03273,22.552131,105.538857,Tuyên Quang,Tuyên Quang,mapped
BTS_03274,Fake Telecom Station 03274,21.171343,105.168955,Phú Thọ,Phú Thọ,mapped
BTS_03275,Fake Telecom Station 03275,15.241809,108.823151,Quảng Ngãi,Quảng Ngãi,mapped
BTS_03276,Fake Telecom Station 03276,19.073875,104.917176,Nghệ An,Nghệ An,mapped
BTS_03277,Fake Telecom Station 03277,10.899693,107.188595,Đồng Nai,Đồng Nai,mapped
BTS_03278,Fake Telecom Station 03278,10.709989,105.26827,An Giang,An Giang,mapped
BTS_03279,Fake Telecom Station 03279,21.188276,102.93998,Điện Biên,Điện Biên,mapped
BTS_03280,Fake Telecom Station 03280,16.965428,106.85244,Quảng Trị,Quảng Trị,mapped
BTS_03281,Fake Telecom Station 03281,15.352771,108.744247,Quảng Ngãi,Quảng Ngãi,mapped
BTS_03282,Fake Telecom Station 03282,11.985705,108.183496,Lâm Đồng,Lâm Đồng,mapped
BTS_03283,Fake Telecom Station 03283,21.411648,106.473004,Bắc Giang,Bắc Ninh,mapped
BTS_03284,Fake Telecom Station 03284,10.168492,105.436332,Cần Thơ,Cần Thơ,mapped
BTS_03285,Fake Telecom Station 03285,13.621201,108.836286,Gia Lai,Gia Lai,mapped
BTS_03286,Fake Telecom Station 03286,21.080633,105.319384,Phú Thọ,Phú Thọ,mapped
BTS_03287,Fake Telecom Station 03287,13.079482,107.84509,Đắk Lắk,Đắk Lắk,mapped
BTS_03288,Fake Telecom Station 03288,9.020311,105.331302,Cà Mau,Cà Mau,mapped
BTS_03289,Fake Telecom Station 03289,22.554266,102.41057,Lai Châu,Lai Châu,mapped
BTS_03290,Fake Telecom Station 03290,20.903785,105.973292,Hưng Yên,Hưng Yên,mapped
BTS_03291,Fake Telecom Station 03291,10.454167,106.349197,Long An,Tây Ninh,mapped
BTS_03292,Fake Telecom Station 03292,13.537273,108.746274,Phú Yên,Đắk Lắk,mapped
BTS_03293,Fake Telecom Station 03293,20.679222,104.821381,Sơn La,Sơn La,mapped
BTS_03294,Fake Telecom Station 03294,12.51652,107.996313,Đắk Lắk,Đắk Lắk,mapped
BTS_03295,Fake Telecom Station 03295,13.967672,107.614385,Gia Lai,Gia Lai,mapped
BTS_03296,Fake Telecom Station 03296,20.799491,106.819415,Hải Phòng,Hải Phòng,mapped
BTS_03297,Fake Telecom Station 03297,14.563889,108.485557,Gia Lai,Gia Lai,mapped
BTS_03298,Fake Telecom Station 03298,10.265171,106.435836,Bến Tre,Vĩnh Long,mapped
BTS_03299,Fake Telecom Station 03299,15.211069,108.38226,Quảng Ngãi,Quảng Ngãi,mapped
BTS_03300,Fake Telecom Station 03300,10.751686,105.609661,Đồng Tháp,Đồng Tháp,mapped
BTS_03301,Fake Telecom Station 03301,22.211736,106.656796,Lạng Sơn,Lạng Sơn,mapped
BTS_03302,Fake Telecom Station 03302,16.799448,107.13098,Quảng Trị,Quảng Trị,mapped
BTS_03303,Fake Telecom Station 03303,19.701806,105.634146,Thanh Hóa,Thanh Hóa,mapped
BTS_03304,Fake Telecom Station 03304,9.080738,105.064562,Cà Mau,Cà Mau,mapped
BTS_03305,Fake Telecom Station 03305,11.971543,108.959383,Khánh Hòa,Khánh Hòa,mapped
BTS_03306,Fake Telecom Station 03306,21.791139,105.578603,Thái Nguyên,Thái Nguyên,mapped
BTS_03307,Fake Telecom Station 03307,11.138741,107.211905,Đồng Nai,Đồng Nai,mapped
BTS_03308,Fake Telecom Station 03308,21.452813,104.689127,Yên Bái,Lào Cai,mapped
BTS_03309,Fake Telecom Station 03309,8.830945,105.154111,Cà Mau,Cà Mau,mapped
BTS_03310,Fake Telecom Station 03310,21.28104,105.355973,Phú Thọ,Phú Thọ,mapped
BTS_03311,Fake Telecom Station 03311,21.059114,105.692676,Hà Nội	,Hà Nội,mapped
BTS_03312,Fake Telecom Station 03312,12.16601,107.382957,Đắk Nông,Lâm Đồng,mapped
BTS_03313,Fake Telecom Station 03313,21.107926,106.268553,Bắc Ninh,Bắc Ninh,mapped
BTS_03314,Fake Telecom Station 03314,9.008614,105.30544,Cà Mau,Cà Mau,mapped
BTS_03315,Fake Telecom Station 03315,13.517987,107.639866,Gia Lai,Gia Lai,mapped
BTS_03316,Fake Telecom Station 03316,15.623189,108.316021,Quảng Nam,Đà Nẵng,mapped
BTS_03317,Fake Telecom Station 03317,22.425927,104.786842,Hà Giang,Tuyên Quang,mapped
BTS_03318,Fake Telecom Station 03318,21.632745,105.816706,Thái Nguyên,Thái Nguyên,mapped
BTS_03319,Fake Telecom Station 03319,11.511594,106.216426,Tây Ninh,Tây Ninh,mapped
BTS_03320,Fake Telecom Station 03320,10.117834,105.554361,Cần Thơ,Cần Thơ,mapped
BTS_03321,Fake Telecom Station 03321,13.664132,108.834393,Gia Lai,Gia Lai,mapped
BTS_03322,Fake Telecom Station 03322,16.688719,106.887584,Quảng Trị,Quảng Trị,mapped
BTS_03323,Fake Telecom Station 03323,13.248548,108.682553,Gia Lai,Gia Lai,mapped
BTS_03324,Fake Telecom Station 03324,20.930225,105.054634,Hòa Bình,Phú Thọ,mapped
BTS_03325,Fake Telecom Station 03325,13.565591,108.981188,Bình Định,Gia Lai,mapped
BTS_03326,Fake Telecom Station 03326,21.129468,105.673891,Hà Nội	,Hà Nội,mapped
BTS_03327,Fake Telecom Station 03327,19.295011,104.05238,Nghệ An,Nghệ An,mapped
BTS_03328,Fake Telecom Station 03328,11.638937,106.843546,Bình Phước,Đồng Nai,mapped
BTS_03329,Fake Telecom Station 03329,12.304761,108.705266,Khánh Hòa,Khánh Hòa,mapped
BTS_03330,Fake Telecom Station 03330,21.345105,107.220586,Quảng Ninh,Quảng Ninh,mapped
BTS_03331,Fake Telecom Station 03331,14.752822,108.705611,Quảng Ngãi,Quảng Ngãi,mapped
BTS_03332,Fake Telecom Station 03332,10.48044,106.219689,Tiền Giang,Đồng Tháp,mapped
BTS_03333,Fake Telecom Station 03333,13.332265,108.912462,Phú Yên,Đắk Lắk,mapped
BTS_03334,Fake Telecom Station 03334,11.93334,107.25203,Bình Phước,Đồng Nai,mapped
BTS_03335,Fake Telecom Station 03335,21.548546,107.587869,Quảng Ninh,Quảng Ninh,mapped
BTS_03336,Fake Telecom Station 03336,14.690597,108.316984,Kon Tum,Quảng Ngãi,mapped
BTS_03337,Fake Telecom Station 03337,20.585773,105.286519,Hòa Bình,Phú Thọ,mapped
BTS_03338,Fake Telecom Station 03338,16.315489,108.017943,Thừa Thiên Huế,Huế,mapped
BTS_03339,Fake Telecom Station 03339,22.526397,106.591585,Cao Bằng,Cao Bằng,mapped
BTS_03340,Fake Telecom Station 03340,20.679264,106.739322,Hải Phòng,Hải Phòng,mapped
BTS_03341,Fake Telecom Station 03341,15.209215,108.882471,Quảng Ngãi,Quảng Ngãi,mapped
BTS_03342,Fake Telecom Station 03342,21.589384,104.325222,Sơn La,Sơn La,mapped
BTS_03343,Fake Telecom Station 03343,20.785897,105.461884,Hòa Bình,Phú Thọ,mapped
BTS_03344,Fake Telecom Station 03344,14.305268,108.300168,Gia Lai,Gia Lai,mapped
BTS_03345,Fake Telecom Station 03345,12.441655,108.151644,Đắk Lắk,Đắk Lắk,mapped
BTS_03346,Fake Telecom Station 03346,9.121055,104.871216,Cà Mau,Cà Mau,mapped
BTS_03347,Fake Telecom Station 03347,20.090104,105.598066,Thanh Hóa,Thanh Hóa,mapped
BTS_03348,Fake Telecom Station 03348,16.481059,107.671851,Thừa Thiên Huế,Huế,mapped
BTS_03349,Fake Telecom Station 03349,18.831023,105.22907,Nghệ An,Nghệ An,mapped
BTS_03350,Fake Telecom Station 03350,10.447611,104.746536,Kiên Giang,An Giang,mapped
BTS_03351,Fake Telecom Station 03351,10.514265,106.104056,Tiền Giang,Đồng Tháp,mapped
BTS_03352,Fake Telecom Station 03352,16.291532,107.254042,Thừa Thiên Huế,Huế,mapped
BTS_03353,Fake Telecom Station 03353,10.440435,104.738497,Kiên Giang,An Giang,mapped
BTS_03354,Fake Telecom Station 03354,10.967781,108.144118,Bình Thuận,Lâm Đồng,mapped
BTS_03355,Fake Telecom Station 03355,19.628751,104.264238,Nghệ An,Nghệ An,mapped
BTS_03356,Fake Telecom Station 03356,21.696429,106.591879,Lạng Sơn,Lạng Sơn,mapped
BTS_03357,Fake Telecom Station 03357,15.560006,108.09672,Quảng Nam,Đà Nẵng,mapped
BTS_03358,Fake Telecom Station 03358,11.366669,106.272623,Tây Ninh,Tây Ninh,mapped
BTS_03359,Fake Telecom Station 03359,21.365894,105.265372,Phú Thọ,Phú Thọ,mapped
BTS_03360,Fake Telecom Station 03360,16.887338,106.687472,Quảng Trị,Quảng Trị,mapped
BTS_03361,Fake Telecom Station 03361,21.583388,103.42599,Điện Biên,Điện Biên,mapped
BTS_03362,Fake Telecom Station 03362,18.152431,105.688565,Hà Tĩnh,Hà Tĩnh,mapped
BTS_03363,Fake Telecom Station 03363,15.050097,107.749449,Kon Tum,Quảng Ngãi,mapped
BTS_03364,Fake Telecom Station 03364,22.817009,104.865597,Hà Giang,Tuyên Quang,mapped
BTS_03365,Fake Telecom Station 03365,8.852223,105.209083,Cà Mau,Cà Mau,mapped
BTS_03366,Fake Telecom Station 03366,11.047204,106.504711,Ho Chi Minh,TPHCM,mapped
BTS_03367,Fake Telecom Station 03367,21.68193,103.695558,Sơn La,Sơn La,mapped
BTS_03368,Fake Telecom Station 03368,22.146496,104.053012,Lào Cai,Lào Cai,mapped
BTS_03369,Fake Telecom Station 03369,9.492094,105.096175,Cà Mau,Cà Mau,mapped
BTS_03370,Fake Telecom Station 03370,22.012931,104.973272,Yên Bái,Lào Cai,mapped
BTS_03371,Fake Telecom Station 03371,9.881317,105.477488,Kiên Giang,An Giang,mapped
BTS_03372,Fake Telecom Station 03372,9.590796,105.402083,Bạc Liêu,Cà Mau,mapped
BTS_03373,Fake Telecom Station 03373,22.061999,103.647338,Lai Châu,Lai Châu,mapped
BTS_03374,Fake Telecom Station 03374,9.368134,105.618085,Bạc Liêu,Cà Mau,mapped
BTS_03375,Fake Telecom Station 03375,22.005212,106.056076,Bắc Kạn,Thái Nguyên,mapped
BTS_03376,Fake Telecom Station 03376,19.776732,105.109722,Nghệ An,Nghệ An,mapped
BTS_03377,Fake Telecom Station 03377,15.186449,107.960668,Kon Tum,Quảng Ngãi,mapped
BTS_03378,Fake Telecom Station 03378,21.271458,104.28268,Sơn La,Sơn La,mapped
BTS_03379,Fake Telecom Station 03379,20.869153,103.711757,Sơn La,Sơn La,mapped
BTS_03380,Fake Telecom Station 03380,18.553288,105.409667,Hà Tĩnh,Hà Tĩnh,mapped
BTS_03381,Fake Telecom Station 03381,20.802976,105.852705,Hà Nội	,Hà Nội,mapped
BTS_03382,Fake Telecom Station 03382,22.408041,103.150151,Lai Châu,Lai Châu,mapped
BTS_03383,Fake Telecom Station 03383,11.774088,107.442509,Đắk Nông,Lâm Đồng,mapped
BTS_03384,Fake Telecom Station 03384,14.241215,108.631891,Gia Lai,Gia Lai,mapped
BTS_03385,Fake Telecom Station 03385,9.308343,105.647246,Bạc Liêu,Cà Mau,mapped
BTS_03386,Fake Telecom Station 03386,22.546149,106.237115,Cao Bằng,Cao Bằng,mapped
BTS_03387,Fake Telecom Station 03387,18.62726,105.439338,Nghệ An,Nghệ An,mapped
BTS_03388,Fake Telecom Station 03388,12.55447,107.764755,Đắk Nông,Lâm Đồng,mapped
BTS_03389,Fake Telecom Station 03389,13.766794,108.397419,Gia Lai,Gia Lai,mapped
BTS_03390,Fake Telecom Station 03390,11.788921,107.714362,Lâm Đồng,Lâm Đồng,mapped
BTS_03391,Fake Telecom Station 03391,20.415138,105.392791,Hòa Bình,Phú Thọ,mapped
BTS_03392,Fake Telecom Station 03392,10.751532,105.19112,An Giang,An Giang,mapped
BTS_03393,Fake Telecom Station 03393,21.495527,103.80707,Sơn La,Sơn La,mapped
BTS_03394,Fake Telecom Station 03394,11.613713,106.284147,Tây Ninh,Tây Ninh,mapped
BTS_03395,Fake Telecom Station 03395,10.765064,107.261382,Đồng Nai,Đồng Nai,mapped
BTS_03396,Fake Telecom Station 03396,10.221024,105.930244,Vĩnh Long,Vĩnh Long,mapped
BTS_03397,Fake Telecom Station 03397,23.043975,105.028775,Hà Giang,Tuyên Quang,mapped
BTS_03398,Fake Telecom Station 03398,15.981076,107.952383,Quảng Nam,Đà Nẵng,mapped
BTS_03399,Fake Telecom Station 03399,12.728696,108.785023,Đắk Lắk,Đắk Lắk,mapped
BTS_03400,Fake Telecom Station 03400,12.892283,108.975074,Phú Yên,Đắk Lắk,mapped
BTS_03401,Fake Telecom Station 03401,22.489109,104.257513,Lào Cai,Lào Cai,mapped
BTS_03402,Fake Telecom Station 03402,11.700207,109.076332,Ninh Thuận,Khánh Hòa,mapped
BTS_03403,Fake Telecom Station 03403,22.094787,102.955996,Lai Châu,Lai Châu,mapped
BTS_03404,Fake Telecom Station 03404,14.014865,107.891482,Gia Lai,Gia Lai,mapped
BTS_03405,Fake Telecom Station 03405,22.071227,104.332425,Lào Cai,Lào Cai,mapped
BTS_03406,Fake Telecom Station 03406,14.685097,107.915799,Kon Tum,Quảng Ngãi,mapped
BTS_03407,Fake Telecom Station 03407,22.091717,106.411547,Lạng Sơn,Lạng Sơn,mapped
BTS_03408,Fake Telecom Station 03408,22.083024,106.690807,Lạng Sơn,Lạng Sơn,mapped
BTS_03409,Fake Telecom Station 03409,11.996528,108.113889,Lâm Đồng,Lâm Đồng,mapped
BTS_03410,Fake Telecom Station 03410,14.031027,109.166709,Bình Định,Gia Lai,mapped
BTS_03411,Fake Telecom Station 03411,13.854557,107.733802,Gia Lai,Gia Lai,mapped
BTS_03412,Fake Telecom Station 03412,21.835892,104.9873,Yên Bái,Lào Cai,mapped
BTS_03413,Fake Telecom Station 03413,19.320287,104.28393,Nghệ An,Nghệ An,mapped
BTS_03414,Fake Telecom Station 03414,22.934768,105.289288,Hà Giang,Tuyên Quang,mapped
BTS_03415,Fake Telecom Station 03415,22.498904,106.566473,Cao Bằng,Cao Bằng,mapped
BTS_03416,Fake Telecom Station 03416,22.020013,103.009431,Điện Biên,Điện Biên,mapped
BTS_03417,Fake Telecom Station 03417,12.967185,108.40652,Đắk Lắk,Đắk Lắk,mapped
BTS_03418,Fake Telecom Station 03418,14.286749,108.256914,Gia Lai,Gia Lai,mapped
BTS_03419,Fake Telecom Station 03419,22.426682,102.96511,Lai Châu,Lai Châu,mapped
BTS_03420,Fake Telecom Station 03420,15.680835,108.45373,Quảng Nam,Đà Nẵng,mapped
BTS_03421,Fake Telecom Station 03421,14.122009,107.377511,Kon Tum,Quảng Ngãi,mapped
BTS_03422,Fake Telecom Station 03422,10.165512,105.046572,Kiên Giang,An Giang,mapped
BTS_03423,Fake Telecom Station 03423,21.232659,104.124625,Sơn La,Sơn La,mapped
BTS_03424,Fake Telecom Station 03424,20.386786,106.234544,Nam Định,Ninh Bình,mapped
BTS_03425,Fake Telecom Station 03425,12.469529,109.018876,Khánh Hòa,Khánh Hòa,mapped
BTS_03426,Fake Telecom Station 03426,12.129017,107.789759,Đắk Nông,Lâm Đồng,mapped
BTS_03427,Fake Telecom Station 03427,22.164187,103.684063,Lai Châu,Lai Châu,mapped
BTS_03428,Fake Telecom Station 03428,20.881029,103.335642,Sơn La,Sơn La,mapped
BTS_03429,Fake Telecom Station 03429,8.69214,104.942231,Cà Mau,Cà Mau,mapped
BTS_03430,Fake Telecom Station 03430,14.983861,107.806156,Kon Tum,Quảng Ngãi,mapped
BTS_03431,Fake Telecom Station 03431,22.859532,106.697155,Cao Bằng,Cao Bằng,mapped
BTS_03432,Fake Telecom Station 03432,19.312699,104.329077,Nghệ An,Nghệ An,mapped
BTS_03433,Fake Telecom Station 03433,21.763561,105.427486,Tuyên Quang,Tuyên Quang,mapped
BTS_03434,Fake Telecom Station 03434,21.891067,105.906062,Bắc Kạn,Thái Nguyên,mapped
BTS_03435,Fake Telecom Station 03435,21.557845,106.409985,Lạng Sơn,Lạng Sơn,mapped
BTS_03436,Fake Telecom Station 03436,11.639036,106.482521,Bình Phước,Đồng Nai,mapped
BTS_03437,Fake Telecom Station 03437,15.610109,108.039513,Quảng Nam,Đà Nẵng,mapped
BTS_03438,Fake Telecom Station 03438,16.554363,106.700079,Quảng Trị,Quảng Trị,mapped
BTS_03439,Fake Telecom Station 03439,18.132904,105.777874,Hà Tĩnh,Hà Tĩnh,mapped
BTS_03440,Fake Telecom Station 03440,13.107529,107.669558,Đắk Lắk,Đắk Lắk,mapped
BTS_03441,Fake Telecom Station 03441,21.82215,106.896091,Lạng Sơn,Lạng Sơn,mapped
BTS_03442,Fake Telecom Station 03442,12.409605,109.273712,Khánh Hòa,Khánh Hòa,mapped
BTS_03443,Fake Telecom Station 03443,20.298551,106.154069,Nam Định,Ninh Bình,mapped
BTS_03444,Fake Telecom Station 03444,10.819789,107.061126,Đồng Nai,Đồng Nai,mapped
BTS_03445,Fake Telecom Station 03445,22.035367,105.575348,Bắc Kạn,Thái Nguyên,mapped
BTS_03446,Fake Telecom Station 03446,21.005996,103.328715,Sơn La,Sơn La,mapped
BTS_03447,Fake Telecom Station 03447,18.600047,105.32044,Hà Tĩnh,Hà Tĩnh,mapped
BTS_03448,Fake Telecom Station 03448,9.522707,105.686,Sóc Trăng,Cần Thơ,mapped
BTS_03449,Fake Telecom Station 03449,21.245355,105.925288,Hà Nội	,Hà Nội,mapped
BTS_03450,Fake Telecom Station 03450,13.336894,108.479239,Gia Lai,Gia Lai,mapped
BTS_03451,Fake Telecom Station 03451,16.185346,108.111715,Thừa Thiên Huế,Huế,mapped
BTS_03452,Fake Telecom Station 03452,11.424735,107.967365,Lâm Đồng,Lâm Đồng,mapped
BTS_03453,Fake Telecom Station 03453,19.40495,105.632574,Thanh Hóa,Thanh Hóa,mapped
BTS_03454,Fake Telecom Station 03454,21.573155,105.056837,Phú Thọ,Phú Thọ,mapped
BTS_03455,Fake Telecom Station 03455,10.160231,105.570684,Cần Thơ,Cần Thơ,mapped
BTS_03456,Fake Telecom Station 03456,13.708382,108.154278,Gia Lai,Gia Lai,mapped
BTS_03457,Fake Telecom Station 03457,11.794627,107.231954,Bình Phước,Đồng Nai,mapped
BTS_03458,Fake Telecom Station 03458,14.167265,109.122783,Bình Định,Gia Lai,mapped
BTS_03459,Fake Telecom Station 03459,22.001569,105.208722,Tuyên Quang,Tuyên Quang,mapped
BTS_03460,Fake Telecom Station 03460,18.676404,105.419437,Nghệ An,Nghệ An,mapped
BTS_03461,Fake Telecom Station 03461,9.782926,104.917278,Kiên Giang,An Giang,mapped
BTS_03462,Fake Telecom Station 03462,13.738954,107.917683,Gia Lai,Gia Lai,mapped
BTS_03463,Fake Telecom Station 03463,10.14436,106.520156,Bến Tre,Vĩnh Long,mapped
BTS_03464,Fake Telecom Station 03464,10.388227,105.297956,An Giang,An Giang,mapped
BTS_03465,Fake Telecom Station 03465,16.943123,106.67566,Quảng Trị,Quảng Trị,mapped
BTS_03466,Fake Telecom Station 03466,10.471078,107.237806,Bà Rịa–Vũng Tàu,TPHCM,mapped
BTS_03467,Fake Telecom Station 03467,18.810002,105.482188,Nghệ An,Nghệ An,mapped
BTS_03468,Fake Telecom Station 03468,15.830727,107.364069,Quảng Nam,Đà Nẵng,mapped
BTS_03469,Fake Telecom Station 03469,22.045303,105.699827,Bắc Kạn,Thái Nguyên,mapped
BTS_03470,Fake Telecom Station 03470,15.415189,108.720849,Quảng Nam,Đà Nẵng,mapped
BTS_03471,Fake Telecom Station 03471,20.300911,104.727916,Thanh Hóa,Thanh Hóa,mapped
BTS_03472,Fake Telecom Station 03472,8.597556,104.807619,Cà Mau,Cà Mau,mapped
BTS_03473,Fake Telecom Station 03473,22.412926,105.751608,Bắc Kạn,Thái Nguyên,mapped
BTS_03474,Fake Telecom Station 03474,11.906891,107.088128,Bình Phước,Đồng Nai,mapped
BTS_03475,Fake Telecom Station 03475,9.235151,105.394695,Bạc Liêu,Cà Mau,mapped
BTS_03476,Fake Telecom Station 03476,11.944771,107.37155,Đắk Nông,Lâm Đồng,mapped
BTS_03477,Fake Telecom Station 03477,18.535952,105.345621,Hà Tĩnh,Hà Tĩnh,mapped
BTS_03478,Fake Telecom Station 03478,21.574359,103.356675,Điện Biên,Điện Biên,mapped
BTS_03479,Fake Telecom Station 03479,10.389903,105.556348,Đồng Tháp,Đồng Tháp,mapped
BTS_03480,Fake Telecom Station 03480,16.67197,107.049539,Quảng Trị,Quảng Trị,mapped
BTS_03481,Fake Telecom Station 03481,10.590979,104.986065,An Giang,An Giang,mapped
BTS_03482,Fake Telecom Station 03482,20.886535,105.128173,Hòa Bình,Phú Thọ,mapped
BTS_03483,Fake Telecom Station 03483,17.346296,106.425564,Quảng Bình,Quảng Trị,mapped
BTS_03484,Fake Telecom Station 03484,12.148523,108.846444,Khánh Hòa,Khánh Hòa,mapped
BTS_03485,Fake Telecom Station 03485,18.167811,105.871146,Hà Tĩnh,Hà Tĩnh,mapped
BTS_03486,Fake Telecom Station 03486,14.851201,108.161227,Kon Tum,Quảng Ngãi,mapped
BTS_03487,Fake Telecom Station 03487,15.829723,108.37803,Quảng Nam,Đà Nẵng,mapped
BTS_03488,Fake Telecom Station 03488,11.389689,106.419334,Bình Dương,TPHCM,mapped
BTS_03489,Fake Telecom Station 03489,11.381844,108.896663,Ninh Thuận,Khánh Hòa,mapped
BTS_03490,Fake Telecom Station 03490,19.808712,105.18298,Thanh Hóa,Thanh Hóa,mapped
BTS_03491,Fake Telecom Station 03491,14.56934,108.027703,Kon Tum,Quảng Ngãi,mapped
BTS_03492,Fake Telecom Station 03492,14.991425,108.050586,Kon Tum,Quảng Ngãi,mapped
BTS_03493,Fake Telecom Station 03493,11.356098,108.10349,Lâm Đồng,Lâm Đồng,mapped
BTS_03494,Fake Telecom Station 03494,21.69619,105.112478,Yên Bái,Lào Cai,mapped
BTS_03495,Fake Telecom Station 03495,12.40051,108.160088,Đắk Lắk,Đắk Lắk,mapped
BTS_03496,Fake Telecom Station 03496,19.598066,104.628402,Nghệ An,Nghệ An,mapped
BTS_03497,Fake Telecom Station 03497,22.300528,104.592636,Hà Giang,Tuyên Quang,mapped
BTS_03498,Fake Telecom Station 03498,9.477248,105.139684,Cà Mau,Cà Mau,mapped
BTS_03499,Fake Telecom Station 03499,10.57323,107.21811,Bà Rịa–Vũng Tàu,TPHCM,mapped
BTS_03500,Fake Telecom Station 03500,22.411285,102.504364,Lai Châu,Lai Châu,mapped
BTS_03501,Fake Telecom Station 03501,13.000555,108.974539,Phú Yên,Đắk Lắk,mapped
BTS_03502,Fake Telecom Station 03502,9.885207,104.988056,Kiên Giang,An Giang,mapped
BTS_03503,Fake Telecom Station 03503,21.578696,105.683282,Thái Nguyên,Thái Nguyên,mapped
BTS_03504,Fake Telecom Station 03504,21.880663,104.385984,Lào Cai,Lào Cai,mapped
BTS_03505,Fake Telecom Station 03505,21.02406,106.578633,Hải Dương,Hải Phòng,mapped
BTS_03506,Fake Telecom Station 03506,11.308292,107.210636,Đồng Nai,Đồng Nai,mapped
BTS_03507,Fake Telecom Station 03507,11.154634,106.5224,Bình Dương,TPHCM,mapped
BTS_03508,Fake Telecom Station 03508,19.57317,104.274255,Nghệ An,Nghệ An,mapped
BTS_03509,Fake Telecom Station 03509,12.09922,108.088092,Lâm Đồng,Lâm Đồng,mapped
BTS_03510,Fake Telecom Station 03510,11.502456,107.328657,Đồng Nai,Đồng Nai,mapped
BTS_03511,Fake Telecom Station 03511,11.11271,106.145783,Tây Ninh,Tây Ninh,mapped
BTS_03512,Fake Telecom Station 03512,14.177306,108.81775,Bình Định,Gia Lai,mapped
BTS_03513,Fake Telecom Station 03513,11.88318,107.079159,Bình Phước,Đồng Nai,mapped
BTS_03514,Fake Telecom Station 03514,18.632077,105.367762,Nghệ An,Nghệ An,mapped
BTS_03515,Fake Telecom Station 03515,13.260463,108.733158,Gia Lai,Gia Lai,mapped
BTS_03516,Fake Telecom Station 03516,19.627073,105.400585,Thanh Hóa,Thanh Hóa,mapped
BTS_03517,Fake Telecom Station 03517,9.47268,104.897158,Cà Mau,Cà Mau,mapped
BTS_03518,Fake Telecom Station 03518,16.189324,107.4121,Thừa Thiên Huế,Huế,mapped
BTS_03519,Fake Telecom Station 03519,22.99143,105.419427,Cao Bằng,Cao Bằng,mapped
BTS_03520,Fake Telecom Station 03520,16.053633,107.501707,Thừa Thiên Huế,Huế,mapped
BTS_03521,Fake Telecom Station 03521,21.38158,107.936876,Quảng Ninh,Quảng Ninh,mapped
BTS_03522,Fake Telecom Station 03522,10.847887,105.200358,An Giang,An Giang,mapped
BTS_03523,Fake Telecom Station 03523,13.78873,107.639371,Gia Lai,Gia Lai,mapped
BTS_03524,Fake Telecom Station 03524,13.310086,109.280351,Phú Yên,Đắk Lắk,mapped
BTS_03525,Fake Telecom Station 03525,22.115252,105.205026,Tuyên Quang,Tuyên Quang,mapped
BTS_03526,Fake Telecom Station 03526,14.576802,107.713131,Kon Tum,Quảng Ngãi,mapped
BTS_03527,Fake Telecom Station 03527,10.896889,105.803683,Long An,Tây Ninh,mapped
BTS_03528,Fake Telecom Station 03528,11.168754,106.901355,Bình Dương,TPHCM,mapped
BTS_03529,Fake Telecom Station 03529,20.267441,106.014885,Nam Định,Ninh Bình,mapped
BTS_03530,Fake Telecom Station 03530,10.875796,105.44314,Đồng Tháp,Đồng Tháp,mapped
BTS_03531,Fake Telecom Station 03531,11.426174,106.502206,Bình Dương,TPHCM,mapped
BTS_03532,Fake Telecom Station 03532,12.448704,107.610555,Đắk Nông,Lâm Đồng,mapped
BTS_03533,Fake Telecom Station 03533,18.131777,105.688797,Hà Tĩnh,Hà Tĩnh,mapped
BTS_03534,Fake Telecom Station 03534,22.562752,104.563305,Hà Giang,Tuyên Quang,mapped
BTS_03535,Fake Telecom Station 03535,15.318519,107.977282,Quảng Nam,Đà Nẵng,mapped
BTS_03536,Fake Telecom Station 03536,14.489913,108.969939,Bình Định,Gia Lai,mapped
BTS_03537,Fake Telecom Station 03537,16.400141,107.596473,Thừa Thiên Huế,Huế,mapped
BTS_03538,Fake Telecom Station 03538,13.22976,108.890219,Phú Yên,Đắk Lắk,mapped
BTS_03539,Fake Telecom Station 03539,20.115741,105.10142,Thanh Hóa,Thanh Hóa,mapped
BTS_03540,Fake Telecom Station 03540,22.070977,103.486805,Lai Châu,Lai Châu,mapped
BTS_03541,Fake Telecom Station 03541,10.415336,104.701734,Kiên Giang,An Giang,mapped
BTS_03542,Fake Telecom Station 03542,21.490831,103.55469,Sơn La,Sơn La,mapped
BTS_03543,Fake Telecom Station 03543,11.696469,106.57127,Bình Phước,Đồng Nai,mapped
BTS_03544,Fake Telecom Station 03544,15.377732,107.770503,Quảng Nam,Đà Nẵng,mapped
BTS_03545,Fake Telecom Station 03545,21.681318,103.417129,Điện Biên,Điện Biên,mapped
BTS_03546,Fake Telecom Station 03546,18.966713,105.140488,Nghệ An,Nghệ An,mapped
BTS_03547,Fake Telecom Station 03547,21.434749,103.972842,Sơn La,Sơn La,mapped
BTS_03548,Fake Telecom Station 03548,20.202647,105.686882,Ninh Bình,Ninh Bình,mapped
BTS_03549,Fake Telecom Station 03549,12.52693,108.335078,Đắk Lắk,Đắk Lắk,mapped
BTS_03550,Fake Telecom Station 03550,11.61874,108.033273,Lâm Đồng,Lâm Đồng,mapped
BTS_03551,Fake Telecom Station 03551,10.553441,106.438095,Long An,Tây Ninh,mapped
BTS_03552,Fake Telecom Station 03552,10.84142,106.475786,Long An,Tây Ninh,mapped
BTS_03553,Fake Telecom Station 03553,16.47523,107.257542,Thừa Thiên Huế,Huế,mapped
BTS_03554,Fake Telecom Station 03554,22.139728,104.558664,Lào Cai,Lào Cai,mapped
BTS_03555,Fake Telecom Station 03555,19.246799,105.034109,Nghệ An,Nghệ An,mapped
BTS_03556,Fake Telecom Station 03556,21.051699,103.252741,Điện Biên,Điện Biên,mapped
BTS_03557,Fake Telecom Station 03557,19.381467,104.434057,Nghệ An,Nghệ An,mapped
BTS_03558,Fake Telecom Station 03558,16.742368,106.593791,Quảng Trị,Quảng Trị,mapped
BTS_03559,Fake Telecom Station 03559,11.603903,107.587016,Lâm Đồng,Lâm Đồng,mapped
BTS_03560,Fake Telecom Station 03560,21.994018,104.589689,Yên Bái,Lào Cai,mapped
BTS_03561,Fake Telecom Station 03561,21.266718,106.134269,Bắc Giang,Bắc Ninh,mapped
BTS_03562,Fake Telecom Station 03562,19.624562,104.340714,Nghệ An,Nghệ An,mapped
BTS_03563,Fake Telecom Station 03563,22.801478,104.141761,Lào Cai,Lào Cai,mapped
BTS_03564,Fake Telecom Station 03564,20.099156,105.709461,Thanh Hóa,Thanh Hóa,mapped
BTS_03565,Fake Telecom Station 03565,13.887101,108.545461,Gia Lai,Gia Lai,mapped
BTS_03566,Fake Telecom Station 03566,11.283371,107.203067,Đồng Nai,Đồng Nai,mapped
BTS_03567,Fake Telecom Station 03567,21.188666,104.332659,Sơn La,Sơn La,mapped
BTS_03568,Fake Telecom Station 03568,19.091828,105.209126,Nghệ An,Nghệ An,mapped
BTS_03569,Fake Telecom Station 03569,22.760484,106.222586,Cao Bằng,Cao Bằng,mapped
BTS_03570,Fake Telecom Station 03570,10.524627,107.18349,Bà Rịa–Vũng Tàu,TPHCM,mapped
BTS_03571,Fake Telecom Station 03571,12.143803,107.9084,Đắk Nông,Lâm Đồng,mapped
BTS_03572,Fake Telecom Station 03572,20.128395,105.054839,Thanh Hóa,Thanh Hóa,mapped
BTS_03573,Fake Telecom Station 03573,18.998137,105.516809,Nghệ An,Nghệ An,mapped
BTS_03574,Fake Telecom Station 03574,13.812146,108.553664,Gia Lai,Gia Lai,mapped
BTS_03575,Fake Telecom Station 03575,20.486861,104.926963,Thanh Hóa,Thanh Hóa,mapped
BTS_03576,Fake Telecom Station 03576,10.342612,105.000575,An Giang,An Giang,mapped
BTS_03577,Fake Telecom Station 03577,15.314138,108.302368,Quảng Nam,Đà Nẵng,mapped
BTS_03578,Fake Telecom Station 03578,17.298606,106.35816,Quảng Bình,Quảng Trị,mapped
BTS_03579,Fake Telecom Station 03579,10.924572,107.192512,Đồng Nai,Đồng Nai,mapped
BTS_03580,Fake Telecom Station 03580,22.688994,105.526773,Cao Bằng,Cao Bằng,mapped
BTS_03581,Fake Telecom Station 03581,21.260054,103.255561,Điện Biên,Điện Biên,mapped
BTS_03582,Fake Telecom Station 03582,8.649062,104.92157,Cà Mau,Cà Mau,mapped
BTS_03583,Fake Telecom Station 03583,11.900462,108.061082,Đắk Nông,Lâm Đồng,mapped
BTS_03584,Fake Telecom Station 03584,18.26154,105.544328,Hà Tĩnh,Hà Tĩnh,mapped
BTS_03585,Fake Telecom Station 03585,12.217397,108.390123,Lâm Đồng,Lâm Đồng,mapped
BTS_03586,Fake Telecom Station 03586,22.38277,104.653024,Hà Giang,Tuyên Quang,mapped
BTS_03587,Fake Telecom Station 03587,20.115279,107.863906,Hải Phòng,Hải Phòng,mapped
BTS_03588,Fake Telecom Station 03588,12.126699,107.327162,Đắk Nông,Lâm Đồng,mapped
BTS_03589,Fake Telecom Station 03589,22.582477,105.617638,Bắc Kạn,Thái Nguyên,mapped
BTS_03590,Fake Telecom Station 03590,22.1524,104.083762,Lào Cai,Lào Cai,mapped
BTS_03591,Fake Telecom Station 03591,21.171533,106.795285,Quảng Ninh,Quảng Ninh,mapped
BTS_03592,Fake Telecom Station 03592,20.171193,105.936384,Ninh Bình,Ninh Bình,mapped
BTS_03593,Fake Telecom Station 03593,14.449119,108.086861,Kon Tum,Quảng Ngãi,mapped
BTS_03594,Fake Telecom Station 03594,12.01122,106.795983,Bình Phước,Đồng Nai,mapped
BTS_03595,Fake Telecom Station 03595,11.060269,107.134132,Đồng Nai,Đồng Nai,mapped
BTS_03596,Fake Telecom Station 03596,21.043582,105.878298,Hà Nội	,Hà Nội,mapped
BTS_03597,Fake Telecom Station 03597,18.896584,105.612619,Nghệ An,Nghệ An,mapped
BTS_03598,Fake Telecom Station 03598,10.53294,105.668102,Đồng Tháp,Đồng Tháp,mapped
BTS_03599,Fake Telecom Station 03599,20.358481,105.131996,Thanh Hóa,Thanh Hóa,mapped
BTS_03600,Fake Telecom Station 03600,11.154394,107.888128,Bình Thuận,Lâm Đồng,mapped
BTS_03601,Fake Telecom Station 03601,12.709038,108.976406,Đắk Lắk,Đắk Lắk,mapped
BTS_03602,Fake Telecom Station 03602,20.665897,105.033942,Hòa Bình,Phú Thọ,mapped
BTS_03603,Fake Telecom Station 03603,19.509258,105.708622,Thanh Hóa,Thanh Hóa,mapped
BTS_03604,Fake Telecom Station 03604,11.613145,107.125872,Bình Phước,Đồng Nai,mapped
BTS_03605,Fake Telecom Station 03605,11.750606,107.428275,Lâm Đồng,Lâm Đồng,mapped
BTS_03606,Fake Telecom Station 03606,11.749909,108.184755,Lâm Đồng,Lâm Đồng,mapped
BTS_03607,Fake Telecom Station 03607,20.678246,105.05638,Hòa Bình,Phú Thọ,mapped
BTS_03608,Fake Telecom Station 03608,11.305545,108.121007,Lâm Đồng,Lâm Đồng,mapped
BTS_03609,Fake Telecom Station 03609,9.03609,105.308378,Cà Mau,Cà Mau,mapped
BTS_03610,Fake Telecom Station 03610,10.209669,105.861973,Đồng Tháp,Đồng Tháp,mapped
BTS_03611,Fake Telecom Station 03611,10.520203,105.739165,Đồng Tháp,Đồng Tháp,mapped
BTS_03612,Fake Telecom Station 03612,13.928093,108.746607,Gia Lai,Gia Lai,mapped
BTS_03613,Fake Telecom Station 03613,11.511248,107.56524,Lâm Đồng,Lâm Đồng,mapped
BTS_03614,Fake Telecom Station 03614,22.781829,105.163101,Hà Giang,Tuyên Quang,mapped
BTS_03615,Fake Telecom Station 03615,18.005393,106.1134,Hà Tĩnh,Hà Tĩnh,mapped
BTS_03616,Fake Telecom Station 03616,19.569277,104.267667,Nghệ An,Nghệ An,mapped
BTS_03617,Fake Telecom Station 03617,10.462237,106.909002,Ho Chi Minh,TPHCM,mapped
BTS_03618,Fake Telecom Station 03618,20.633866,105.154333,Hòa Bình,Phú Thọ,mapped
BTS_03619,Fake Telecom Station 03619,11.669403,106.407348,Tây Ninh,Tây Ninh,mapped
BTS_03620,Fake Telecom Station 03620,20.965002,105.934347,Hà Nội	,Hà Nội,mapped
BTS_03621,Fake Telecom Station 03621,22.112386,104.502222,Yên Bái,Lào Cai,mapped
BTS_03622,Fake Telecom Station 03622,20.302388,105.741086,Ninh Bình,Ninh Bình,mapped
BTS_03623,Fake Telecom Station 03623,10.548297,106.71802,Long An,Tây Ninh,mapped
BTS_03624,Fake Telecom Station 03624,12.165582,108.826277,Khánh Hòa,Khánh Hòa,mapped
BTS_03625,Fake Telecom Station 03625,22.758156,106.802818,Cao Bằng,Cao Bằng,mapped
BTS_03626,Fake Telecom Station 03626,20.999254,106.791127,Hải Phòng,Hải Phòng,mapped
BTS_03627,Fake Telecom Station 03627,21.882009,105.988142,Thái Nguyên,Thái Nguyên,mapped
BTS_03628,Fake Telecom Station 03628,11.506798,106.986906,Bình Phước,Đồng Nai,mapped
BTS_03629,Fake Telecom Station 03629,21.096145,106.102562,Bắc Ninh,Bắc Ninh,mapped
BTS_03630,Fake Telecom Station 03630,14.726151,108.354034,Kon Tum,Quảng Ngãi,mapped
BTS_03631,Fake Telecom Station 03631,20.964676,105.318872,Phú Thọ,Phú Thọ,mapped
BTS_03632,Fake Telecom Station 03632,20.521601,106.269062,Thái Bình,Hưng Yên,mapped
BTS_03633,Fake Telecom Station 03633,22.508671,103.384003,Lai Châu,Lai Châu,mapped
BTS_03634,Fake Telecom Station 03634,22.059904,105.672434,Bắc Kạn,Thái Nguyên,mapped
BTS_03635,Fake Telecom Station 03635,14.59032,108.917666,Bình Định,Gia Lai,mapped
BTS_03636,Fake Telecom Station 03636,14.359565,108.429154,Gia Lai,Gia Lai,mapped
BTS_03637,Fake Telecom Station 03637,12.29818,108.455127,Đắk Lắk,Đắk Lắk,mapped
BTS_03638,Fake Telecom Station 03638,22.257287,102.853306,Lai Châu,Lai Châu,mapped
BTS_03639,Fake Telecom Station 03639,12.524304,107.969423,Đắk Lắk,Đắk Lắk,mapped
BTS_03640,Fake Telecom Station 03640,11.051209,108.402617,Bình Thuận,Lâm Đồng,mapped
BTS_03641,Fake Telecom Station 03641,19.596879,104.272494,Nghệ An,Nghệ An,mapped
BTS_03642,Fake Telecom Station 03642,12.288141,109.143586,Khánh Hòa,Khánh Hòa,mapped
BTS_03643,Fake Telecom Station 03643,17.499065,106.552438,Quảng Bình,Quảng Trị,mapped
BTS_03644,Fake Telecom Station 03644,21.661259,106.041919,Thái Nguyên,Thái Nguyên,mapped
BTS_03645,Fake Telecom Station 03645,14.644275,108.087898,Kon Tum,Quảng Ngãi,mapped
BTS_03646,Fake Telecom Station 03646,20.919193,105.865916,Hà Nội	,Hà Nội,mapped
BTS_03647,Fake Telecom Station 03647,14.95675,108.651537,Quảng Ngãi,Quảng Ngãi,mapped
BTS_03648,Fake Telecom Station 03648,14.179335,108.314576,Gia Lai,Gia Lai,mapped
BTS_03649,Fake Telecom Station 03649,20.713346,105.969535,Hà Nội	,Hà Nội,mapped
BTS_03650,Fake Telecom Station 03650,15.094244,108.328981,Quảng Ngãi,Quảng Ngãi,mapped
BTS_03651,Fake Telecom Station 03651,20.638973,105.882168,Hà Nam,Ninh Bình,mapped
BTS_03652,Fake Telecom Station 03652,10.910236,107.290583,Đồng Nai,Đồng Nai,mapped
BTS_03653,Fake Telecom Station 03653,21.457921,107.442798,Quảng Ninh,Quảng Ninh,mapped
BTS_03654,Fake Telecom Station 03654,21.952688,102.862757,Điện Biên,Điện Biên,mapped
BTS_03655,Fake Telecom Station 03655,11.075644,107.513003,Bình Thuận,Lâm Đồng,mapped
BTS_03656,Fake Telecom Station 03656,20.270312,105.32983,Thanh Hóa,Thanh Hóa,mapped
BTS_03657,Fake Telecom Station 03657,20.358553,105.922858,Ninh Bình,Ninh Bình,mapped
BTS_03658,Fake Telecom Station 03658,20.264802,105.240023,Thanh Hóa,Thanh Hóa,mapped
BTS_03659,Fake Telecom Station 03659,22.463989,104.66695,Hà Giang,Tuyên Quang,mapped
BTS_03660,Fake Telecom Station 03660,19.854606,105.236217,Thanh Hóa,Thanh Hóa,mapped
BTS_03661,Fake Telecom Station 03661,18.697057,105.570306,Nghệ An,Nghệ An,mapped
BTS_03662,Fake Telecom Station 03662,21.448564,104.509502,Yên Bái,Lào Cai,mapped
BTS_03663,Fake Telecom Station 03663,19.019695,104.879027,Nghệ An,Nghệ An,mapped
BTS_03664,Fake Telecom Station 03664,11.367815,107.992245,Lâm Đồng,Lâm Đồng,mapped
BTS_03665,Fake Telecom Station 03665,10.499398,104.793201,An Giang,An Giang,mapped
BTS_03666,Fake Telecom Station 03666,21.203654,106.090653,Bắc Ninh,Bắc Ninh,mapped
BTS_03667,Fake Telecom Station 03667,21.314824,107.049925,Quảng Ninh,Quảng Ninh,mapped
BTS_03668,Fake Telecom Station 03668,21.593229,106.551063,Lạng Sơn,Lạng Sơn,mapped
BTS_03669,Fake Telecom Station 03669,8.902089,105.351395,Cà Mau,Cà Mau,mapped
BTS_03670,Fake Telecom Station 03670,18.854171,105.221872,Nghệ An,Nghệ An,mapped
BTS_03671,Fake Telecom Station 03671,12.154435,108.049967,Đắk Nông,Lâm Đồng,mapped
BTS_03672,Fake Telecom Station 03672,17.16628,106.770092,Quảng Bình,Quảng Trị,mapped
BTS_03673,Fake Telecom Station 03673,10.580108,107.448731,Bà Rịa–Vũng Tàu,TPHCM,mapped
BTS_03674,Fake Telecom Station 03674,13.668229,108.942028,Bình Định,Gia Lai,mapped
BTS_03675,Fake Telecom Station 03675,10.237049,105.198831,An Giang,An Giang,mapped
BTS_03676,Fake Telecom Station 03676,21.946631,103.955052,Lai Châu,Lai Châu,mapped
BTS_03677,Fake Telecom Station 03677,13.042721,108.892388,Phú Yên,Đắk Lắk,mapped
BTS_03678,Fake Telecom Station 03678,20.371918,106.449082,Thái Bình,Hưng Yên,mapped
BTS_03679,Fake Telecom Station 03679,11.493339,108.9793,Ninh Thuận,Khánh Hòa,mapped
BTS_03680,Fake Telecom Station 03680,20.155112,105.577154,Thanh Hóa,Thanh Hóa,mapped
BTS_03681,Fake Telecom Station 03681,20.716423,105.259192,Hòa Bình,Phú Thọ,mapped
BTS_03682,Fake Telecom Station 03682,19.75771,104.866282,Nghệ An,Nghệ An,mapped
BTS_03683,Fake Telecom Station 03683,9.172629,104.808661,Cà Mau,Cà Mau,mapped
BTS_03684,Fake Telecom Station 03684,22.028471,103.587018,Lai Châu,Lai Châu,mapped
BTS_03685,Fake Telecom Station 03685,9.711863,105.03112,Kiên Giang,An Giang,mapped
BTS_03686,Fake Telecom Station 03686,9.698546,105.171993,Kiên Giang,An Giang,mapped
BTS_03687,Fake Telecom Station 03687,20.767229,103.751704,Sơn La,Sơn La,mapped
BTS_03688,Fake Telecom Station 03688,21.819499,106.299768,Lạng Sơn,Lạng Sơn,mapped
BTS_03689,Fake Telecom Station 03689,12.179767,107.882867,Đắk Nông,Lâm Đồng,mapped
BTS_03690,Fake Telecom Station 03690,14.650108,107.992284,Kon Tum,Quảng Ngãi,mapped
BTS_03691,Fake Telecom Station 03691,11.379806,105.894349,Tây Ninh,Tây Ninh,mapped
BTS_03692,Fake Telecom Station 03692,16.756169,106.89574,Quảng Trị,Quảng Trị,mapped
BTS_03693,Fake Telecom Station 03693,18.80007,105.388333,Nghệ An,Nghệ An,mapped
BTS_03694,Fake Telecom Station 03694,16.319441,107.549947,Thừa Thiên Huế,Huế,mapped
BTS_03695,Fake Telecom Station 03695,22.307674,102.60274,Lai Châu,Lai Châu,mapped
BTS_03696,Fake Telecom Station 03696,19.615166,105.183084,Nghệ An,Nghệ An,mapped
BTS_03697,Fake Telecom Station 03697,22.463035,105.285234,Tuyên Quang,Tuyên Quang,mapped
BTS_03698,Fake Telecom Station 03698,21.880991,106.912245,Lạng Sơn,Lạng Sơn,mapped
BTS_03699,Fake Telecom Station 03699,22.807629,105.775105,Cao Bằng,Cao Bằng,mapped
BTS_03700,Fake Telecom Station 03700,14.753192,107.715501,Kon Tum,Quảng Ngãi,mapped
BTS_03701,Fake Telecom Station 03701,12.56889,108.298459,Đắk Lắk,Đắk Lắk,mapped
BTS_03702,Fake Telecom Station 03702,16.572587,107.399236,Thừa Thiên Huế,Huế,mapped
BTS_03703,Fake Telecom Station 03703,11.476055,108.345218,Bình Thuận,Lâm Đồng,mapped
BTS_03704,Fake Telecom Station 03704,9.0462,105.424402,Cà Mau,Cà Mau,mapped
BTS_03705,Fake Telecom Station 03705,22.142034,106.160333,Bắc Kạn,Thái Nguyên,mapped
BTS_03706,Fake Telecom Station 03706,9.46693,105.403333,Bạc Liêu,Cà Mau,mapped
BTS_03707,Fake Telecom Station 03707,12.609982,108.845919,Đắk Lắk,Đắk Lắk,mapped
BTS_03708,Fake Telecom Station 03708,9.592947,105.088735,Kiên Giang,An Giang,mapped
BTS_03709,Fake Telecom Station 03709,19.309944,104.001505,Nghệ An,Nghệ An,mapped
BTS_03710,Fake Telecom Station 03710,21.498052,103.95857,Sơn La,Sơn La,mapped
BTS_03711,Fake Telecom Station 03711,22.666642,105.397751,Hà Giang,Tuyên Quang,mapped
BTS_03712,Fake Telecom Station 03712,12.87709,107.664547,Đắk Lắk,Đắk Lắk,mapped
BTS_03713,Fake Telecom Station 03713,18.517118,105.658897,Hà Tĩnh,Hà Tĩnh,mapped
BTS_03714,Fake Telecom Station 03714,9.1023,105.222613,Cà Mau,Cà Mau,mapped
BTS_03715,Fake Telecom Station 03715,23.137188,104.932289,Hà Giang,Tuyên Quang,mapped
BTS_03716,Fake Telecom Station 03716,19.011875,105.350354,Nghệ An,Nghệ An,mapped
BTS_03717,Fake Telecom Station 03717,9.96845,106.196013,Trà Vinh,Vĩnh Long,mapped
BTS_03718,Fake Telecom Station 03718,14.393915,107.800737,Kon Tum,Quảng Ngãi,mapped
BTS_03719,Fake Telecom Station 03719,10.347579,106.021588,Tiền Giang,Đồng Tháp,mapped
BTS_03720,Fake Telecom Station 03720,14.040983,108.901608,Bình Định,Gia Lai,mapped
BTS_03721,Fake Telecom Station 03721,11.444131,107.654036,Lâm Đồng,Lâm Đồng,mapped
BTS_03722,Fake Telecom Station 03722,13.370181,108.507081,Gia Lai,Gia Lai,mapped
BTS_03723,Fake Telecom Station 03723,10.420353,106.15782,Tiền Giang,Đồng Tháp,mapped
BTS_03724,Fake Telecom Station 03724,20.622137,105.016539,Hòa Bình,Phú Thọ,mapped
BTS_03725,Fake Telecom Station 03725,14.522472,107.894805,Kon Tum,Quảng Ngãi,mapped
BTS_03726,Fake Telecom Station 03726,14.323205,108.678225,Gia Lai,Gia Lai,mapped
BTS_03727,Fake Telecom Station 03727,14.840994,107.99073,Kon Tum,Quảng Ngãi,mapped
BTS_03728,Fake Telecom Station 03728,21.969064,103.270471,Điện Biên,Điện Biên,mapped
BTS_03729,Fake Telecom Station 03729,14.752907,108.824639,Quảng Ngãi,Quảng Ngãi,mapped
BTS_03730,Fake Telecom Station 03730,20.918651,103.680334,Sơn La,Sơn La,mapped
BTS_03731,Fake Telecom Station 03731,21.406613,105.579951,Vĩnh Phúc,Phú Thọ,mapped
BTS_03732,Fake Telecom Station 03732,13.578509,108.211712,Gia Lai,Gia Lai,mapped
BTS_03733,Fake Telecom Station 03733,15.326303,108.426242,Quảng Nam,Đà Nẵng,mapped
BTS_03734,Fake Telecom Station 03734,14.400136,108.955026,Bình Định,Gia Lai,mapped
BTS_03735,Fake Telecom Station 03735,10.415482,105.140231,An Giang,An Giang,mapped
BTS_03736,Fake Telecom Station 03736,20.241892,105.341063,Thanh Hóa,Thanh Hóa,mapped
BTS_03737,Fake Telecom Station 03737,12.083054,108.878757,Khánh Hòa,Khánh Hòa,mapped
BTS_03738,Fake Telecom Station 03738,9.414871,104.844857,Cà Mau,Cà Mau,mapped
BTS_03739,Fake Telecom Station 03739,10.686062,106.533257,Ho Chi Minh,TPHCM,mapped
BTS_03740,Fake Telecom Station 03740,18.730079,105.784352,Hà Tĩnh,Hà Tĩnh,mapped
BTS_03741,Fake Telecom Station 03741,17.231611,106.671189,Quảng Bình,Quảng Trị,mapped
BTS_03742,Fake Telecom Station 03742,11.409864,106.67468,Bình Phước,Đồng Nai,mapped
BTS_03743,Fake Telecom Station 03743,21.315178,105.691266,Vĩnh Phúc,Phú Thọ,mapped
BTS_03744,Fake Telecom Station 03744,10.471417,107.33905,Bà Rịa–Vũng Tàu,TPHCM,mapped
BTS_03745,Fake Telecom Station 03745,14.261443,108.868725,Bình Định,Gia Lai,mapped
BTS_03746,Fake Telecom Station 03746,22.665939,103.688603,Lào Cai,Lào Cai,mapped
BTS_03747,Fake Telecom Station 03747,19.862256,105.573119,Thanh Hóa,Thanh Hóa,mapped
BTS_03748,Fake Telecom Station 03748,12.622743,107.931927,Đắk Nông,Lâm Đồng,mapped
BTS_03749,Fake Telecom Station 03749,11.603688,107.714088,Lâm Đồng,Lâm Đồng,mapped
BTS_03750,Fake Telecom Station 03750,16.293812,107.988805,Thừa Thiên Huế,Huế,mapped
BTS_03751,Fake Telecom Station 03751,20.605239,105.888145,Hà Nam,Ninh Bình,mapped
BTS_03752,Fake Telecom Station 03752,11.091193,107.504192,Bình Thuận,Lâm Đồng,mapped
BTS_03753,Fake Telecom Station 03753,14.152873,108.191286,Gia Lai,Gia Lai,mapped
BTS_03754,Fake Telecom Station 03754,18.793164,105.139068,Nghệ An,Nghệ An,mapped
BTS_03755,Fake Telecom Station 03755,21.429474,104.495746,Yên Bái,Lào Cai,mapped
BTS_03756,Fake Telecom Station 03756,19.163674,104.497331,Nghệ An,Nghệ An,mapped
BTS_03757,Fake Telecom Station 03757,11.403518,108.874639,Ninh Thuận,Khánh Hòa,mapped
BTS_03758,Fake Telecom Station 03758,20.226013,105.103866,Thanh Hóa,Thanh Hóa,mapped
BTS_03759,Fake Telecom Station 03759,11.796003,106.46683,Bình Phước,Đồng Nai,mapped
BTS_03760,Fake Telecom Station 03760,11.918749,107.781445,Đắk Nông,Lâm Đồng,mapped
BTS_03761,Fake Telecom Station 03761,22.414831,103.802909,Lào Cai,Lào Cai,mapped
BTS_03762,Fake Telecom Station 03762,13.791077,108.863771,Bình Định,Gia Lai,mapped
BTS_03763,Fake Telecom Station 03763,9.552734,105.169015,Kiên Giang,An Giang,mapped
BTS_03764,Fake Telecom Station 03764,22.282831,105.552821,Bắc Kạn,Thái Nguyên,mapped
BTS_03765,Fake Telecom Station 03765,10.23947,104.896559,Kiên Giang,An Giang,mapped
BTS_03766,Fake Telecom Station 03766,20.870062,105.913348,Hà Nội	,Hà Nội,mapped
BTS_03767,Fake Telecom Station 03767,16.728957,106.732002,Quảng Trị,Quảng Trị,mapped
BTS_03768,Fake Telecom Station 03768,10.605056,105.891375,Long An,Tây Ninh,mapped
BTS_03769,Fake Telecom Station 03769,10.069512,106.483625,Bến Tre,Vĩnh Long,mapped
BTS_03770,Fake Telecom Station 03770,9.729465,105.170892,Kiên Giang,An Giang,mapped
BTS_03771,Fake Telecom Station 03771,10.51237,106.397883,Long An,Tây Ninh,mapped
BTS_03772,Fake Telecom Station 03772,9.837507,105.708257,Hậu Giang,Cần Thơ,mapped
BTS_03773,Fake Telecom Station 03773,13.160018,108.5199,Gia Lai,Gia Lai,mapped
BTS_03774,Fake Telecom Station 03774,21.491593,102.941396,Điện Biên,Điện Biên,mapped
BTS_03775,Fake Telecom Station 03775,12.513512,107.693254,Đắk Nông,Lâm Đồng,mapped
BTS_03776,Fake Telecom Station 03776,19.395729,104.33687,Nghệ An,Nghệ An,mapped
BTS_03777,Fake Telecom Station 03777,18.924058,104.802663,Nghệ An,Nghệ An,mapped
BTS_03778,Fake Telecom Station 03778,18.176424,105.945964,Hà Tĩnh,Hà Tĩnh,mapped
BTS_03779,Fake Telecom Station 03779,14.138103,107.359926,Kon Tum,Quảng Ngãi,mapped
BTS_03780,Fake Telecom Station 03780,21.768411,102.813209,Điện Biên,Điện Biên,mapped
BTS_03781,Fake Telecom Station 03781,11.341135,106.427515,Bình Dương,TPHCM,mapped
BTS_03782,Fake Telecom Station 03782,15.841787,108.16899,Quảng Nam,Đà Nẵng,mapped
BTS_03783,Fake Telecom Station 03783,13.590509,107.815619,Gia Lai,Gia Lai,mapped
BTS_03784,Fake Telecom Station 03784,10.675837,106.25083,Long An,Tây Ninh,mapped
BTS_03785,Fake Telecom Station 03785,14.60237,107.637349,Kon Tum,Quảng Ngãi,mapped
BTS_03786,Fake Telecom Station 03786,21.514469,104.945944,Phú Thọ,Phú Thọ,mapped
BTS_03787,Fake Telecom Station 03787,22.34648,103.029435,Lai Châu,Lai Châu,mapped
BTS_03788,Fake Telecom Station 03788,20.927007,106.258905,Hải Dương,Hải Phòng,mapped
BTS_03789,Fake Telecom Station 03789,21.354887,103.395223,Sơn La,Sơn La,mapped
BTS_03790,Fake Telecom Station 03790,20.980529,104.100454,Sơn La,Sơn La,mapped
BTS_03791,Fake Telecom Station 03791,21.591669,104.841469,Yên Bái,Lào Cai,mapped
BTS_03792,Fake Telecom Station 03792,18.239626,105.667314,Hà Tĩnh,Hà Tĩnh,mapped
BTS_03793,Fake Telecom Station 03793,14.26857,107.596315,Kon Tum,Quảng Ngãi,mapped
BTS_03794,Fake Telecom Station 03794,14.270434,108.099078,Gia Lai,Gia Lai,mapped
BTS_03795,Fake Telecom Station 03795,21.4478,104.982337,Phú Thọ,Phú Thọ,mapped
BTS_03796,Fake Telecom Station 03796,20.724026,105.885468,Hà Nội	,Hà Nội,mapped
BTS_03797,Fake Telecom Station 03797,20.062335,105.292707,Thanh Hóa,Thanh Hóa,mapped
BTS_03798,Fake Telecom Station 03798,22.399,103.770021,Lào Cai,Lào Cai,mapped
BTS_03799,Fake Telecom Station 03799,14.983574,108.767229,Quảng Ngãi,Quảng Ngãi,mapped
BTS_03800,Fake Telecom Station 03800,10.641564,106.301161,Long An,Tây Ninh,mapped
BTS_03801,Fake Telecom Station 03801,11.94434,107.742785,Đắk Nông,Lâm Đồng,mapped
BTS_03802,Fake Telecom Station 03802,9.930302,106.446409,Trà Vinh,Vĩnh Long,mapped
BTS_03803,Fake Telecom Station 03803,9.895928,105.997567,Trà Vinh,Vĩnh Long,mapped
BTS_03804,Fake Telecom Station 03804,14.953334,108.296444,Kon Tum,Quảng Ngãi,mapped
BTS_03805,Fake Telecom Station 03805,21.850701,106.226184,Lạng Sơn,Lạng Sơn,mapped
BTS_03806,Fake Telecom Station 03806,10.700666,107.658165,Bình Thuận,Lâm Đồng,mapped
BTS_03807,Fake Telecom Station 03807,22.34505,103.063839,Lai Châu,Lai Châu,mapped
BTS_03808,Fake Telecom Station 03808,21.635538,104.923609,Yên Bái,Lào Cai,mapped
BTS_03809,Fake Telecom Station 03809,11.998226,109.103075,Khánh Hòa,Khánh Hòa,mapped
BTS_03810,Fake Telecom Station 03810,21.717887,104.507853,Yên Bái,Lào Cai,mapped
BTS_03811,Fake Telecom Station 03811,12.215087,108.104534,Đắk Lắk,Đắk Lắk,mapped
BTS_03812,Fake Telecom Station 03812,13.274639,108.983883,Phú Yên,Đắk Lắk,mapped
BTS_03813,Fake Telecom Station 03813,21.811023,103.198016,Điện Biên,Điện Biên,mapped
BTS_03814,Fake Telecom Station 03814,13.633425,107.577809,Gia Lai,Gia Lai,mapped
BTS_03815,Fake Telecom Station 03815,15.134256,108.64929,Quảng Ngãi,Quảng Ngãi,mapped
BTS_03816,Fake Telecom Station 03816,14.134092,108.285715,Gia Lai,Gia Lai,mapped
BTS_03817,Fake Telecom Station 03817,13.943624,108.708722,Gia Lai,Gia Lai,mapped
BTS_03818,Fake Telecom Station 03818,9.940148,105.040034,Kiên Giang,An Giang,mapped
BTS_03819,Fake Telecom Station 03819,19.046603,105.600106,Nghệ An,Nghệ An,mapped
BTS_03820,Fake Telecom Station 03820,9.773184,106.545004,Trà Vinh,Vĩnh Long,mapped
BTS_03821,Fake Telecom Station 03821,22.031329,103.851116,Lai Châu,Lai Châu,mapped
BTS_03822,Fake Telecom Station 03822,19.645916,105.125876,Nghệ An,Nghệ An,mapped
BTS_03823,Fake Telecom Station 03823,10.443756,105.894984,Tiền Giang,Đồng Tháp,mapped
BTS_03824,Fake Telecom Station 03824,20.393584,106.561466,Thái Bình,Hưng Yên,mapped
BTS_03825,Fake Telecom Station 03825,16.505318,106.680546,Quảng Trị,Quảng Trị,mapped
BTS_03826,Fake Telecom Station 03826,13.150232,108.737218,Gia Lai,Gia Lai,mapped
BTS_03827,Fake Telecom Station 03827,11.566328,108.213547,Lâm Đồng,Lâm Đồng,mapped
BTS_03828,Fake Telecom Station 03828,10.816182,107.447481,Đồng Nai,Đồng Nai,mapped
BTS_03829,Fake Telecom Station 03829,20.146057,105.924811,Ninh Bình,Ninh Bình,mapped
BTS_03830,Fake Telecom Station 03830,22.797185,105.174819,Hà Giang,Tuyên Quang,mapped
BTS_03831,Fake Telecom Station 03831,19.465561,104.407138,Nghệ An,Nghệ An,mapped
BTS_03832,Fake Telecom Station 03832,21.896576,106.252957,Lạng Sơn,Lạng Sơn,mapped
BTS_03833,Fake Telecom Station 03833,13.061586,108.309124,Đắk Lắk,Đắk Lắk,mapped
BTS_03834,Fake Telecom Station 03834,19.727344,105.171907,Thanh Hóa,Thanh Hóa,mapped
BTS_03835,Fake Telecom Station 03835,21.302791,104.37141,Sơn La,Sơn La,mapped
BTS_03836,Fake Telecom Station 03836,20.85448,103.262713,Sơn La,Sơn La,mapped
BTS_03837,Fake Telecom Station 03837,18.071081,105.979138,Hà Tĩnh,Hà Tĩnh,mapped
BTS_03838,Fake Telecom Station 03838,21.62858,107.336581,Lạng Sơn,Lạng Sơn,mapped
BTS_03839,Fake Telecom Station 03839,18.409685,105.654347,Hà Tĩnh,Hà Tĩnh,mapped
BTS_03840,Fake Telecom Station 03840,16.123562,107.548052,Thừa Thiên Huế,Huế,mapped
BTS_03841,Fake Telecom Station 03841,22.515877,105.81319,Cao Bằng,Cao Bằng,mapped
BTS_03842,Fake Telecom Station 03842,18.080044,106.20857,Hà Tĩnh,Hà Tĩnh,mapped
BTS_03843,Fake Telecom Station 03843,11.840811,108.747326,Ninh Thuận,Khánh Hòa,mapped
BTS_03844,Fake Telecom Station 03844,10.229708,105.337289,Cần Thơ,Cần Thơ,mapped
BTS_03845,Fake Telecom Station 03845,11.085017,107.284318,Đồng Nai,Đồng Nai,mapped
BTS_03846,Fake Telecom Station 03846,11.973255,107.430436,Đắk Nông,Lâm Đồng,mapped
BTS_03847,Fake Telecom Station 03847,20.696994,105.938961,Hà Nội	,Hà Nội,mapped
BTS_03848,Fake Telecom Station 03848,21.528062,102.963382,Điện Biên,Điện Biên,mapped
BTS_03849,Fake Telecom Station 03849,19.074292,104.993234,Nghệ An,Nghệ An,mapped
BTS_03850,Fake Telecom Station 03850,10.180522,106.173282,Vĩnh Long,Vĩnh Long,mapped
BTS_03851,Fake Telecom Station 03851,16.235416,107.439496,Thừa Thiên Huế,Huế,mapped
BTS_03852,Fake Telecom Station 03852,11.750343,106.457889,Bình Phước,Đồng Nai,mapped
BTS_03853,Fake Telecom Station 03853,16.695337,106.961977,Quảng Trị,Quảng Trị,mapped
BTS_03854,Fake Telecom Station 03854,16.29473,107.758156,Thừa Thiên Huế,Huế,mapped
BTS_03855,Fake Telecom Station 03855,21.070994,105.779588,Hà Nội	,Hà Nội,mapped
BTS_03856,Fake Telecom Station 03856,21.609924,103.406324,Điện Biên,Điện Biên,mapped
BTS_03857,Fake Telecom Station 03857,21.165757,106.324488,Bắc Ninh,Bắc Ninh,mapped
BTS_03858,Fake Telecom Station 03858,19.902186,105.96076,Thanh Hóa,Thanh Hóa,mapped
BTS_03859,Fake Telecom Station 03859,13.582541,108.132592,Gia Lai,Gia Lai,mapped
BTS_03860,Fake Telecom Station 03860,20.876052,106.069516,Hưng Yên,Hưng Yên,mapped
BTS_03861,Fake Telecom Station 03861,11.121683,106.789911,Bình Dương,TPHCM,mapped
BTS_03862,Fake Telecom Station 03862,21.389315,106.077622,Bắc Giang,Bắc Ninh,mapped
BTS_03863,Fake Telecom Station 03863,10.746656,105.602731,Đồng Tháp,Đồng Tháp,mapped
BTS_03864,Fake Telecom Station 03864,12.717927,108.463345,Đắk Lắk,Đắk Lắk,mapped
BTS_03865,Fake Telecom Station 03865,22.052309,103.861872,Lai Châu,Lai Châu,mapped
BTS_03866,Fake Telecom Station 03866,20.357346,105.474384,Thanh Hóa,Thanh Hóa,mapped
BTS_03867,Fake Telecom Station 03867,9.874127,105.717579,Hậu Giang,Cần Thơ,mapped
BTS_03868,Fake Telecom Station 03868,11.802122,107.527341,Đắk Nông,Lâm Đồng,mapped
BTS_03869,Fake Telecom Station 03869,20.94831,104.605261,Sơn La,Sơn La,mapped
BTS_03870,Fake Telecom Station 03870,12.259069,108.342632,Đắk Lắk,Đắk Lắk,mapped
BTS_03871,Fake Telecom Station 03871,21.21156,103.827765,Sơn La,Sơn La,mapped
BTS_03872,Fake Telecom Station 03872,13.877593,108.6762,Gia Lai,Gia Lai,mapped
BTS_03873,Fake Telecom Station 03873,11.248597,105.926543,Tây Ninh,Tây Ninh,mapped
BTS_03874,Fake Telecom Station 03874,21.503417,103.675773,Sơn La,Sơn La,mapped
BTS_03875,Fake Telecom Station 03875,21.803632,107.085184,Lạng Sơn,Lạng Sơn,mapped
BTS_03876,Fake Telecom Station 03876,21.780508,106.187872,Lạng Sơn,Lạng Sơn,mapped
BTS_03877,Fake Telecom Station 03877,13.031818,108.648409,Gia Lai,Gia Lai,mapped
BTS_03878,Fake Telecom Station 03878,11.13202,106.811118,Bình Dương,TPHCM,mapped
BTS_03879,Fake Telecom Station 03879,22.291728,106.309286,Lạng Sơn,Lạng Sơn,mapped
BTS_03880,Fake Telecom Station 03880,13.228257,109.034547,Phú Yên,Đắk Lắk,mapped
BTS_03881,Fake Telecom Station 03881,15.659343,107.647609,Quảng Nam,Đà Nẵng,mapped
BTS_03882,Fake Telecom Station 03882,21.881939,102.885781,Điện Biên,Điện Biên,mapped
BTS_03883,Fake Telecom Station 03883,15.233298,108.316578,Quảng Nam,Đà Nẵng,mapped
BTS_03884,Fake Telecom Station 03884,11.391885,108.25091,Lâm Đồng,Lâm Đồng,mapped
BTS_03885,Fake Telecom Station 03885,12.196702,107.616462,Đắk Nông,Lâm Đồng,mapped
BTS_03886,Fake Telecom Station 03886,14.472184,107.694101,Kon Tum,Quảng Ngãi,mapped
BTS_03887,Fake Telecom Station 03887,9.858892,105.360921,Kiên Giang,An Giang,mapped
BTS_03888,Fake Telecom Station 03888,10.341822,106.250453,Tiền Giang,Đồng Tháp,mapped
BTS_03889,Fake Telecom Station 03889,9.507408,105.545388,Bạc Liêu,Cà Mau,mapped
BTS_03890,Fake Telecom Station 03890,20.833138,105.717662,Hà Nội	,Hà Nội,mapped
BTS_03891,Fake Telecom Station 03891,22.294988,104.469031,Lào Cai,Lào Cai,mapped
BTS_03892,Fake Telecom Station 03892,10.143848,105.187409,Kiên Giang,An Giang,mapped
BTS_03893,Fake Telecom Station 03893,9.273572,105.734259,Bạc Liêu,Cà Mau,mapped
BTS_03894,Fake Telecom Station 03894,22.463625,104.977037,Hà Giang,Tuyên Quang,mapped
BTS_03895,Fake Telecom Station 03895,10.494262,105.670931,Đồng Tháp,Đồng Tháp,mapped
BTS_03896,Fake Telecom Station 03896,20.915909,103.122057,Điện Biên,Điện Biên,mapped
BTS_03897,Fake Telecom Station 03897,21.942258,105.412117,Tuyên Quang,Tuyên Quang,mapped
BTS_03898,Fake Telecom Station 03898,20.743677,105.470782,Hòa Bình,Phú Thọ,mapped
BTS_03899,Fake Telecom Station 03899,15.523343,108.573479,Quảng Nam,Đà Nẵng,mapped
BTS_03900,Fake Telecom Station 03900,15.982213,107.902313,Quảng Nam,Đà Nẵng,mapped
BTS_03901,Fake Telecom Station 03901,20.940647,106.442828,Hải Dương,Hải Phòng,mapped
BTS_03902,Fake Telecom Station 03902,11.940961,107.067321,Bình Phước,Đồng Nai,mapped
BTS_03903,Fake Telecom Station 03903,22.345233,103.089123,Lai Châu,Lai Châu,mapped
BTS_03904,Fake Telecom Station 03904,21.149375,106.541665,Hải Dương,Hải Phòng,mapped
BTS_03905,Fake Telecom Station 03905,18.258882,105.310837,Hà Tĩnh,Hà Tĩnh,mapped
BTS_03906,Fake Telecom Station 03906,21.453187,105.722683,Vĩnh Phúc,Phú Thọ,mapped
BTS_03907,Fake Telecom Station 03907,21.309755,105.316284,Phú Thọ,Phú Thọ,mapped
BTS_03908,Fake Telecom Station 03908,19.721375,105.830139,Thanh Hóa,Thanh Hóa,mapped
BTS_03909,Fake Telecom Station 03909,21.110552,104.201033,Sơn La,Sơn La,mapped
BTS_03910,Fake Telecom Station 03910,13.962408,107.749141,Gia Lai,Gia Lai,mapped
BTS_03911,Fake Telecom Station 03911,12.034002,106.874664,Bình Phước,Đồng Nai,mapped
BTS_03912,Fake Telecom Station 03912,13.485623,107.817927,Gia Lai,Gia Lai,mapped
BTS_03913,Fake Telecom Station 03913,13.457485,108.312354,Gia Lai,Gia Lai,mapped
BTS_03914,Fake Telecom Station 03914,21.494231,106.157585,Bắc Giang,Bắc Ninh,mapped
BTS_03915,Fake Telecom Station 03915,21.0106,107.293702,Quảng Ninh,Quảng Ninh,mapped
BTS_03916,Fake Telecom Station 03916,23.090904,105.191479,Hà Giang,Tuyên Quang,mapped
BTS_03917,Fake Telecom Station 03917,20.95053,106.873913,Hải Phòng,Hải Phòng,mapped
BTS_03918,Fake Telecom Station 03918,14.247133,107.723388,Kon Tum,Quảng Ngãi,mapped
BTS_03919,Fake Telecom Station 03919,21.609663,105.535619,Tuyên Quang,Tuyên Quang,mapped
BTS_03920,Fake Telecom Station 03920,11.6019,108.562546,Ninh Thuận,Khánh Hòa,mapped
BTS_03921,Fake Telecom Station 03921,20.846001,105.940949,Hà Nội	,Hà Nội,mapped
BTS_03922,Fake Telecom Station 03922,10.022847,106.141993,Trà Vinh,Vĩnh Long,mapped
BTS_03923,Fake Telecom Station 03923,16.800411,106.570225,Quảng Trị,Quảng Trị,mapped
BTS_03924,Fake Telecom Station 03924,14.587473,108.647842,Gia Lai,Gia Lai,mapped
BTS_03925,Fake Telecom Station 03925,11.155968,108.161451,Bình Thuận,Lâm Đồng,mapped
BTS_03926,Fake Telecom Station 03926,13.359766,108.307413,Đắk Lắk,Đắk Lắk,mapped
BTS_03927,Fake Telecom Station 03927,11.825171,106.636772,Bình Phước,Đồng Nai,mapped
BTS_03928,Fake Telecom Station 03928,22.374344,105.421062,Tuyên Quang,Tuyên Quang,mapped
BTS_03929,Fake Telecom Station 03929,21.683736,104.21479,Yên Bái,Lào Cai,mapped
BTS_03930,Fake Telecom Station 03930,21.659658,102.684039,Điện Biên,Điện Biên,mapped
BTS_03931,Fake Telecom Station 03931,21.249986,103.79665,Sơn La,Sơn La,mapped
BTS_03932,Fake Telecom Station 03932,12.279329,108.592338,Đắk Lắk,Đắk Lắk,mapped
BTS_03933,Fake Telecom Station 03933,21.953636,102.629296,Điện Biên,Điện Biên,mapped
BTS_03934,Fake Telecom Station 03934,22.215,104.750642,Hà Giang,Tuyên Quang,mapped
BTS_03935,Fake Telecom Station 03935,13.637471,108.940467,Bình Định,Gia Lai,mapped
BTS_03936,Fake Telecom Station 03936,17.28446,106.467815,Quảng Bình,Quảng Trị,mapped
BTS_03937,Fake Telecom Station 03937,14.915019,108.582388,Quảng Ngãi,Quảng Ngãi,mapped
BTS_03938,Fake Telecom Station 03938,21.652141,104.015561,Sơn La,Sơn La,mapped
BTS_03939,Fake Telecom Station 03939,14.209676,108.566885,Gia Lai,Gia Lai,mapped
BTS_03940,Fake Telecom Station 03940,12.346656,108.388698,Đắk Lắk,Đắk Lắk,mapped
BTS_03941,Fake Telecom Station 03941,10.377479,105.904034,Tiền Giang,Đồng Tháp,mapped
BTS_03942,Fake Telecom Station 03942,11.674637,107.120249,Bình Phước,Đồng Nai,mapped
BTS_03943,Fake Telecom Station 03943,18.699511,105.21019,Nghệ An,Nghệ An,mapped
BTS_03944,Fake Telecom Station 03944,14.156056,109.109364,Bình Định,Gia Lai,mapped
BTS_03945,Fake Telecom Station 03945,8.906533,105.250695,Cà Mau,Cà Mau,mapped
BTS_03946,Fake Telecom Station 03946,8.850408,105.302379,Cà Mau,Cà Mau,mapped
BTS_03947,Fake Telecom Station 03947,19.40036,105.49129,Nghệ An,Nghệ An,mapped
BTS_03948,Fake Telecom Station 03948,18.364177,105.328595,Hà Tĩnh,Hà Tĩnh,mapped
BTS_03949,Fake Telecom Station 03949,19.741274,104.836798,Nghệ An,Nghệ An,mapped
BTS_03950,Fake Telecom Station 03950,12.850441,109.120191,Phú Yên,Đắk Lắk,mapped
BTS_03951,Fake Telecom Station 03951,17.110145,107.070344,Quảng Trị,Quảng Trị,mapped
BTS_03952,Fake Telecom Station 03952,19.682918,104.828513,Nghệ An,Nghệ An,mapped
BTS_03953,Fake Telecom Station 03953,11.9503,108.6706,Lâm Đồng,Lâm Đồng,mapped
BTS_03954,Fake Telecom Station 03954,20.050222,105.74478,Thanh Hóa,Thanh Hóa,mapped
BTS_03955,Fake Telecom Station 03955,10.354073,105.946402,Tiền Giang,Đồng Tháp,mapped
BTS_03956,Fake Telecom Station 03956,14.169178,107.710472,Gia Lai,Gia Lai,mapped
BTS_03957,Fake Telecom Station 03957,9.354741,105.659206,Bạc Liêu,Cà Mau,mapped
BTS_03958,Fake Telecom Station 03958,16.466715,107.2381,Thừa Thiên Huế,Huế,mapped
BTS_03959,Fake Telecom Station 03959,22.158823,102.75759,Lai Châu,Lai Châu,mapped
BTS_03960,Fake Telecom Station 03960,22.751116,104.725878,Hà Giang,Tuyên Quang,mapped
BTS_03961,Fake Telecom Station 03961,10.198824,105.214571,Kiên Giang,An Giang,mapped
BTS_03962,Fake Telecom Station 03962,10.850316,105.930231,Long An,Tây Ninh,mapped
BTS_03963,Fake Telecom Station 03963,21.454449,106.955549,Bắc Giang,Bắc Ninh,mapped
BTS_03964,Fake Telecom Station 03964,10.061591,106.019293,Vĩnh Long,Vĩnh Long,mapped
BTS_03965,Fake Telecom Station 03965,18.090461,106.077734,Hà Tĩnh,Hà Tĩnh,mapped
BTS_03966,Fake Telecom Station 03966,11.919989,106.808574,Bình Phước,Đồng Nai,mapped
BTS_03967,Fake Telecom Station 03967,22.816873,105.041257,Hà Giang,Tuyên Quang,mapped
BTS_03968,Fake Telecom Station 03968,16.515743,107.462894,Thừa Thiên Huế,Huế,mapped
BTS_03969,Fake Telecom Station 03969,20.556517,104.595848,Thanh Hóa,Thanh Hóa,mapped
BTS_03970,Fake Telecom Station 03970,21.119396,103.571975,Sơn La,Sơn La,mapped
BTS_03971,Fake Telecom Station 03971,20.094741,105.196573,Thanh Hóa,Thanh Hóa,mapped
BTS_03972,Fake Telecom Station 03972,19.469558,105.333031,Nghệ An,Nghệ An,mapped
BTS_03973,Fake Telecom Station 03973,12.826835,108.796579,Đắk Lắk,Đắk Lắk,mapped
BTS_03974,Fake Telecom Station 03974,17.121991,107.0067,Quảng Trị,Quảng Trị,mapped
BTS_03975,Fake Telecom Station 03975,21.996232,106.513138,Lạng Sơn,Lạng Sơn,mapped
BTS_03976,Fake Telecom Station 03976,15.852896,107.614513,Quảng Nam,Đà Nẵng,mapped
BTS_03977,Fake Telecom Station 03977,17.203922,106.942073,Quảng Bình,Quảng Trị,mapped
BTS_03978,Fake Telecom Station 03978,12.062458,108.919104,Khánh Hòa,Khánh Hòa,mapped
BTS_03979,Fake Telecom Station 03979,14.041756,108.125368,Gia Lai,Gia Lai,mapped
BTS_03980,Fake Telecom Station 03980,22.759093,105.709241,Cao Bằng,Cao Bằng,mapped
BTS_03981,Fake Telecom Station 03981,15.695848,107.684387,Quảng Nam,Đà Nẵng,mapped
BTS_03982,Fake Telecom Station 03982,22.768396,105.867506,Cao Bằng,Cao Bằng,mapped
BTS_03983,Fake Telecom Station 03983,21.641473,106.782038,Lạng Sơn,Lạng Sơn,mapped
BTS_03984,Fake Telecom Station 03984,19.308432,105.101613,Nghệ An,Nghệ An,mapped
BTS_03985,Fake Telecom Station 03985,22.31942,106.190829,Bắc Kạn,Thái Nguyên,mapped
BTS_03986,Fake Telecom Station 03986,13.819674,108.938969,Bình Định,Gia Lai,mapped
BTS_03987,Fake Telecom Station 03987,21.156688,107.363458,Quảng Ninh,Quảng Ninh,mapped
BTS_03988,Fake Telecom Station 03988,15.431354,107.616958,Quảng Nam,Đà Nẵng,mapped
BTS_03989,Fake Telecom Station 03989,21.235928,106.246619,Bắc Giang,Bắc Ninh,mapped
BTS_03990,Fake Telecom Station 03990,18.286943,105.977135,Hà Tĩnh,Hà Tĩnh,mapped
BTS_03991,Fake Telecom Station 03991,21.581329,103.961173,Sơn La,Sơn La,mapped
BTS_03992,Fake Telecom Station 03992,14.866776,107.90817,Kon Tum,Quảng Ngãi,mapped
BTS_03993,Fake Telecom Station 03993,11.60978,109.102619,Ninh Thuận,Khánh Hòa,mapped
BTS_03994,Fake Telecom Station 03994,9.321058,105.657123,Bạc Liêu,Cà Mau,mapped
BTS_03995,Fake Telecom Station 03995,11.334694,106.061933,Tây Ninh,Tây Ninh,mapped
BTS_03996,Fake Telecom Station 03996,22.132749,102.801521,Lai Châu,Lai Châu,mapped
BTS_03997,Fake Telecom Station 03997,12.136971,109.200444,Khánh Hòa,Khánh Hòa,mapped
BTS_03998,Fake Telecom Station 03998,21.855383,106.762965,Lạng Sơn,Lạng Sơn,mapped
BTS_03999,Fake Telecom Station 03999,21.03776,105.407405,Hà Nội	,Hà Nội,mapped
BTS_04000,Fake Telecom Station 04000,21.544691,105.060946,Phú Thọ,Phú Thọ,mapped
BTS_04001,Fake Telecom Station 04001,10.982008,105.632187,Long An,Tây Ninh,mapped
BTS_04002,Fake Telecom Station 04002,19.681844,104.221609,Nghệ An,Nghệ An,mapped
BTS_04003,Fake Telecom Station 04003,15.675713,108.008632,Quảng Nam,Đà Nẵng,mapped
BTS_04004,Fake Telecom Station 04004,19.210832,104.796843,Nghệ An,Nghệ An,mapped
BTS_04005,Fake Telecom Station 04005,20.738498,106.087673,Hưng Yên,Hưng Yên,mapped
BTS_04006,Fake Telecom Station 04006,19.784289,105.19558,Thanh Hóa,Thanh Hóa,mapped
BTS_04007,Fake Telecom Station 04007,14.057032,108.32247,Gia Lai,Gia Lai,mapped
BTS_04008,Fake Telecom Station 04008,13.014083,109.17513,Phú Yên,Đắk Lắk,mapped
BTS_04009,Fake Telecom Station 04009,21.765384,104.431114,Yên Bái,Lào Cai,mapped
BTS_04010,Fake Telecom Station 04010,14.550161,107.767422,Kon Tum,Quảng Ngãi,mapped
BTS_04011,Fake Telecom Station 04011,21.653746,107.175716,Lạng Sơn,Lạng Sơn,mapped
BTS_04012,Fake Telecom Station 04012,10.768337,105.768608,Long An,Tây Ninh,mapped
BTS_04013,Fake Telecom Station 04013,9.719004,104.889393,Kiên Giang,An Giang,mapped
BTS_04014,Fake Telecom Station 04014,19.275404,105.218321,Nghệ An,Nghệ An,mapped
BTS_04015,Fake Telecom Station 04015,8.671647,106.552761,Côn Đảo,Thành phố Hồ Chí Minh,mapped
BTS_04016,Fake Telecom Station 04016,19.281365,105.289726,Nghệ An,Nghệ An,mapped
BTS_04017,Fake Telecom Station 04017,11.505642,106.793455,Bình Phước,Đồng Nai,mapped
BTS_04018,Fake Telecom Station 04018,19.987734,104.91369,Nghệ An,Nghệ An,mapped
BTS_04019,Fake Telecom Station 04019,23.128807,105.274364,Hà Giang,Tuyên Quang,mapped
BTS_04020,Fake Telecom Station 04020,21.432282,104.115617,Sơn La,Sơn La,mapped
BTS_04021,Fake Telecom Station 04021,21.292654,103.885376,Sơn La,Sơn La,mapped
BTS_04022,Fake Telecom Station 04022,19.344939,105.611476,Nghệ An,Nghệ An,mapped
BTS_04023,Fake Telecom Station 04023,20.29528,104.740809,Thanh Hóa,Thanh Hóa,mapped
BTS_04024,Fake Telecom Station 04024,21.193334,107.531448,Quảng Ninh,Quảng Ninh,mapped
BTS_04025,Fake Telecom Station 04025,14.167704,108.081154,Gia Lai,Gia Lai,mapped
BTS_04026,Fake Telecom Station 04026,21.299625,103.339382,Điện Biên,Điện Biên,mapped
BTS_04027,Fake Telecom Station 04027,10.738627,105.597523,Đồng Tháp,Đồng Tháp,mapped
BTS_04028,Fake Telecom Station 04028,22.184115,106.595414,Lạng Sơn,Lạng Sơn,mapped
BTS_04029,Fake Telecom Station 04029,21.985282,105.820683,Bắc Kạn,Thái Nguyên,mapped
BTS_04030,Fake Telecom Station 04030,21.548373,103.858997,Sơn La,Sơn La,mapped
BTS_04031,Fake Telecom Station 04031,19.727922,104.766237,Nghệ An,Nghệ An,mapped
BTS_04032,Fake Telecom Station 04032,10.723256,107.305887,Đồng Nai,Đồng Nai,mapped
BTS_04033,Fake Telecom Station 04033,11.62667,108.361002,Lâm Đồng,Lâm Đồng,mapped
BTS_04034,Fake Telecom Station 04034,16.776591,106.725323,Quảng Trị,Quảng Trị,mapped
BTS_04035,Fake Telecom Station 04035,21.194279,107.451752,Quảng Ninh,Quảng Ninh,mapped
BTS_04036,Fake Telecom Station 04036,11.465447,108.796616,Ninh Thuận,Khánh Hòa,mapped
BTS_04037,Fake Telecom Station 04037,20.573551,105.549581,Hòa Bình,Phú Thọ,mapped
BTS_04038,Fake Telecom Station 04038,22.238497,102.99928,Lai Châu,Lai Châu,mapped
BTS_04039,Fake Telecom Station 04039,9.771542,105.396133,Kiên Giang,An Giang,mapped
BTS_04040,Fake Telecom Station 04040,14.849113,107.7329,Kon Tum,Quảng Ngãi,mapped
BTS_04041,Fake Telecom Station 04041,20.900662,106.06539,Hưng Yên,Hưng Yên,mapped
BTS_04042,Fake Telecom Station 04042,17.822238,106.191564,Quảng Bình,Quảng Trị,mapped
BTS_04043,Fake Telecom Station 04043,21.812691,106.023372,Thái Nguyên,Thái Nguyên,mapped
BTS_04044,Fake Telecom Station 04044,19.602343,105.521611,Thanh Hóa,Thanh Hóa,mapped
BTS_04045,Fake Telecom Station 04045,23.199444,105.126715,Hà Giang,Tuyên Quang,mapped
BTS_04046,Fake Telecom Station 04046,22.245287,106.316822,Lạng Sơn,Lạng Sơn,mapped
BTS_04047,Fake Telecom Station 04047,22.073204,103.941605,Lai Châu,Lai Châu,mapped
BTS_04048,Fake Telecom Station 04048,9.674442,106.372208,Trà Vinh,Vĩnh Long,mapped
BTS_04049,Fake Telecom Station 04049,17.38526,106.674695,Quảng Bình,Quảng Trị,mapped
BTS_04050,Fake Telecom Station 04050,10.292489,106.607777,Tiền Giang,Đồng Tháp,mapped
BTS_04051,Fake Telecom Station 04051,21.426465,103.102519,Điện Biên,Điện Biên,mapped
BTS_04052,Fake Telecom Station 04052,22.954041,106.187801,Cao Bằng,Cao Bằng,mapped
BTS_04053,Fake Telecom Station 04053,11.721119,108.374974,Lâm Đồng,Lâm Đồng,mapped
BTS_04054,Fake Telecom Station 04054,21.51785,103.060977,Điện Biên,Điện Biên,mapped
BTS_04055,Fake Telecom Station 04055,20.786669,105.943993,Hà Nội	,Hà Nội,mapped
BTS_04056,Fake Telecom Station 04056,16.153919,107.457295,Thừa Thiên Huế,Huế,mapped
BTS_04057,Fake Telecom Station 04057,19.487781,105.544697,Thanh Hóa,Thanh Hóa,mapped
BTS_04058,Fake Telecom Station 04058,12.917961,107.635702,Đắk Lắk,Đắk Lắk,mapped
BTS_04059,Fake Telecom Station 04059,11.928792,108.915099,Khánh Hòa,Khánh Hòa,mapped
BTS_04060,Fake Telecom Station 04060,21.456331,105.017967,Phú Thọ,Phú Thọ,mapped
BTS_04061,Fake Telecom Station 04061,18.11172,106.018779,Hà Tĩnh,Hà Tĩnh,mapped
BTS_04062,Fake Telecom Station 04062,9.127637,105.22512,Cà Mau,Cà Mau,mapped
BTS_04063,Fake Telecom Station 04063,11.778156,109.143655,Ninh Thuận,Khánh Hòa,mapped
BTS_04064,Fake Telecom Station 04064,11.837547,106.816907,Bình Phước,Đồng Nai,mapped
BTS_04065,Fake Telecom Station 04065,21.497302,106.474086,Lạng Sơn,Lạng Sơn,mapped
BTS_04066,Fake Telecom Station 04066,13.974804,107.797052,Gia Lai,Gia Lai,mapped
BTS_04067,Fake Telecom Station 04067,19.186451,104.21464,Nghệ An,Nghệ An,mapped
BTS_04068,Fake Telecom Station 04068,15.574976,108.374687,Quảng Nam,Đà Nẵng,mapped
BTS_04069,Fake Telecom Station 04069,21.948058,103.864707,Lai Châu,Lai Châu,mapped
BTS_04070,Fake Telecom Station 04070,14.821424,108.735689,Quảng Ngãi,Quảng Ngãi,mapped
BTS_04071,Fake Telecom Station 04071,11.365526,108.979245,Ninh Thuận,Khánh Hòa,mapped
BTS_04072,Fake Telecom Station 04072,9.905113,105.580788,Hậu Giang,Cần Thơ,mapped
BTS_04073,Fake Telecom Station 04073,13.613425,108.760879,Gia Lai,Gia Lai,mapped
BTS_04074,Fake Telecom Station 04074,12.116428,107.847615,Đắk Nông,Lâm Đồng,mapped
BTS_04075,Fake Telecom Station 04075,21.399247,106.343364,Bắc Giang,Bắc Ninh,mapped
BTS_04076,Fake Telecom Station 04076,19.397087,105.24206,Nghệ An,Nghệ An,mapped
BTS_04077,Fake Telecom Station 04077,10.6745,107.123299,Bà Rịa–Vũng Tàu,TPHCM,mapped
BTS_04078,Fake Telecom Station 04078,21.279879,104.055782,Sơn La,Sơn La,mapped
BTS_04079,Fake Telecom Station 04079,14.4547,107.579986,Kon Tum,Quảng Ngãi,mapped
BTS_04080,Fake Telecom Station 04080,22.297027,102.973745,Lai Châu,Lai Châu,mapped
BTS_04081,Fake Telecom Station 04081,12.336862,107.796244,Đắk Nông,Lâm Đồng,mapped
BTS_04082,Fake Telecom Station 04082,13.626186,107.78624,Gia Lai,Gia Lai,mapped
BTS_04083,Fake Telecom Station 04083,21.643513,103.245619,Điện Biên,Điện Biên,mapped
BTS_04084,Fake Telecom Station 04084,21.22512,104.697552,Sơn La,Sơn La,mapped
BTS_04085,Fake Telecom Station 04085,19.258683,105.111812,Nghệ An,Nghệ An,mapped
BTS_04086,Fake Telecom Station 04086,22.092821,103.351313,Điện Biên,Điện Biên,mapped
BTS_04087,Fake Telecom Station 04087,13.813741,108.526483,Gia Lai,Gia Lai,mapped
BTS_04088,Fake Telecom Station 04088,21.604555,104.863955,Yên Bái,Lào Cai,mapped
BTS_04089,Fake Telecom Station 04089,11.348985,107.090109,Đồng Nai,Đồng Nai,mapped
BTS_04090,Fake Telecom Station 04090,20.800155,104.783223,Sơn La,Sơn La,mapped
BTS_04091,Fake Telecom Station 04091,21.234692,106.215816,Bắc Ninh,Bắc Ninh,mapped
BTS_04092,Fake Telecom Station 04092,21.753786,105.787359,Thái Nguyên,Thái Nguyên,mapped
BTS_04093,Fake Telecom Station 04093,21.637913,106.127069,Thái Nguyên,Thái Nguyên,mapped
BTS_04094,Fake Telecom Station 04094,10.70771,107.576378,Bình Thuận,Lâm Đồng,mapped
BTS_04095,Fake Telecom Station 04095,21.608828,104.481857,Yên Bái,Lào Cai,mapped
BTS_04096,Fake Telecom Station 04096,10.307859,104.713487,Kiên Giang,An Giang,mapped
BTS_04097,Fake Telecom Station 04097,22.786706,105.87666,Cao Bằng,Cao Bằng,mapped
BTS_04098,Fake Telecom Station 04098,14.236217,108.419392,Gia Lai,Gia Lai,mapped
BTS_04099,Fake Telecom Station 04099,21.645477,106.894943,Lạng Sơn,Lạng Sơn,mapped
BTS_04100,Fake Telecom Station 04100,21.193108,105.205475,Phú Thọ,Phú Thọ,mapped
BTS_04101,Fake Telecom Station 04101,20.591967,105.724961,Hòa Bình,Phú Thọ,mapped
BTS_04102,Fake Telecom Station 04102,22.766188,104.191433,Lào Cai,Lào Cai,mapped
BTS_04103,Fake Telecom Station 04103,21.995939,105.385478,Tuyên Quang,Tuyên Quang,mapped
BTS_04104,Fake Telecom Station 04104,12.184206,107.332712,Đắk Nông,Lâm Đồng,mapped
BTS_04105,Fake Telecom Station 04105,11.709307,107.911212,Lâm Đồng,Lâm Đồng,mapped
BTS_04106,Fake Telecom Station 04106,9.654571,105.132842,Kiên Giang,An Giang,mapped
BTS_04107,Fake Telecom Station 04107,21.525305,107.169809,Lạng Sơn,Lạng Sơn,mapped
BTS_04108,Fake Telecom Station 04108,11.947081,107.642935,Đắk Nông,Lâm Đồng,mapped
BTS_04109,Fake Telecom Station 04109,15.460611,108.37785,Quảng Nam,Đà Nẵng,mapped
BTS_04110,Fake Telecom Station 04110,20.129855,106.047793,Ninh Bình,Ninh Bình,mapped
BTS_04111,Fake Telecom Station 04111,21.716406,105.337134,Tuyên Quang,Tuyên Quang,mapped
BTS_04112,Fake Telecom Station 04112,13.033421,107.837569,Đắk Lắk,Đắk Lắk,mapped
BTS_04113,Fake Telecom Station 04113,15.364594,108.830228,Quảng Ngãi,Quảng Ngãi,mapped
BTS_04114,Fake Telecom Station 04114,22.195668,102.69729,Điện Biên,Điện Biên,mapped
BTS_04115,Fake Telecom Station 04115,9.407586,106.130938,Sóc Trăng,Cần Thơ,mapped
BTS_04116,Fake Telecom Station 04116,11.534178,106.927722,Bình Phước,Đồng Nai,mapped
BTS_04117,Fake Telecom Station 04117,17.841695,105.686394,Quảng Bình,Quảng Trị,mapped
BTS_04118,Fake Telecom Station 04118,21.33543,103.704647,Sơn La,Sơn La,mapped
BTS_04119,Fake Telecom Station 04119,21.336366,103.837429,Sơn La,Sơn La,mapped
BTS_04120,Fake Telecom Station 04120,21.082025,107.095943,Quảng Ninh,Quảng Ninh,mapped
BTS_04121,Fake Telecom Station 04121,8.813663,105.296228,Cà Mau,Cà Mau,mapped
BTS_04122,Fake Telecom Station 04122,21.354205,105.763554,Vĩnh Phúc,Phú Thọ,mapped
BTS_04123,Fake Telecom Station 04123,21.212906,104.397347,Sơn La,Sơn La,mapped
BTS_04124,Fake Telecom Station 04124,21.248195,106.580654,Hải Dương,Hải Phòng,mapped
BTS_04125,Fake Telecom Station 04125,22.773802,106.687037,Cao Bằng,Cao Bằng,mapped
BTS_04126,Fake Telecom Station 04126,22.292155,105.428729,Tuyên Quang,Tuyên Quang,mapped
BTS_04127,Fake Telecom Station 04127,11.800952,107.953954,Lâm Đồng,Lâm Đồng,mapped
BTS_04128,Fake Telecom Station 04128,14.709732,108.526586,Kon Tum,Quảng Ngãi,mapped
BTS_04129,Fake Telecom Station 04129,13.176064,108.352443,Đắk Lắk,Đắk Lắk,mapped
BTS_04130,Fake Telecom Station 04130,16.06938,107.838055,Đà Nẵng,Đà Nẵng,mapped
BTS_04131,Fake Telecom Station 04131,19.264875,104.259944,Nghệ An,Nghệ An,mapped
BTS_04132,Fake Telecom Station 04132,13.604549,108.349556,Gia Lai,Gia Lai,mapped
BTS_04133,Fake Telecom Station 04133,13.698422,107.622403,Gia Lai,Gia Lai,mapped
BTS_04134,Fake Telecom Station 04134,12.728922,108.409176,Đắk Lắk,Đắk Lắk,mapped
BTS_04135,Fake Telecom Station 04135,10.879864,107.377414,Đồng Nai,Đồng Nai,mapped
BTS_04136,Fake Telecom Station 04136,16.636958,107.412482,Thừa Thiên Huế,Huế,mapped
BTS_04137,Fake Telecom Station 04137,21.87232,104.92279,Yên Bái,Lào Cai,mapped
BTS_04138,Fake Telecom Station 04138,22.806081,105.472991,Cao Bằng,Cao Bằng,mapped
BTS_04139,Fake Telecom Station 04139,22.468967,103.228538,Lai Châu,Lai Châu,mapped
BTS_04140,Fake Telecom Station 04140,12.46588,108.598304,Đắk Lắk,Đắk Lắk,mapped
BTS_04141,Fake Telecom Station 04141,20.368078,105.115545,Thanh Hóa,Thanh Hóa,mapped
BTS_04142,Fake Telecom Station 04142,14.396535,107.578716,Kon Tum,Quảng Ngãi,mapped
BTS_04143,Fake Telecom Station 04143,19.010732,104.53963,Nghệ An,Nghệ An,mapped
BTS_04144,Fake Telecom Station 04144,19.751417,105.18734,Thanh Hóa,Thanh Hóa,mapped
BTS_04145,Fake Telecom Station 04145,20.9148,106.813294,Hải Phòng,Hải Phòng,mapped
BTS_04146,Fake Telecom Station 04146,21.190796,105.834749,Vĩnh Phúc,Phú Thọ,mapped
BTS_04147,Fake Telecom Station 04147,9.867688,105.240144,Kiên Giang,An Giang,mapped
BTS_04148,Fake Telecom Station 04148,20.600904,104.817542,Thanh Hóa,Thanh Hóa,mapped
BTS_04149,Fake Telecom Station 04149,14.284865,108.263379,Gia Lai,Gia Lai,mapped
BTS_04150,Fake Telecom Station 04150,20.520636,106.465046,Thái Bình,Hưng Yên,mapped
BTS_04151,Fake Telecom Station 04151,11.204462,108.547108,Bình Thuận,Lâm Đồng,mapped
BTS_04152,Fake Telecom Station 04152,16.674622,106.666626,Quảng Trị,Quảng Trị,mapped
BTS_04153,Fake Telecom Station 04153,19.925308,105.637354,Thanh Hóa,Thanh Hóa,mapped
BTS_04154,Fake Telecom Station 04154,15.059518,108.785156,Quảng Ngãi,Quảng Ngãi,mapped
BTS_04155,Fake Telecom Station 04155,13.138121,109.173172,Phú Yên,Đắk Lắk,mapped
BTS_04156,Fake Telecom Station 04156,21.001731,104.411064,Sơn La,Sơn La,mapped
BTS_04157,Fake Telecom Station 04157,10.365677,104.674405,Kiên Giang,An Giang,mapped
BTS_04158,Fake Telecom Station 04158,13.360216,108.923351,Phú Yên,Đắk Lắk,mapped
BTS_04159,Fake Telecom Station 04159,9.847115,106.568245,Bến Tre,Vĩnh Long,mapped
BTS_04160,Fake Telecom Station 04160,20.842336,106.049759,Hưng Yên,Hưng Yên,mapped
BTS_04161,Fake Telecom Station 04161,19.428385,104.987348,Nghệ An,Nghệ An,mapped
BTS_04162,Fake Telecom Station 04162,11.28615,107.431876,Đồng Nai,Đồng Nai,mapped
BTS_04163,Fake Telecom Station 04163,20.273613,105.840211,Ninh Bình,Ninh Bình,mapped
BTS_04164,Fake Telecom Station 04164,13.157531,108.628459,Gia Lai,Gia Lai,mapped
BTS_04165,Fake Telecom Station 04165,12.259357,107.228889,Đắk Nông,Lâm Đồng,mapped
BTS_04166,Fake Telecom Station 04166,10.723874,106.812238,Đồng Nai,Đồng Nai,mapped
BTS_04167,Fake Telecom Station 04167,13.877292,108.352294,Gia Lai,Gia Lai,mapped
BTS_04168,Fake Telecom Station 04168,13.064141,107.525333,Đắk Lắk,Đắk Lắk,mapped
BTS_04169,Fake Telecom Station 04169,20.54291,105.964097,Hà Nam,Ninh Bình,mapped
BTS_04170,Fake Telecom Station 04170,14.171058,107.397914,Kon Tum,Quảng Ngãi,mapped
BTS_04171,Fake Telecom Station 04171,20.38361,104.77333,Thanh Hóa,Thanh Hóa,mapped
BTS_04172,Fake Telecom Station 04172,22.285621,105.841178,Bắc Kạn,Thái Nguyên,mapped
BTS_04173,Fake Telecom Station 04173,22.199145,104.529838,Lào Cai,Lào Cai,mapped
BTS_04174,Fake Telecom Station 04174,15.316554,108.332627,Quảng Nam,Đà Nẵng,mapped
BTS_04175,Fake Telecom Station 04175,22.540044,105.309708,Tuyên Quang,Tuyên Quang,mapped
BTS_04176,Fake Telecom Station 04176,11.320389,108.544569,Bình Thuận,Lâm Đồng,mapped
BTS_04177,Fake Telecom Station 04177,13.703142,108.780314,Gia Lai,Gia Lai,mapped
BTS_04178,Fake Telecom Station 04178,12.045621,107.332014,Đắk Nông,Lâm Đồng,mapped
BTS_04179,Fake Telecom Station 04179,21.605547,103.367572,Điện Biên,Điện Biên,mapped
BTS_04180,Fake Telecom Station 04180,15.921419,108.244126,Quảng Nam,Đà Nẵng,mapped
BTS_04181,Fake Telecom Station 04181,19.391358,104.48517,Nghệ An,Nghệ An,mapped
BTS_04182,Fake Telecom Station 04182,18.293662,105.707473,Hà Tĩnh,Hà Tĩnh,mapped
BTS_04183,Fake Telecom Station 04183,11.511602,106.017764,Tây Ninh,Tây Ninh,mapped
BTS_04184,Fake Telecom Station 04184,21.639144,105.138739,Phú Thọ,Phú Thọ,mapped
BTS_04185,Fake Telecom Station 04185,22.355749,103.560634,Lai Châu,Lai Châu,mapped
BTS_04186,Fake Telecom Station 04186,10.887451,107.560908,Bình Thuận,Lâm Đồng,mapped
BTS_04187,Fake Telecom Station 04187,22.1649,105.981583,Bắc Kạn,Thái Nguyên,mapped
BTS_04188,Fake Telecom Station 04188,22.063766,102.885179,Điện Biên,Điện Biên,mapped
BTS_04189,Fake Telecom Station 04189,17.878464,105.74173,Quảng Bình,Quảng Trị,mapped
BTS_04190,Fake Telecom Station 04190,22.896463,104.872357,Hà Giang,Tuyên Quang,mapped
BTS_04191,Fake Telecom Station 04191,21.946759,104.674951,Yên Bái,Lào Cai,mapped
BTS_04192,Fake Telecom Station 04192,18.359903,105.788507,Hà Tĩnh,Hà Tĩnh,mapped
BTS_04193,Fake Telecom Station 04193,10.565192,107.349814,Bà Rịa–Vũng Tàu,TPHCM,mapped
BTS_04194,Fake Telecom Station 04194,20.071518,106.144273,Ninh Bình,Ninh Bình,mapped
BTS_04195,Fake Telecom Station 04195,22.904912,106.07819,Cao Bằng,Cao Bằng,mapped
BTS_04196,Fake Telecom Station 04196,17.334825,106.506007,Quảng Bình,Quảng Trị,mapped
BTS_04197,Fake Telecom Station 04197,10.485015,105.59206,Đồng Tháp,Đồng Tháp,mapped
BTS_04198,Fake Telecom Station 04198,21.684809,105.710909,Thái Nguyên,Thái Nguyên,mapped
BTS_04199,Fake Telecom Station 04199,21.81491,106.775949,Lạng Sơn,Lạng Sơn,mapped
BTS_04200,Fake Telecom Station 04200,20.850347,105.662285,Hà Nội	,Hà Nội,mapped
BTS_04201,Fake Telecom Station 04201,9.596527,105.424639,Bạc Liêu,Cà Mau,mapped
BTS_04202,Fake Telecom Station 04202,11.918797,106.461978,Bình Phước,Đồng Nai,mapped
BTS_04203,Fake Telecom Station 04203,12.668471,108.943819,Khánh Hòa,Khánh Hòa,mapped
BTS_04204,Fake Telecom Station 04204,21.39738,103.674226,Sơn La,Sơn La,mapped
BTS_04205,Fake Telecom Station 04205,10.758904,105.265478,An Giang,An Giang,mapped
BTS_04206,Fake Telecom Station 04206,21.519311,103.915564,Sơn La,Sơn La,mapped
BTS_04207,Fake Telecom Station 04207,22.399995,103.983218,Lào Cai,Lào Cai,mapped
BTS_04208,Fake Telecom Station 04208,15.21529,108.393364,Quảng Ngãi,Quảng Ngãi,mapped
BTS_04209,Fake Telecom Station 04209,22.655065,102.506072,Lai Châu,Lai Châu,mapped
BTS_04210,Fake Telecom Station 04210,21.017612,104.389811,Sơn La,Sơn La,mapped
BTS_04211,Fake Telecom Station 04211,9.630472,106.395452,Trà Vinh,Vĩnh Long,mapped
BTS_04212,Fake Telecom Station 04212,19.428037,104.737135,Nghệ An,Nghệ An,mapped
BTS_04213,Fake Telecom Station 04213,10.427262,105.136539,An Giang,An Giang,mapped
BTS_04214,Fake Telecom Station 04214,9.870049,105.903378,Sóc Trăng,Cần Thơ,mapped
BTS_04215,Fake Telecom Station 04215,22.954702,106.209879,Cao Bằng,Cao Bằng,mapped
BTS_04216,Fake Telecom Station 04216,10.356099,103.959182,Kiên Giang,An Giang,mapped
BTS_04217,Fake Telecom Station 04217,21.511096,106.159111,Bắc Giang,Bắc Ninh,mapped
BTS_04218,Fake Telecom Station 04218,10.483932,104.674439,Kiên Giang,An Giang,mapped
BTS_04219,Fake Telecom Station 04219,20.953485,103.142913,Điện Biên,Điện Biên,mapped
BTS_04220,Fake Telecom Station 04220,22.18349,105.88038,Bắc Kạn,Thái Nguyên,mapped
BTS_04221,Fake Telecom Station 04221,13.644142,107.905416,Gia Lai,Gia Lai,mapped
BTS_04222,Fake Telecom Station 04222,18.423471,105.67979,Hà Tĩnh,Hà Tĩnh,mapped
BTS_04223,Fake Telecom Station 04223,11.468884,106.067251,Tây Ninh,Tây Ninh,mapped
BTS_04224,Fake Telecom Station 04224,22.122263,104.104461,Lào Cai,Lào Cai,mapped
BTS_04225,Fake Telecom Station 04225,21.563723,103.090819,Điện Biên,Điện Biên,mapped
BTS_04226,Fake Telecom Station 04226,10.701742,107.765908,Bình Thuận,Lâm Đồng,mapped
BTS_04227,Fake Telecom Station 04227,21.58137,106.515553,Lạng Sơn,Lạng Sơn,mapped
BTS_04228,Fake Telecom Station 04228,12.307817,108.291714,Đắk Lắk,Đắk Lắk,mapped
BTS_04229,Fake Telecom Station 04229,21.749611,105.85062,Thái Nguyên,Thái Nguyên,mapped
BTS_04230,Fake Telecom Station 04230,15.999055,107.666672,Quảng Nam,Đà Nẵng,mapped
BTS_04231,Fake Telecom Station 04231,16.812969,106.81035,Quảng Trị,Quảng Trị,mapped
BTS_04232,Fake Telecom Station 04232,12.441436,108.712354,Khánh Hòa,Khánh Hòa,mapped
BTS_04233,Fake Telecom Station 04233,22.508085,103.793122,Lào Cai,Lào Cai,mapped
BTS_04234,Fake Telecom Station 04234,14.527577,108.03382,Kon Tum,Quảng Ngãi,mapped
BTS_04235,Fake Telecom Station 04235,21.696578,105.28483,Tuyên Quang,Tuyên Quang,mapped
BTS_04236,Fake Telecom Station 04236,14.389993,108.310387,Gia Lai,Gia Lai,mapped
BTS_04237,Fake Telecom Station 04237,10.281381,106.048185,Bến Tre,Vĩnh Long,mapped
BTS_04238,Fake Telecom Station 04238,17.988442,106.163509,Hà Tĩnh,Hà Tĩnh,mapped
BTS_04239,Fake Telecom Station 04239,13.409,107.813296,Gia Lai,Gia Lai,mapped
BTS_04240,Fake Telecom Station 04240,15.007545,108.835822,Quảng Ngãi,Quảng Ngãi,mapped
BTS_04241,Fake Telecom Station 04241,9.195651,105.0835,Cà Mau,Cà Mau,mapped
BTS_04242,Fake Telecom Station 04242,12.892477,108.057968,Đắk Lắk,Đắk Lắk,mapped
BTS_04243,Fake Telecom Station 04243,21.122377,106.327257,Bắc Ninh,Bắc Ninh,mapped
BTS_04244,Fake Telecom Station 04244,13.023125,107.673451,Đắk Lắk,Đắk Lắk,mapped
BTS_04245,Fake Telecom Station 04245,10.447573,106.272472,Tiền Giang,Đồng Tháp,mapped
BTS_04246,Fake Telecom Station 04246,19.029476,104.578605,Nghệ An,Nghệ An,mapped
BTS_04247,Fake Telecom Station 04247,20.388997,105.479138,Hòa Bình,Phú Thọ,mapped
BTS_04248,Fake Telecom Station 04248,14.003727,109.125464,Bình Định,Gia Lai,mapped
BTS_04249,Fake Telecom Station 04249,10.495013,105.635876,Đồng Tháp,Đồng Tháp,mapped
BTS_04250,Fake Telecom Station 04250,13.239818,107.583303,Đắk Lắk,Đắk Lắk,mapped
BTS_04251,Fake Telecom Station 04251,12.143139,109.151179,Khánh Hòa,Khánh Hòa,mapped
BTS_04252,Fake Telecom Station 04252,12.299574,107.76894,Đắk Nông,Lâm Đồng,mapped
BTS_04253,Fake Telecom Station 04253,14.145076,107.922383,Gia Lai,Gia Lai,mapped
BTS_04254,Fake Telecom Station 04254,22.54059,104.260524,Lào Cai,Lào Cai,mapped
BTS_04255,Fake Telecom Station 04255,14.979322,108.454831,Quảng Ngãi,Quảng Ngãi,mapped
BTS_04256,Fake Telecom Station 04256,14.993859,107.527543,Kon Tum,Quảng Ngãi,mapped
BTS_04257,Fake Telecom Station 04257,10.780707,107.050061,Đồng Nai,Đồng Nai,mapped
BTS_04258,Fake Telecom Station 04258,22.567109,105.777122,Cao Bằng,Cao Bằng,mapped
BTS_04259,Fake Telecom Station 04259,11.762908,108.094583,Lâm Đồng,Lâm Đồng,mapped
BTS_04260,Fake Telecom Station 04260,14.733215,108.98032,Quảng Ngãi,Quảng Ngãi,mapped
BTS_04261,Fake Telecom Station 04261,21.067251,103.79935,Sơn La,Sơn La,mapped
BTS_04262,Fake Telecom Station 04262,21.52714,106.938914,Lạng Sơn,Lạng Sơn,mapped
BTS_04263,Fake Telecom Station 04263,17.432331,106.25925,Quảng Bình,Quảng Trị,mapped
BTS_04264,Fake Telecom Station 04264,11.848364,106.783953,Bình Phước,Đồng Nai,mapped
BTS_04265,Fake Telecom Station 04265,17.095288,106.50041,Quảng Bình,Quảng Trị,mapped
BTS_04266,Fake Telecom Station 04266,9.750017,105.142469,Kiên Giang,An Giang,mapped
BTS_04267,Fake Telecom Station 04267,22.744789,104.583651,Hà Giang,Tuyên Quang,mapped
BTS_04268,Fake Telecom Station 04268,10.307413,105.213693,An Giang,An Giang,mapped
BTS_04269,Fake Telecom Station 04269,14.57853,108.127598,Kon Tum,Quảng Ngãi,mapped
BTS_04270,Fake Telecom Station 04270,21.577029,105.993971,Thái Nguyên,Thái Nguyên,mapped
BTS_04271,Fake Telecom Station 04271,22.590886,106.416687,Cao Bằng,Cao Bằng,mapped
BTS_04272,Fake Telecom Station 04272,13.87571,107.878805,Gia Lai,Gia Lai,mapped
BTS_04273,Fake Telecom Station 04273,21.768181,103.230736,Điện Biên,Điện Biên,mapped
BTS_04274,Fake Telecom Station 04274,10.352693,105.284617,An Giang,An Giang,mapped
BTS_04275,Fake Telecom Station 04275,10.066772,105.218394,Kiên Giang,An Giang,mapped
BTS_04276,Fake Telecom Station 04276,21.45127,104.849059,Yên Bái,Lào Cai,mapped
BTS_04277,Fake Telecom Station 04277,22.347678,105.500131,Tuyên Quang,Tuyên Quang,mapped
BTS_04278,Fake Telecom Station 04278,12.698348,107.600114,Đắk Nông,Lâm Đồng,mapped
BTS_04279,Fake Telecom Station 04279,20.736005,105.250476,Hòa Bình,Phú Thọ,mapped
BTS_04280,Fake Telecom Station 04280,17.228042,106.805368,Quảng Bình,Quảng Trị,mapped
BTS_04281,Fake Telecom Station 04281,10.98181,107.049535,Đồng Nai,Đồng Nai,mapped
BTS_04282,Fake Telecom Station 04282,21.373355,102.940946,Điện Biên,Điện Biên,mapped
BTS_04283,Fake Telecom Station 04283,17.044078,106.626707,Quảng Bình,Quảng Trị,mapped
BTS_04284,Fake Telecom Station 04284,9.732225,105.394326,Hậu Giang,Cần Thơ,mapped
BTS_04285,Fake Telecom Station 04285,14.002463,108.599843,Gia Lai,Gia Lai,mapped
BTS_04286,Fake Telecom Station 04286,21.466323,105.572549,Vĩnh Phúc,Phú Thọ,mapped
BTS_04287,Fake Telecom Station 04287,15.284873,108.417507,Quảng Ngãi,Quảng Ngãi,mapped
BTS_04288,Fake Telecom Station 04288,13.398949,108.966063,Phú Yên,Đắk Lắk,mapped
BTS_04289,Fake Telecom Station 04289,13.492221,108.778087,Phú Yên,Đắk Lắk,mapped
BTS_04290,Fake Telecom Station 04290,11.9229,108.212238,Lâm Đồng,Lâm Đồng,mapped
BTS_04291,Fake Telecom Station 04291,12.11087,107.371593,Đắk Nông,Lâm Đồng,mapped
BTS_04292,Fake Telecom Station 04292,11.238177,105.944322,Tây Ninh,Tây Ninh,mapped
BTS_04293,Fake Telecom Station 04293,15.155212,108.582033,Quảng Ngãi,Quảng Ngãi,mapped
BTS_04294,Fake Telecom Station 04294,21.586567,104.072905,Sơn La,Sơn La,mapped
BTS_04295,Fake Telecom Station 04295,11.714159,107.38215,Lâm Đồng,Lâm Đồng,mapped
BTS_04296,Fake Telecom Station 04296,11.810976,108.438923,Lâm Đồng,Lâm Đồng,mapped
BTS_04297,Fake Telecom Station 04297,17.02384,106.929152,Quảng Trị,Quảng Trị,mapped
BTS_04298,Fake Telecom Station 04298,20.978572,106.06398,Hưng Yên,Hưng Yên,mapped
BTS_04299,Fake Telecom Station 04299,12.540977,108.543863,Đắk Lắk,Đắk Lắk,mapped
BTS_04300,Fake Telecom Station 04300,17.143494,106.443414,Quảng Bình,Quảng Trị,mapped
BTS_04301,Fake Telecom Station 04301,13.917845,108.58176,Gia Lai,Gia Lai,mapped
BTS_04302,Fake Telecom Station 04302,12.143113,108.988572,Khánh Hòa,Khánh Hòa,mapped
BTS_04303,Fake Telecom Station 04303,21.546856,103.604903,Sơn La,Sơn La,mapped
BTS_04304,Fake Telecom Station 04304,15.674225,107.776421,Quảng Nam,Đà Nẵng,mapped
BTS_04305,Fake Telecom Station 04305,10.408623,106.672712,Tiền Giang,Đồng Tháp,mapped
BTS_04306,Fake Telecom Station 04306,22.559175,102.496178,Lai Châu,Lai Châu,mapped
BTS_04307,Fake Telecom Station 04307,21.384994,103.096408,Điện Biên,Điện Biên,mapped
BTS_04308,Fake Telecom Station 04308,11.447938,107.109687,Đồng Nai,Đồng Nai,mapped
BTS_04309,Fake Telecom Station 04309,19.018705,105.556703,Nghệ An,Nghệ An,mapped
BTS_04310,Fake Telecom Station 04310,11.271299,108.361573,Bình Thuận,Lâm Đồng,mapped
BTS_04311,Fake Telecom Station 04311,15.671581,107.424624,Quảng Nam,Đà Nẵng,mapped
BTS_04312,Fake Telecom Station 04312,16.167714,107.392387,Thừa Thiên Huế,Huế,mapped
BTS_04313,Fake Telecom Station 04313,15.063899,108.523744,Quảng Ngãi,Quảng Ngãi,mapped
BTS_04314,Fake Telecom Station 04314,20.065494,105.584555,Thanh Hóa,Thanh Hóa,mapped
BTS_04315,Fake Telecom Station 04315,10.170708,106.649936,Bến Tre,Vĩnh Long,mapped
BTS_04316,Fake Telecom Station 04316,21.908528,106.66691,Lạng Sơn,Lạng Sơn,mapped
BTS_04317,Fake Telecom Station 04317,13.535719,108.407382,Gia Lai,Gia Lai,mapped
BTS_04318,Fake Telecom Station 04318,18.668185,105.417384,Nghệ An,Nghệ An,mapped
BTS_04319,Fake Telecom Station 04319,15.155929,107.732475,Kon Tum,Quảng Ngãi,mapped
BTS_04320,Fake Telecom Station 04320,21.782612,104.736569,Yên Bái,Lào Cai,mapped
BTS_04321,Fake Telecom Station 04321,21.634733,105.336384,Tuyên Quang,Tuyên Quang,mapped
BTS_04322,Fake Telecom Station 04322,21.674253,105.166143,Phú Thọ,Phú Thọ,mapped
BTS_04323,Fake Telecom Station 04323,11.929837,107.350995,Bình Phước,Đồng Nai,mapped
BTS_04324,Fake Telecom Station 04324,12.979684,108.490853,Đắk Lắk,Đắk Lắk,mapped
BTS_04325,Fake Telecom Station 04325,10.368165,105.179909,An Giang,An Giang,mapped
BTS_04326,Fake Telecom Station 04326,22.171678,104.317677,Lào Cai,Lào Cai,mapped
BTS_04327,Fake Telecom Station 04327,10.502728,107.493969,Bà Rịa–Vũng Tàu,TPHCM,mapped
BTS_04328,Fake Telecom Station 04328,22.07533,104.335867,Lào Cai,Lào Cai,mapped
BTS_04329,Fake Telecom Station 04329,15.405289,108.262516,Quảng Nam,Đà Nẵng,mapped
BTS_04330,Fake Telecom Station 04330,12.564431,108.185527,Đắk Lắk,Đắk Lắk,mapped
BTS_04331,Fake Telecom Station 04331,20.274087,105.775749,Ninh Bình,Ninh Bình,mapped
BTS_04332,Fake Telecom Station 04332,21.708443,103.939008,Yên Bái,Lào Cai,mapped
BTS_04333,Fake Telecom Station 04333,14.774527,108.36169,Kon Tum,Quảng Ngãi,mapped
BTS_04334,Fake Telecom Station 04334,16.777741,106.659071,Quảng Trị,Quảng Trị,mapped
BTS_04335,Fake Telecom Station 04335,21.047792,103.109788,Điện Biên,Điện Biên,mapped
BTS_04336,Fake Telecom Station 04336,19.642146,104.800202,Nghệ An,Nghệ An,mapped
BTS_04337,Fake Telecom Station 04337,21.160851,107.228303,Quảng Ninh,Quảng Ninh,mapped
BTS_04338,Fake Telecom Station 04338,20.153697,105.492205,Thanh Hóa,Thanh Hóa,mapped
BTS_04339,Fake Telecom Station 04339,22.680313,104.720513,Hà Giang,Tuyên Quang,mapped
BTS_04340,Fake Telecom Station 04340,13.076687,108.8751,Phú Yên,Đắk Lắk,mapped
BTS_04341,Fake Telecom Station 04341,9.67798,105.952017,Sóc Trăng,Cần Thơ,mapped
BTS_04342,Fake Telecom Station 04342,13.375816,108.581952,Gia Lai,Gia Lai,mapped
BTS_04343,Fake Telecom Station 04343,9.577468,105.008684,Cà Mau,Cà Mau,mapped
BTS_04344,Fake Telecom Station 04344,21.650804,106.884473,Lạng Sơn,Lạng Sơn,mapped
BTS_04345,Fake Telecom Station 04345,21.111906,103.956353,Sơn La,Sơn La,mapped
BTS_04346,Fake Telecom Station 04346,18.771534,105.460328,Nghệ An,Nghệ An,mapped
BTS_04347,Fake Telecom Station 04347,22.178383,104.960749,Tuyên Quang,Tuyên Quang,mapped
BTS_04348,Fake Telecom Station 04348,21.210069,105.432903,Hà Nội	,Hà Nội,mapped
BTS_04349,Fake Telecom Station 04349,22.001705,105.921812,Bắc Kạn,Thái Nguyên,mapped
BTS_04350,Fake Telecom Station 04350,14.230816,108.42738,Gia Lai,Gia Lai,mapped
BTS_04351,Fake Telecom Station 04351,9.456027,105.988782,Sóc Trăng,Cần Thơ,mapped
BTS_04352,Fake Telecom Station 04352,20.793413,104.588982,Sơn La,Sơn La,mapped
BTS_04353,Fake Telecom Station 04353,20.122417,105.707677,Thanh Hóa,Thanh Hóa,mapped
BTS_04354,Fake Telecom Station 04354,11.370845,108.295221,Bình Thuận,Lâm Đồng,mapped
BTS_04355,Fake Telecom Station 04355,21.169835,107.006841,Quảng Ninh,Quảng Ninh,mapped
BTS_04356,Fake Telecom Station 04356,20.547828,105.372652,Hòa Bình,Phú Thọ,mapped
BTS_04357,Fake Telecom Station 04357,15.422239,107.631542,Quảng Nam,Đà Nẵng,mapped
BTS_04358,Fake Telecom Station 04358,21.569858,103.987301,Sơn La,Sơn La,mapped
BTS_04359,Fake Telecom Station 04359,21.23656,106.269534,Bắc Giang,Bắc Ninh,mapped
BTS_04360,Fake Telecom Station 04360,19.241889,104.219758,Nghệ An,Nghệ An,mapped
BTS_04361,Fake Telecom Station 04361,10.43725,104.684545,Kiên Giang,An Giang,mapped
BTS_04362,Fake Telecom Station 04362,21.344313,103.162738,Điện Biên,Điện Biên,mapped
BTS_04363,Fake Telecom Station 04363,14.264385,108.114896,Gia Lai,Gia Lai,mapped
BTS_04364,Fake Telecom Station 04364,10.068065,106.499175,Bến Tre,Vĩnh Long,mapped
BTS_04365,Fake Telecom Station 04365,9.577768,105.199041,Kiên Giang,An Giang,mapped
BTS_04366,Fake Telecom Station 04366,16.648594,106.647347,Quảng Trị,Quảng Trị,mapped
BTS_04367,Fake Telecom Station 04367,17.679978,106.300267,Quảng Bình,Quảng Trị,mapped
BTS_04368,Fake Telecom Station 04368,10.36668,105.83333,Tiền Giang,Đồng Tháp,mapped
BTS_04369,Fake Telecom Station 04369,17.731383,105.89746,Quảng Bình,Quảng Trị,mapped
BTS_04370,Fake Telecom Station 04370,21.87691,105.148947,Tuyên Quang,Tuyên Quang,mapped
BTS_04371,Fake Telecom Station 04371,14.203766,107.490153,Kon Tum,Quảng Ngãi,mapped
BTS_04372,Fake Telecom Station 04372,15.581687,107.618937,Quảng Nam,Đà Nẵng,mapped
BTS_04373,Fake Telecom Station 04373,22.487515,105.03821,Hà Giang,Tuyên Quang,mapped
BTS_04374,Fake Telecom Station 04374,21.460955,106.512353,Bắc Giang,Bắc Ninh,mapped
BTS_04375,Fake Telecom Station 04375,17.889681,105.695038,Quảng Bình,Quảng Trị,mapped
BTS_04376,Fake Telecom Station 04376,10.004072,106.44816,Bến Tre,Vĩnh Long,mapped
BTS_04377,Fake Telecom Station 04377,12.367932,108.736033,Khánh Hòa,Khánh Hòa,mapped
BTS_04378,Fake Telecom Station 04378,14.341573,108.628802,Gia Lai,Gia Lai,mapped
BTS_04379,Fake Telecom Station 04379,22.233098,103.792076,Lai Châu,Lai Châu,mapped
BTS_04380,Fake Telecom Station 04380,21.590643,107.656911,Quảng Ninh,Quảng Ninh,mapped
BTS_04381,Fake Telecom Station 04381,11.726473,108.868052,Ninh Thuận,Khánh Hòa,mapped
BTS_04382,Fake Telecom Station 04382,11.603667,108.448216,Lâm Đồng,Lâm Đồng,mapped
BTS_04383,Fake Telecom Station 04383,9.527379,105.035129,Cà Mau,Cà Mau,mapped
BTS_04384,Fake Telecom Station 04384,20.761348,105.492367,Hòa Bình,Phú Thọ,mapped
BTS_04385,Fake Telecom Station 04385,11.742048,107.937878,Lâm Đồng,Lâm Đồng,mapped
BTS_04386,Fake Telecom Station 04386,13.418165,107.915848,Gia Lai,Gia Lai,mapped
BTS_04387,Fake Telecom Station 04387,10.074509,105.073265,Kiên Giang,An Giang,mapped
BTS_04388,Fake Telecom Station 04388,21.180452,105.31062,Phú Thọ,Phú Thọ,mapped
BTS_04389,Fake Telecom Station 04389,21.892566,104.260126,Yên Bái,Lào Cai,mapped
BTS_04390,Fake Telecom Station 04390,20.568268,105.66839,Hòa Bình,Phú Thọ,mapped
BTS_04391,Fake Telecom Station 04391,11.230332,108.076764,Bình Thuận,Lâm Đồng,mapped
BTS_04392,Fake Telecom Station 04392,8.826702,105.189976,Cà Mau,Cà Mau,mapped
BTS_04393,Fake Telecom Station 04393,21.38883,103.070505,Điện Biên,Điện Biên,mapped
BTS_04394,Fake Telecom Station 04394,21.96618,102.747867,Điện Biên,Điện Biên,mapped
BTS_04395,Fake Telecom Station 04395,10.873579,105.523608,Đồng Tháp,Đồng Tháp,mapped
BTS_04396,Fake Telecom Station 04396,20.848841,105.068087,Hòa Bình,Phú Thọ,mapped
BTS_04397,Fake Telecom Station 04397,14.765733,108.43257,Kon Tum,Quảng Ngãi,mapped
BTS_04398,Fake Telecom Station 04398,14.696925,108.139974,Kon Tum,Quảng Ngãi,mapped
BTS_04399,Fake Telecom Station 04399,22.085554,102.948056,Lai Châu,Lai Châu,mapped
BTS_04400,Fake Telecom Station 04400,13.126945,108.639057,Gia Lai,Gia Lai,mapped
BTS_04401,Fake Telecom Station 04401,16.125621,107.836923,Thừa Thiên Huế,Huế,mapped
BTS_04402,Fake Telecom Station 04402,9.063171,105.091797,Cà Mau,Cà Mau,mapped
BTS_04403,Fake Telecom Station 04403,20.98734,106.091369,Hưng Yên,Hưng Yên,mapped
BTS_04404,Fake Telecom Station 04404,10.492506,106.450315,Long An,Tây Ninh,mapped
BTS_04405,Fake Telecom Station 04405,22.468491,102.581643,Lai Châu,Lai Châu,mapped
BTS_04406,Fake Telecom Station 04406,12.118199,108.251272,Lâm Đồng,Lâm Đồng,mapped
BTS_04407,Fake Telecom Station 04407,11.730709,108.53391,Lâm Đồng,Lâm Đồng,mapped
BTS_04408,Fake Telecom Station 04408,21.589901,107.69431,Quảng Ninh,Quảng Ninh,mapped
BTS_04409,Fake Telecom Station 04409,12.650519,108.145617,Đắk Lắk,Đắk Lắk,mapped
BTS_04410,Fake Telecom Station 04410,12.49783,109.018271,Khánh Hòa,Khánh Hòa,mapped
BTS_04411,Fake Telecom Station 04411,11.466185,107.798348,Lâm Đồng,Lâm Đồng,mapped
BTS_04412,Fake Telecom Station 04412,9.646317,105.27113,Kiên Giang,An Giang,mapped
BTS_04413,Fake Telecom Station 04413,20.726556,106.453548,Hải Phòng,Hải Phòng,mapped
BTS_04414,Fake Telecom Station 04414,9.836525,104.967212,Kiên Giang,An Giang,mapped
BTS_04415,Fake Telecom Station 04415,13.595048,109.130138,Phú Yên,Đắk Lắk,mapped
BTS_04416,Fake Telecom Station 04416,22.862765,104.962877,Hà Giang,Tuyên Quang,mapped
BTS_04417,Fake Telecom Station 04417,10.61932,105.967107,Long An,Tây Ninh,mapped
BTS_04418,Fake Telecom Station 04418,21.801774,105.759999,Thái Nguyên,Thái Nguyên,mapped
BTS_04419,Fake Telecom Station 04419,21.362553,105.116233,Phú Thọ,Phú Thọ,mapped
BTS_04420,Fake Telecom Station 04420,19.004924,104.733615,Nghệ An,Nghệ An,mapped
BTS_04421,Fake Telecom Station 04421,23.19499,105.445479,Hà Giang,Tuyên Quang,mapped
BTS_04422,Fake Telecom Station 04422,20.142704,105.327498,Thanh Hóa,Thanh Hóa,mapped
BTS_04423,Fake Telecom Station 04423,10.280648,106.499154,Tiền Giang,Đồng Tháp,mapped
BTS_04424,Fake Telecom Station 04424,20.772895,104.879438,Sơn La,Sơn La,mapped
BTS_04425,Fake Telecom Station 04425,16.480456,107.155995,Thừa Thiên Huế,Huế,mapped
BTS_04426,Fake Telecom Station 04426,11.922143,106.480613,Bình Phước,Đồng Nai,mapped
BTS_04427,Fake Telecom Station 04427,13.315774,107.941203,Đắk Lắk,Đắk Lắk,mapped
BTS_04428,Fake Telecom Station 04428,14.416986,108.254421,Kon Tum,Quảng Ngãi,mapped
BTS_04429,Fake Telecom Station 04429,14.467165,108.787678,Bình Định,Gia Lai,mapped
BTS_04430,Fake Telecom Station 04430,19.13081,104.792434,Nghệ An,Nghệ An,mapped
BTS_04431,Fake Telecom Station 04431,19.704372,104.868301,Nghệ An,Nghệ An,mapped
BTS_04432,Fake Telecom Station 04432,9.22801,105.242432,Cà Mau,Cà Mau,mapped
BTS_04433,Fake Telecom Station 04433,21.045011,103.19826,Điện Biên,Điện Biên,mapped
BTS_04434,Fake Telecom Station 04434,22.912476,105.717038,Cao Bằng,Cao Bằng,mapped
BTS_04435,Fake Telecom Station 04435,8.651086,106.579485,Côn Đảo,Thành phố Hồ Chí Minh,mapped
BTS_04436,Fake Telecom Station 04436,17.893658,106.119208,Quảng Bình,Quảng Trị,mapped
BTS_04437,Fake Telecom Station 04437,22.582835,106.019206,Cao Bằng,Cao Bằng,mapped
BTS_04438,Fake Telecom Station 04438,21.671407,107.020023,Lạng Sơn,Lạng Sơn,mapped
BTS_04439,Fake Telecom Station 04439,9.401675,105.963035,Sóc Trăng,Cần Thơ,mapped
BTS_04440,Fake Telecom Station 04440,21.758396,105.433246,Tuyên Quang,Tuyên Quang,mapped
BTS_04441,Fake Telecom Station 04441,13.817775,107.819127,Gia Lai,Gia Lai,mapped
BTS_04442,Fake Telecom Station 04442,20.572442,106.136612,Hà Nam,Ninh Bình,mapped
BTS_04443,Fake Telecom Station 04443,21.064021,105.134678,Phú Thọ,Phú Thọ,mapped
BTS_04444,Fake Telecom Station 04444,21.230612,103.157983,Điện Biên,Điện Biên,mapped
BTS_04445,Fake Telecom Station 04445,11.383518,106.640287,Bình Phước,Đồng Nai,mapped
BTS_04446,Fake Telecom Station 04446,22.794516,104.214229,Lào Cai,Lào Cai,mapped
BTS_04447,Fake Telecom Station 04447,21.137595,106.194543,Bắc Ninh,Bắc Ninh,mapped
BTS_04448,Fake Telecom Station 04448,14.020915,108.900981,Bình Định,Gia Lai,mapped
BTS_04449,Fake Telecom Station 04449,16.885469,107.017268,Quảng Trị,Quảng Trị,mapped
BTS_04450,Fake Telecom Station 04450,11.092042,106.266653,Tây Ninh,Tây Ninh,mapped
BTS_04451,Fake Telecom Station 04451,18.29103,105.412782,Hà Tĩnh,Hà Tĩnh,mapped
BTS_04452,Fake Telecom Station 04452,22.717951,106.251314,Cao Bằng,Cao Bằng,mapped
BTS_04453,Fake Telecom Station 04453,21.382245,104.75971,Yên Bái,Lào Cai,mapped
BTS_04454,Fake Telecom Station 04454,14.117216,107.449854,Kon Tum,Quảng Ngãi,mapped
BTS_04455,Fake Telecom Station 04455,22.01431,103.589839,Lai Châu,Lai Châu,mapped
BTS_04456,Fake Telecom Station 04456,13.179456,108.687023,Gia Lai,Gia Lai,mapped
BTS_04457,Fake Telecom Station 04457,16.960841,106.69976,Quảng Bình,Quảng Trị,mapped
BTS_04458,Fake Telecom Station 04458,22.013866,105.70232,Thái Nguyên,Thái Nguyên,mapped
BTS_04459,Fake Telecom Station 04459,21.485713,103.168965,Điện Biên,Điện Biên,mapped
BTS_04460,Fake Telecom Station 04460,21.137075,103.600672,Sơn La,Sơn La,mapped
BTS_04461,Fake Telecom Station 04461,21.684318,103.91696,Sơn La,Sơn La,mapped
BTS_04462,Fake Telecom Station 04462,14.079443,108.913318,Bình Định,Gia Lai,mapped
BTS_04463,Fake Telecom Station 04463,10.447713,107.32568,Bà Rịa–Vũng Tàu,TPHCM,mapped
BTS_04464,Fake Telecom Station 04464,20.11586,105.05271,Thanh Hóa,Thanh Hóa,mapped
BTS_04465,Fake Telecom Station 04465,21.234068,103.617834,Sơn La,Sơn La,mapped
BTS_04466,Fake Telecom Station 04466,22.265905,105.461643,Bắc Kạn,Thái Nguyên,mapped
BTS_04467,Fake Telecom Station 04467,20.237178,105.559452,Thanh Hóa,Thanh Hóa,mapped
BTS_04468,Fake Telecom Station 04468,11.939451,108.175729,Lâm Đồng,Lâm Đồng,mapped
BTS_04469,Fake Telecom Station 04469,22.104252,102.633243,Điện Biên,Điện Biên,mapped
BTS_04470,Fake Telecom Station 04470,21.036437,104.793991,Sơn La,Sơn La,mapped
BTS_04471,Fake Telecom Station 04471,11.977526,108.277608,Lâm Đồng,Lâm Đồng,mapped
BTS_04472,Fake Telecom Station 04472,11.527322,107.75679,Lâm Đồng,Lâm Đồng,mapped
BTS_04473,Fake Telecom Station 04473,13.342269,108.691987,Gia Lai,Gia Lai,mapped
BTS_04474,Fake Telecom Station 04474,15.211306,108.453324,Quảng Ngãi,Quảng Ngãi,mapped
BTS_04475,Fake Telecom Station 04475,20.680452,105.418856,Hòa Bình,Phú Thọ,mapped
BTS_04476,Fake Telecom Station 04476,21.06337,106.493315,Hải Dương,Hải Phòng,mapped
BTS_04477,Fake Telecom Station 04477,8.711468,104.897363,Cà Mau,Cà Mau,mapped
BTS_04478,Fake Telecom Station 04478,21.705595,102.717377,Điện Biên,Điện Biên,mapped
BTS_04479,Fake Telecom Station 04479,11.519676,106.45156,Bình Phước,Đồng Nai,mapped
BTS_04480,Fake Telecom Station 04480,10.292232,104.027782,Kiên Giang,An Giang,mapped
BTS_04481,Fake Telecom Station 04481,22.062133,102.937244,Điện Biên,Điện Biên,mapped
BTS_04482,Fake Telecom Station 04482,16.959927,106.653863,Quảng Bình,Quảng Trị,mapped
BTS_04483,Fake Telecom Station 04483,14.027514,107.930766,Gia Lai,Gia Lai,mapped
BTS_04484,Fake Telecom Station 04484,18.135934,105.611525,Hà Tĩnh,Hà Tĩnh,mapped
BTS_04485,Fake Telecom Station 04485,15.248533,107.983289,Quảng Nam,Đà Nẵng,mapped
BTS_04486,Fake Telecom Station 04486,22.645383,102.746518,Lai Châu,Lai Châu,mapped
BTS_04487,Fake Telecom Station 04487,14.764124,109.021182,Quảng Ngãi,Quảng Ngãi,mapped
BTS_04488,Fake Telecom Station 04488,10.131046,104.995624,Kiên Giang,An Giang,mapped
BTS_04489,Fake Telecom Station 04489,13.667211,107.951411,Gia Lai,Gia Lai,mapped
BTS_04490,Fake Telecom Station 04490,20.686484,104.993347,Hòa Bình,Phú Thọ,mapped
BTS_04491,Fake Telecom Station 04491,10.130211,105.366772,Cần Thơ,Cần Thơ,mapped
BTS_04492,Fake Telecom Station 04492,16.533193,106.92975,Quảng Trị,Quảng Trị,mapped
BTS_04493,Fake Telecom Station 04493,11.318619,107.562268,Bình Thuận,Lâm Đồng,mapped
BTS_04494,Fake Telecom Station 04494,22.537481,105.181541,Tuyên Quang,Tuyên Quang,mapped
BTS_04495,Fake Telecom Station 04495,12.460973,108.706057,Đắk Lắk,Đắk Lắk,mapped
BTS_04496,Fake Telecom Station 04496,20.643485,106.058384,Hà Nam,Ninh Bình,mapped
BTS_04497,Fake Telecom Station 04497,19.407891,105.260594,Nghệ An,Nghệ An,mapped
BTS_04498,Fake Telecom Station 04498,20.974292,106.800478,Hải Phòng,Hải Phòng,mapped
BTS_04499,Fake Telecom Station 04499,14.781686,108.755886,Quảng Ngãi,Quảng Ngãi,mapped
BTS_04500,Fake Telecom Station 04500,10.717863,107.297895,Đồng Nai,Đồng Nai,mapped
BTS_04501,Fake Telecom Station 04501,14.992817,108.072086,Kon Tum,Quảng Ngãi,mapped
BTS_04502,Fake Telecom Station 04502,21.503917,107.23436,Lạng Sơn,Lạng Sơn,mapped
BTS_04503,Fake Telecom Station 04503,9.607245,105.762451,Sóc Trăng,Cần Thơ,mapped
BTS_04504,Fake Telecom Station 04504,20.964621,105.573332,Hòa Bình,Phú Thọ,mapped
BTS_04505,Fake Telecom Station 04505,13.140868,108.951336,Phú Yên,Đắk Lắk,mapped
BTS_04506,Fake Telecom Station 04506,14.396999,107.596185,Kon Tum,Quảng Ngãi,mapped
BTS_04507,Fake Telecom Station 04507,21.567452,106.526953,Lạng Sơn,Lạng Sơn,mapped
BTS_04508,Fake Telecom Station 04508,13.665621,107.611856,Gia Lai,Gia Lai,mapped
BTS_04509,Fake Telecom Station 04509,13.093962,107.909178,Đắk Lắk,Đắk Lắk,mapped
BTS_04510,Fake Telecom Station 04510,10.829757,106.397394,Long An,Tây Ninh,mapped
BTS_04511,Fake Telecom Station 04511,11.682637,109.002739,Ninh Thuận,Khánh Hòa,mapped
BTS_04512,Fake Telecom Station 04512,9.675599,106.418234,Trà Vinh,Vĩnh Long,mapped
BTS_04513,Fake Telecom Station 04513,21.578914,103.736137,Sơn La,Sơn La,mapped
BTS_04514,Fake Telecom Station 04514,21.600365,103.668068,Sơn La,Sơn La,mapped
BTS_04515,Fake Telecom Station 04515,14.97105,108.761882,Quảng Ngãi,Quảng Ngãi,mapped
BTS_04516,Fake Telecom Station 04516,22.769271,104.853953,Hà Giang,Tuyên Quang,mapped
BTS_04517,Fake Telecom Station 04517,21.711766,105.036835,Yên Bái,Lào Cai,mapped
BTS_04518,Fake Telecom Station 04518,13.742557,107.83625,Gia Lai,Gia Lai,mapped
BTS_04519,Fake Telecom Station 04519,17.537048,106.552439,Quảng Bình,Quảng Trị,mapped
BTS_04520,Fake Telecom Station 04520,22.567594,103.61134,Lào Cai,Lào Cai,mapped
BTS_04521,Fake Telecom Station 04521,10.294604,105.354466,An Giang,An Giang,mapped
BTS_04522,Fake Telecom Station 04522,21.559122,104.393031,Yên Bái,Lào Cai,mapped
BTS_04523,Fake Telecom Station 04523,17.517522,106.424431,Quảng Bình,Quảng Trị,mapped
BTS_04524,Fake Telecom Station 04524,13.963049,109.028099,Bình Định,Gia Lai,mapped
BTS_04525,Fake Telecom Station 04525,13.490106,108.492796,Gia Lai,Gia Lai,mapped
BTS_04526,Fake Telecom Station 04526,20.289285,104.739928,Thanh Hóa,Thanh Hóa,mapped
BTS_04527,Fake Telecom Station 04527,15.035391,108.746282,Quảng Ngãi,Quảng Ngãi,mapped
BTS_04528,Fake Telecom Station 04528,19.609742,104.527806,Nghệ An,Nghệ An,mapped
BTS_04529,Fake Telecom Station 04529,22.097309,103.365953,Điện Biên,Điện Biên,mapped
BTS_04530,Fake Telecom Station 04530,10.237325,105.122741,Kiên Giang,An Giang,mapped
BTS_04531,Fake Telecom Station 04531,11.671536,108.369356,Lâm Đồng,Lâm Đồng,mapped
BTS_04532,Fake Telecom Station 04532,21.80864,106.967276,Lạng Sơn,Lạng Sơn,mapped
BTS_04533,Fake Telecom Station 04533,21.329804,106.582165,Bắc Giang,Bắc Ninh,mapped
BTS_04534,Fake Telecom Station 04534,18.081137,105.90023,Quảng Bình,Quảng Trị,mapped
BTS_04535,Fake Telecom Station 04535,21.088655,104.414161,Sơn La,Sơn La,mapped
BTS_04536,Fake Telecom Station 04536,14.429897,108.854191,Bình Định,Gia Lai,mapped
BTS_04537,Fake Telecom Station 04537,19.788965,104.790122,Nghệ An,Nghệ An,mapped
BTS_04538,Fake Telecom Station 04538,15.791538,108.183208,Quảng Nam,Đà Nẵng,mapped
BTS_04539,Fake Telecom Station 04539,20.901237,105.59086,Hòa Bình,Phú Thọ,mapped
BTS_04540,Fake Telecom Station 04540,15.843938,107.273461,Quảng Nam,Đà Nẵng,mapped
BTS_04541,Fake Telecom Station 04541,21.048806,106.979361,Quảng Ninh,Quảng Ninh,mapped
BTS_04542,Fake Telecom Station 04542,22.675657,106.359972,Cao Bằng,Cao Bằng,mapped
BTS_04543,Fake Telecom Station 04543,17.933833,106.366796,Quảng Bình,Quảng Trị,mapped
BTS_04544,Fake Telecom Station 04544,16.300629,107.270198,Thừa Thiên Huế,Huế,mapped
BTS_04545,Fake Telecom Station 04545,13.872168,108.962322,Bình Định,Gia Lai,mapped
BTS_04546,Fake Telecom Station 04546,21.137937,104.721784,Sơn La,Sơn La,mapped
BTS_04547,Fake Telecom Station 04547,12.193743,109.072002,Khánh Hòa,Khánh Hòa,mapped
BTS_04548,Fake Telecom Station 04548,21.144428,104.84757,Sơn La,Sơn La,mapped
BTS_04549,Fake Telecom Station 04549,20.560919,105.071344,Thanh Hóa,Thanh Hóa,mapped
BTS_04550,Fake Telecom Station 04550,12.459448,108.237644,Đắk Lắk,Đắk Lắk,mapped
BTS_04551,Fake Telecom Station 04551,21.82458,104.054538,Yên Bái,Lào Cai,mapped
BTS_04552,Fake Telecom Station 04552,23.113602,104.847685,Hà Giang,Tuyên Quang,mapped
BTS_04553,Fake Telecom Station 04553,15.145181,108.498402,Quảng Ngãi,Quảng Ngãi,mapped
BTS_04554,Fake Telecom Station 04554,12.430803,108.634052,Đắk Lắk,Đắk Lắk,mapped
BTS_04555,Fake Telecom Station 04555,22.470472,106.108238,Bắc Kạn,Thái Nguyên,mapped
BTS_04556,Fake Telecom Station 04556,21.922478,103.59816,Sơn La,Sơn La,mapped
BTS_04557,Fake Telecom Station 04557,22.024224,105.602837,Bắc Kạn,Thái Nguyên,mapped
BTS_04558,Fake Telecom Station 04558,15.662986,108.261633,Quảng Nam,Đà Nẵng,mapped
BTS_04559,Fake Telecom Station 04559,11.663271,107.673505,Lâm Đồng,Lâm Đồng,mapped
BTS_04560,Fake Telecom Station 04560,15.571774,107.962017,Quảng Nam,Đà Nẵng,mapped
BTS_04561,Fake Telecom Station 04561,20.14548,105.584938,Thanh Hóa,Thanh Hóa,mapped
BTS_04562,Fake Telecom Station 04562,15.105392,108.268184,Quảng Nam,Đà Nẵng,mapped
BTS_04563,Fake Telecom Station 04563,9.755263,106.306133,Trà Vinh,Vĩnh Long,mapped
BTS_04564,Fake Telecom Station 04564,21.303356,106.372968,Bắc Giang,Bắc Ninh,mapped
BTS_04565,Fake Telecom Station 04565,21.098294,103.480052,Sơn La,Sơn La,mapped
BTS_04566,Fake Telecom Station 04566,18.890025,104.919428,Nghệ An,Nghệ An,mapped
BTS_04567,Fake Telecom Station 04567,19.613931,104.502187,Nghệ An,Nghệ An,mapped
BTS_04568,Fake Telecom Station 04568,19.517187,104.747496,Nghệ An,Nghệ An,mapped
BTS_04569,Fake Telecom Station 04569,21.814661,104.643599,Yên Bái,Lào Cai,mapped
BTS_04570,Fake Telecom Station 04570,22.910296,105.108067,Hà Giang,Tuyên Quang,mapped
BTS_04571,Fake Telecom Station 04571,19.997515,105.52737,Thanh Hóa,Thanh Hóa,mapped
BTS_04572,Fake Telecom Station 04572,12.14682,107.758664,Đắk Nông,Lâm Đồng,mapped
BTS_04573,Fake Telecom Station 04573,22.62485,104.413094,Lào Cai,Lào Cai,mapped
BTS_04574,Fake Telecom Station 04574,11.846854,108.912923,Ninh Thuận,Khánh Hòa,mapped
BTS_04575,Fake Telecom Station 04575,14.958888,108.652068,Quảng Ngãi,Quảng Ngãi,mapped
BTS_04576,Fake Telecom Station 04576,21.765652,104.508701,Yên Bái,Lào Cai,mapped
BTS_04577,Fake Telecom Station 04577,11.419103,106.374594,Tây Ninh,Tây Ninh,mapped
BTS_04578,Fake Telecom Station 04578,11.839273,107.623128,Lâm Đồng,Lâm Đồng,mapped
BTS_04579,Fake Telecom Station 04579,22.346724,104.585245,Hà Giang,Tuyên Quang,mapped
BTS_04580,Fake Telecom Station 04580,14.099644,107.549602,Kon Tum,Quảng Ngãi,mapped
BTS_04581,Fake Telecom Station 04581,22.413325,104.711959,Hà Giang,Tuyên Quang,mapped
BTS_04582,Fake Telecom Station 04582,22.160311,106.528807,Lạng Sơn,Lạng Sơn,mapped
BTS_04583,Fake Telecom Station 04583,10.863022,106.679866,Ho Chi Minh,TPHCM,mapped
BTS_04584,Fake Telecom Station 04584,20.520841,106.153218,Hà Nam,Ninh Bình,mapped
BTS_04585,Fake Telecom Station 04585,12.447939,108.512169,Đắk Lắk,Đắk Lắk,mapped
BTS_04586,Fake Telecom Station 04586,15.774352,107.474027,Quảng Nam,Đà Nẵng,mapped
BTS_04587,Fake Telecom Station 04587,19.623559,104.768538,Nghệ An,Nghệ An,mapped
BTS_04588,Fake Telecom Station 04588,21.297598,103.742159,Sơn La,Sơn La,mapped
BTS_04589,Fake Telecom Station 04589,10.937223,107.079644,Đồng Nai,Đồng Nai,mapped
BTS_04590,Fake Telecom Station 04590,16.331952,107.024204,Quảng Trị,Quảng Trị,mapped
BTS_04591,Fake Telecom Station 04591,10.529453,105.212345,An Giang,An Giang,mapped
BTS_04592,Fake Telecom Station 04592,17.92647,105.906594,Quảng Bình,Quảng Trị,mapped
BTS_04593,Fake Telecom Station 04593,22.937611,105.97066,Cao Bằng,Cao Bằng,mapped
BTS_04594,Fake Telecom Station 04594,21.487391,105.992988,Thái Nguyên,Thái Nguyên,mapped
BTS_04595,Fake Telecom Station 04595,14.480597,107.794903,Kon Tum,Quảng Ngãi,mapped
BTS_04596,Fake Telecom Station 04596,10.54401,106.220364,Tiền Giang,Đồng Tháp,mapped
BTS_04597,Fake Telecom Station 04597,14.879701,108.863731,Quảng Ngãi,Quảng Ngãi,mapped
BTS_04598,Fake Telecom Station 04598,9.773145,106.403475,Trà Vinh,Vĩnh Long,mapped
BTS_04599,Fake Telecom Station 04599,21.817841,105.473362,Tuyên Quang,Tuyên Quang,mapped
BTS_04600,Fake Telecom Station 04600,14.594064,107.634072,Kon Tum,Quảng Ngãi,mapped
BTS_04601,Fake Telecom Station 04601,12.005577,108.570334,Lâm Đồng,Lâm Đồng,mapped
BTS_04602,Fake Telecom Station 04602,8.943727,104.951363,Cà Mau,Cà Mau,mapped
BTS_04603,Fake Telecom Station 04603,19.894696,105.634633,Thanh Hóa,Thanh Hóa,mapped
BTS_04604,Fake Telecom Station 04604,22.293935,103.792074,Lào Cai,Lào Cai,mapped
BTS_04605,Fake Telecom Station 04605,21.733731,103.337776,Điện Biên,Điện Biên,mapped
BTS_04606,Fake Telecom Station 04606,20.169658,106.273376,Nam Định,Ninh Bình,mapped
BTS_04607,Fake Telecom Station 04607,15.596744,107.999693,Quảng Nam,Đà Nẵng,mapped
BTS_04608,Fake Telecom Station 04608,22.130968,104.275058,Lào Cai,Lào Cai,mapped
BTS_04609,Fake Telecom Station 04609,16.611797,107.280236,Quảng Trị,Quảng Trị,mapped
BTS_04610,Fake Telecom Station 04610,11.420617,108.134352,Lâm Đồng,Lâm Đồng,mapped
BTS_04611,Fake Telecom Station 04611,11.117913,108.15953,Bình Thuận,Lâm Đồng,mapped
BTS_04612,Fake Telecom Station 04612,22.725775,104.257369,Lào Cai,Lào Cai,mapped
BTS_04613,Fake Telecom Station 04613,20.749188,105.097171,Hòa Bình,Phú Thọ,mapped
BTS_04614,Fake Telecom Station 04614,11.648223,108.931443,Ninh Thuận,Khánh Hòa,mapped
BTS_04615,Fake Telecom Station 04615,21.765337,103.861611,Lai Châu,Lai Châu,mapped
BTS_04616,Fake Telecom Station 04616,21.502339,107.173785,Lạng Sơn,Lạng Sơn,mapped
BTS_04617,Fake Telecom Station 04617,22.300345,102.539586,Lai Châu,Lai Châu,mapped
BTS_04618,Fake Telecom Station 04618,17.127673,106.811559,Quảng Bình,Quảng Trị,mapped
BTS_04619,Fake Telecom Station 04619,13.311933,108.669482,Gia Lai,Gia Lai,mapped
BTS_04620,Fake Telecom Station 04620,22.675515,102.497865,Lai Châu,Lai Châu,mapped
BTS_04621,Fake Telecom Station 04621,22.080514,105.591981,Bắc Kạn,Thái Nguyên,mapped
BTS_04622,Fake Telecom Station 04622,22.625903,104.472292,Hà Giang,Tuyên Quang,mapped
BTS_04623,Fake Telecom Station 04623,10.145557,106.60056,Bến Tre,Vĩnh Long,mapped
BTS_04624,Fake Telecom Station 04624,11.860998,106.713063,Bình Phước,Đồng Nai,mapped
BTS_04625,Fake Telecom Station 04625,21.797246,106.362927,Lạng Sơn,Lạng Sơn,mapped
BTS_04626,Fake Telecom Station 04626,21.303409,107.074743,Quảng Ninh,Quảng Ninh,mapped
BTS_04627,Fake Telecom Station 04627,20.223131,106.013675,Ninh Bình,Ninh Bình,mapped
BTS_04628,Fake Telecom Station 04628,21.33716,104.283669,Sơn La,Sơn La,mapped
BTS_04629,Fake Telecom Station 04629,11.26722,106.616953,Bình Dương,TPHCM,mapped
BTS_04630,Fake Telecom Station 04630,10.988085,106.713351,Bình Dương,TPHCM,mapped
BTS_04631,Fake Telecom Station 04631,22.895675,106.145283,Cao Bằng,Cao Bằng,mapped
BTS_04632,Fake Telecom Station 04632,21.175364,106.719968,Quảng Ninh,Quảng Ninh,mapped
BTS_04633,Fake Telecom Station 04633,22.496892,106.196296,Cao Bằng,Cao Bằng,mapped
BTS_04634,Fake Telecom Station 04634,9.549273,104.966949,Cà Mau,Cà Mau,mapped
BTS_04635,Fake Telecom Station 04635,9.565402,105.367777,Bạc Liêu,Cà Mau,mapped
BTS_04636,Fake Telecom Station 04636,13.945919,108.992938,Bình Định,Gia Lai,mapped
BTS_04637,Fake Telecom Station 04637,22.758662,105.973316,Cao Bằng,Cao Bằng,mapped
BTS_04638,Fake Telecom Station 04638,18.500199,105.273573,Hà Tĩnh,Hà Tĩnh,mapped
BTS_04639,Fake Telecom Station 04639,20.177371,105.601823,Thanh Hóa,Thanh Hóa,mapped
BTS_04640,Fake Telecom Station 04640,20.030489,105.470154,Thanh Hóa,Thanh Hóa,mapped
BTS_04641,Fake Telecom Station 04641,19.470551,105.510888,Thanh Hóa,Thanh Hóa,mapped
BTS_04642,Fake Telecom Station 04642,18.901182,105.123426,Nghệ An,Nghệ An,mapped
BTS_04643,Fake Telecom Station 04643,12.052246,108.799497,Ninh Thuận,Khánh Hòa,mapped
BTS_04644,Fake Telecom Station 04644,22.500076,103.145257,Lai Châu,Lai Châu,mapped
BTS_04645,Fake Telecom Station 04645,9.132077,105.194022,Cà Mau,Cà Mau,mapped
BTS_04646,Fake Telecom Station 04646,11.994172,108.270373,Lâm Đồng,Lâm Đồng,mapped
BTS_04647,Fake Telecom Station 04647,21.987839,104.990968,Yên Bái,Lào Cai,mapped
BTS_04648,Fake Telecom Station 04648,19.158602,104.979921,Nghệ An,Nghệ An,mapped
BTS_04649,Fake Telecom Station 04649,11.689054,107.57988,Lâm Đồng,Lâm Đồng,mapped
BTS_04650,Fake Telecom Station 04650,22.464377,102.49336,Lai Châu,Lai Châu,mapped
BTS_04651,Fake Telecom Station 04651,21.945407,106.176106,Lạng Sơn,Lạng Sơn,mapped
BTS_04652,Fake Telecom Station 04652,14.606182,109.050472,Bình Định,Gia Lai,mapped
BTS_04653,Fake Telecom Station 04653,21.805984,103.316003,Điện Biên,Điện Biên,mapped
BTS_04654,Fake Telecom Station 04654,12.095995,107.602721,Đắk Nông,Lâm Đồng,mapped
BTS_04655,Fake Telecom Station 04655,11.136994,107.061402,Đồng Nai,Đồng Nai,mapped
BTS_04656,Fake Telecom Station 04656,9.713405,106.102318,Sóc Trăng,Cần Thơ,mapped
BTS_04657,Fake Telecom Station 04657,20.420338,104.437622,Thanh Hóa,Thanh Hóa,mapped
BTS_04658,Fake Telecom Station 04658,21.186469,105.160325,Phú Thọ,Phú Thọ,mapped
BTS_04659,Fake Telecom Station 04659,20.889105,106.148238,Hưng Yên,Hưng Yên,mapped
BTS_04660,Fake Telecom Station 04660,19.280352,105.140395,Nghệ An,Nghệ An,mapped
BTS_04661,Fake Telecom Station 04661,9.153566,104.813038,Cà Mau,Cà Mau,mapped
BTS_04662,Fake Telecom Station 04662,21.372439,106.671868,Bắc Giang,Bắc Ninh,mapped
BTS_04663,Fake Telecom Station 04663,21.79531,103.545229,Sơn La,Sơn La,mapped
BTS_04664,Fake Telecom Station 04664,11.543221,108.983014,Ninh Thuận,Khánh Hòa,mapped
BTS_04665,Fake Telecom Station 04665,20.800491,106.84976,Hải Phòng,Hải Phòng,mapped
BTS_04666,Fake Telecom Station 04666,21.981755,105.756899,Thái Nguyên,Thái Nguyên,mapped
BTS_04667,Fake Telecom Station 04667,8.886288,105.264259,Cà Mau,Cà Mau,mapped
BTS_04668,Fake Telecom Station 04668,14.939645,108.766278,Quảng Ngãi,Quảng Ngãi,mapped
BTS_04669,Fake Telecom Station 04669,15.014279,108.572938,Quảng Ngãi,Quảng Ngãi,mapped
BTS_04670,Fake Telecom Station 04670,11.177817,107.218375,Đồng Nai,Đồng Nai,mapped
BTS_04671,Fake Telecom Station 04671,21.366067,107.191204,Quảng Ninh,Quảng Ninh,mapped
BTS_04672,Fake Telecom Station 04672,11.088676,107.739999,Bình Thuận,Lâm Đồng,mapped
BTS_04673,Fake Telecom Station 04673,10.164962,105.640996,Cần Thơ,Cần Thơ,mapped
BTS_04674,Fake Telecom Station 04674,20.61215,106.33632,Thái Bình,Hưng Yên,mapped
BTS_04675,Fake Telecom Station 04675,12.294642,107.874118,Đắk Nông,Lâm Đồng,mapped
BTS_04676,Fake Telecom Station 04676,20.828935,105.654221,Hà Nội	,Hà Nội,mapped
BTS_04677,Fake Telecom Station 04677,21.856558,105.315095,Tuyên Quang,Tuyên Quang,mapped
BTS_04678,Fake Telecom Station 04678,10.221158,105.31786,Cần Thơ,Cần Thơ,mapped
BTS_04679,Fake Telecom Station 04679,17.948791,105.822296,Quảng Bình,Quảng Trị,mapped
BTS_04680,Fake Telecom Station 04680,11.290993,106.941299,Đồng Nai,Đồng Nai,mapped
BTS_04681,Fake Telecom Station 04681,17.254524,106.715114,Quảng Bình,Quảng Trị,mapped
BTS_04682,Fake Telecom Station 04682,12.989668,109.300911,Phú Yên,Đắk Lắk,mapped
BTS_04683,Fake Telecom Station 04683,22.014294,105.840488,Bắc Kạn,Thái Nguyên,mapped
BTS_04684,Fake Telecom Station 04684,21.072874,105.376735,Phú Thọ,Phú Thọ,mapped
BTS_04685,Fake Telecom Station 04685,21.354191,104.312208,Sơn La,Sơn La,mapped
BTS_04686,Fake Telecom Station 04686,21.515321,105.06397,Phú Thọ,Phú Thọ,mapped
BTS_04687,Fake Telecom Station 04687,11.383982,106.562313,Bình Phước,Đồng Nai,mapped
BTS_04688,Fake Telecom Station 04688,14.706288,108.502533,Kon Tum,Quảng Ngãi,mapped
BTS_04689,Fake Telecom Station 04689,22.770552,103.407646,Lai Châu,Lai Châu,mapped
BTS_04690,Fake Telecom Station 04690,16.432902,107.01256,Quảng Trị,Quảng Trị,mapped
BTS_04691,Fake Telecom Station 04691,14.259349,108.10781,Gia Lai,Gia Lai,mapped
BTS_04692,Fake Telecom Station 04692,15.525012,107.72596,Quảng Nam,Đà Nẵng,mapped
BTS_04693,Fake Telecom Station 04693,10.48661,104.697291,Kiên Giang,An Giang,mapped
BTS_04694,Fake Telecom Station 04694,9.302582,104.936013,Cà Mau,Cà Mau,mapped
BTS_04695,Fake Telecom Station 04695,10.677951,107.510296,Bình Thuận,Lâm Đồng,mapped
BTS_04696,Fake Telecom Station 04696,22.517666,102.70481,Lai Châu,Lai Châu,mapped
BTS_04697,Fake Telecom Station 04697,12.726076,108.996317,Đắk Lắk,Đắk Lắk,mapped
BTS_04698,Fake Telecom Station 04698,14.50375,107.823904,Kon Tum,Quảng Ngãi,mapped
BTS_04699,Fake Telecom Station 04699,9.374731,105.314548,Bạc Liêu,Cà Mau,mapped
BTS_04700,Fake Telecom Station 04700,14.969025,107.74747,Kon Tum,Quảng Ngãi,mapped
BTS_04701,Fake Telecom Station 04701,22.437371,102.453146,Lai Châu,Lai Châu,mapped
BTS_04702,Fake Telecom Station 04702,10.229856,106.551979,Bến Tre,Vĩnh Long,mapped
BTS_04703,Fake Telecom Station 04703,17.350106,106.158364,Quảng Bình,Quảng Trị,mapped
BTS_04704,Fake Telecom Station 04704,13.116451,108.051754,Đắk Lắk,Đắk Lắk,mapped
BTS_04705,Fake Telecom Station 04705,9.541169,104.896503,Cà Mau,Cà Mau,mapped
BTS_04706,Fake Telecom Station 04706,11.882083,107.797147,Đắk Nông,Lâm Đồng,mapped
BTS_04707,Fake Telecom Station 04707,16.812076,106.828847,Quảng Trị,Quảng Trị,mapped
BTS_04708,Fake Telecom Station 04708,11.188677,106.069558,Tây Ninh,Tây Ninh,mapped
BTS_04709,Fake Telecom Station 04709,13.183751,109.154459,Phú Yên,Đắk Lắk,mapped
BTS_04710,Fake Telecom Station 04710,16.615326,107.113948,Quảng Trị,Quảng Trị,mapped
BTS_04711,Fake Telecom Station 04711,12.044531,107.434965,Đắk Nông,Lâm Đồng,mapped
BTS_04712,Fake Telecom Station 04712,22.469293,104.029358,Lào Cai,Lào Cai,mapped
BTS_04713,Fake Telecom Station 04713,21.003818,104.68414,Sơn La,Sơn La,mapped
BTS_04714,Fake Telecom Station 04714,13.807955,108.303813,Gia Lai,Gia Lai,mapped
BTS_04715,Fake Telecom Station 04715,15.36589,108.047455,Quảng Nam,Đà Nẵng,mapped
BTS_04716,Fake Telecom Station 04716,11.781376,108.040135,Lâm Đồng,Lâm Đồng,mapped
BTS_04717,Fake Telecom Station 04717,21.150276,104.09736,Sơn La,Sơn La,mapped
BTS_04718,Fake Telecom Station 04718,9.817095,106.319208,Trà Vinh,Vĩnh Long,mapped
BTS_04719,Fake Telecom Station 04719,21.858166,103.459395,Điện Biên,Điện Biên,mapped
BTS_04720,Fake Telecom Station 04720,9.164827,105.334455,Bạc Liêu,Cà Mau,mapped
BTS_04721,Fake Telecom Station 04721,11.401885,106.02829,Tây Ninh,Tây Ninh,mapped
BTS_04722,Fake Telecom Station 04722,16.210808,107.565509,Thừa Thiên Huế,Huế,mapped
BTS_04723,Fake Telecom Station 04723,12.753825,108.089999,Đắk Lắk,Đắk Lắk,mapped
BTS_04724,Fake Telecom Station 04724,9.84717,105.492282,Kiên Giang,An Giang,mapped
BTS_04725,Fake Telecom Station 04725,17.073145,106.797589,Quảng Bình,Quảng Trị,mapped
BTS_04726,Fake Telecom Station 04726,22.272554,105.437519,Tuyên Quang,Tuyên Quang,mapped
BTS_04727,Fake Telecom Station 04727,11.43436,108.360741,Bình Thuận,Lâm Đồng,mapped
BTS_04728,Fake Telecom Station 04728,21.262436,104.210794,Sơn La,Sơn La,mapped
BTS_04729,Fake Telecom Station 04729,20.987087,107.471892,Quảng Ninh,Quảng Ninh,mapped
BTS_04730,Fake Telecom Station 04730,10.662118,107.166034,Bà Rịa–Vũng Tàu,TPHCM,mapped
BTS_04731,Fake Telecom Station 04731,19.153183,105.615737,Nghệ An,Nghệ An,mapped
BTS_04732,Fake Telecom Station 04732,21.760305,105.532235,Tuyên Quang,Tuyên Quang,mapped
BTS_04733,Fake Telecom Station 04733,13.449457,108.607476,Gia Lai,Gia Lai,mapped
BTS_04734,Fake Telecom Station 04734,20.428265,106.411857,Thái Bình,Hưng Yên,mapped
BTS_04735,Fake Telecom Station 04735,20.827898,105.009536,Sơn La,Sơn La,mapped
BTS_04736,Fake Telecom Station 04736,22.025899,105.7607,Bắc Kạn,Thái Nguyên,mapped
BTS_04737,Fake Telecom Station 04737,21.96446,106.146249,Lạng Sơn,Lạng Sơn,mapped
BTS_04738,Fake Telecom Station 04738,17.545465,106.484412,Quảng Bình,Quảng Trị,mapped
BTS_04739,Fake Telecom Station 04739,11.630098,106.830831,Bình Phước,Đồng Nai,mapped
BTS_04740,Fake Telecom Station 04740,22.93261,105.033472,Hà Giang,Tuyên Quang,mapped
BTS_04741,Fake Telecom Station 04741,20.689431,106.024846,Hà Nội	,Hà Nội,mapped
BTS_04742,Fake Telecom Station 04742,19.675016,104.842726,Nghệ An,Nghệ An,mapped
BTS_04743,Fake Telecom Station 04743,20.455108,104.732611,Thanh Hóa,Thanh Hóa,mapped
BTS_04744,Fake Telecom Station 04744,12.593381,108.539583,Đắk Lắk,Đắk Lắk,mapped
BTS_04745,Fake Telecom Station 04745,14.624457,107.965965,Kon Tum,Quảng Ngãi,mapped
BTS_04746,Fake Telecom Station 04746,22.099636,103.113534,Lai Châu,Lai Châu,mapped
BTS_04747,Fake Telecom Station 04747,12.705544,108.691435,Đắk Lắk,Đắk Lắk,mapped
BTS_04748,Fake Telecom Station 04748,12.921127,107.875944,Đắk Lắk,Đắk Lắk,mapped
BTS_04749,Fake Telecom Station 04749,22.659145,103.774011,Lào Cai,Lào Cai,mapped
BTS_04750,Fake Telecom Station 04750,12.162474,108.415848,Lâm Đồng,Lâm Đồng,mapped
BTS_04751,Fake Telecom Station 04751,13.262923,107.65828,Đắk Lắk,Đắk Lắk,mapped
BTS_04752,Fake Telecom Station 04752,22.093088,105.527529,Bắc Kạn,Thái Nguyên,mapped
BTS_04753,Fake Telecom Station 04753,21.702836,105.222186,Tuyên Quang,Tuyên Quang,mapped
BTS_04754,Fake Telecom Station 04754,14.555292,108.711763,Bình Định,Gia Lai,mapped
BTS_04755,Fake Telecom Station 04755,22.330704,103.41684,Lai Châu,Lai Châu,mapped
BTS_04756,Fake Telecom Station 04756,11.906036,106.800923,Bình Phước,Đồng Nai,mapped
BTS_04757,Fake Telecom Station 04757,21.79008,106.863439,Lạng Sơn,Lạng Sơn,mapped
BTS_04758,Fake Telecom Station 04758,9.169177,105.347683,Bạc Liêu,Cà Mau,mapped
BTS_04759,Fake Telecom Station 04759,13.021048,107.950691,Đắk Lắk,Đắk Lắk,mapped
BTS_04760,Fake Telecom Station 04760,10.011101,106.418356,Bến Tre,Vĩnh Long,mapped
BTS_04761,Fake Telecom Station 04761,22.076115,106.717399,Lạng Sơn,Lạng Sơn,mapped
BTS_04762,Fake Telecom Station 04762,15.967005,107.77419,Quảng Nam,Đà Nẵng,mapped
BTS_04763,Fake Telecom Station 04763,12.212278,108.965091,Khánh Hòa,Khánh Hòa,mapped
BTS_04764,Fake Telecom Station 04764,11.35777,107.832906,Bình Thuận,Lâm Đồng,mapped
BTS_04765,Fake Telecom Station 04765,14.294435,107.585278,Kon Tum,Quảng Ngãi,mapped
BTS_04766,Fake Telecom Station 04766,20.947283,104.006188,Sơn La,Sơn La,mapped
BTS_04767,Fake Telecom Station 04767,13.258275,107.975056,Đắk Lắk,Đắk Lắk,mapped
BTS_04768,Fake Telecom Station 04768,20.9523,105.863082,Hà Nội	,Hà Nội,mapped
BTS_04769,Fake Telecom Station 04769,22.193841,104.424922,Lào Cai,Lào Cai,mapped
BTS_04770,Fake Telecom Station 04770,15.180391,108.198215,Quảng Nam,Đà Nẵng,mapped
BTS_04771,Fake Telecom Station 04771,22.295744,105.772823,Bắc Kạn,Thái Nguyên,mapped
BTS_04772,Fake Telecom Station 04772,13.09515,108.52833,Gia Lai,Gia Lai,mapped
BTS_04773,Fake Telecom Station 04773,11.992818,107.274497,Bình Phước,Đồng Nai,mapped
BTS_04774,Fake Telecom Station 04774,11.376077,108.828017,Ninh Thuận,Khánh Hòa,mapped
BTS_04775,Fake Telecom Station 04775,12.136103,107.636739,Đắk Nông,Lâm Đồng,mapped
BTS_04776,Fake Telecom Station 04776,19.000843,104.883793,Nghệ An,Nghệ An,mapped
BTS_04777,Fake Telecom Station 04777,20.050522,106.122237,Ninh Bình,Ninh Bình,mapped
BTS_04778,Fake Telecom Station 04778,10.426435,106.807824,Ho Chi Minh,TPHCM,mapped
BTS_04779,Fake Telecom Station 04779,21.846926,105.792488,Bắc Kạn,Thái Nguyên,mapped
BTS_04780,Fake Telecom Station 04780,21.998203,105.815392,Bắc Kạn,Thái Nguyên,mapped
BTS_04781,Fake Telecom Station 04781,11.710029,108.208665,Lâm Đồng,Lâm Đồng,mapped
BTS_04782,Fake Telecom Station 04782,17.340127,106.782281,Quảng Bình,Quảng Trị,mapped
BTS_04783,Fake Telecom Station 04783,13.025812,107.918769,Đắk Lắk,Đắk Lắk,mapped
BTS_04784,Fake Telecom Station 04784,11.455807,106.407906,Tây Ninh,Tây Ninh,mapped
BTS_04785,Fake Telecom Station 04785,14.848897,107.998772,Kon Tum,Quảng Ngãi,mapped
BTS_04786,Fake Telecom Station 04786,12.868601,108.811975,Đắk Lắk,Đắk Lắk,mapped
BTS_04787,Fake Telecom Station 04787,9.493317,105.732412,Sóc Trăng,Cần Thơ,mapped
BTS_04788,Fake Telecom Station 04788,18.192741,106.15571,Hà Tĩnh,Hà Tĩnh,mapped
BTS_04789,Fake Telecom Station 04789,19.533847,104.941521,Nghệ An,Nghệ An,mapped
BTS_04790,Fake Telecom Station 04790,19.798071,105.441499,Thanh Hóa,Thanh Hóa,mapped
BTS_04791,Fake Telecom Station 04791,10.462391,105.342973,An Giang,An Giang,mapped
BTS_04792,Fake Telecom Station 04792,20.415128,105.621593,Hòa Bình,Phú Thọ,mapped
BTS_04793,Fake Telecom Station 04793,21.117809,104.369294,Sơn La,Sơn La,mapped
BTS_04794,Fake Telecom Station 04794,12.012282,107.363082,Đắk Nông,Lâm Đồng,mapped
BTS_04795,Fake Telecom Station 04795,20.948954,103.954946,Sơn La,Sơn La,mapped
BTS_04796,Fake Telecom Station 04796,10.536556,104.971072,An Giang,An Giang,mapped
BTS_04797,Fake Telecom Station 04797,19.088873,105.090393,Nghệ An,Nghệ An,mapped
BTS_04798,Fake Telecom Station 04798,11.823358,106.765429,Bình Phước,Đồng Nai,mapped
BTS_04799,Fake Telecom Station 04799,13.523004,109.021821,Phú Yên,Đắk Lắk,mapped
BTS_04800,Fake Telecom Station 04800,22.594256,104.111771,Lào Cai,Lào Cai,mapped
BTS_04801,Fake Telecom Station 04801,11.184595,107.319035,Đồng Nai,Đồng Nai,mapped
BTS_04802,Fake Telecom Station 04802,13.872469,108.674415,Gia Lai,Gia Lai,mapped
BTS_04803,Fake Telecom Station 04803,14.56229,107.937567,Kon Tum,Quảng Ngãi,mapped
BTS_04804,Fake Telecom Station 04804,12.019008,108.033185,Lâm Đồng,Lâm Đồng,mapped
BTS_04805,Fake Telecom Station 04805,13.835703,107.520155,Gia Lai,Gia Lai,mapped
BTS_04806,Fake Telecom Station 04806,21.903791,106.454451,Lạng Sơn,Lạng Sơn,mapped
BTS_04807,Fake Telecom Station 04807,18.203664,106.060307,Hà Tĩnh,Hà Tĩnh,mapped
BTS_04808,Fake Telecom Station 04808,21.308491,104.629086,Sơn La,Sơn La,mapped
BTS_04809,Fake Telecom Station 04809,11.432011,107.337785,Đồng Nai,Đồng Nai,mapped
BTS_04810,Fake Telecom Station 04810,21.305476,104.582404,Sơn La,Sơn La,mapped
BTS_04811,Fake Telecom Station 04811,8.909676,104.895318,Cà Mau,Cà Mau,mapped
BTS_04812,Fake Telecom Station 04812,10.853705,105.51398,Đồng Tháp,Đồng Tháp,mapped
BTS_04813,Fake Telecom Station 04813,22.645186,104.195719,Lào Cai,Lào Cai,mapped
BTS_04814,Fake Telecom Station 04814,16.242845,107.486109,Thừa Thiên Huế,Huế,mapped
BTS_04815,Fake Telecom Station 04815,22.259663,103.749568,Lai Châu,Lai Châu,mapped
BTS_04816,Fake Telecom Station 04816,17.450291,106.537112,Quảng Bình,Quảng Trị,mapped
BTS_04817,Fake Telecom Station 04817,15.225637,108.565915,Quảng Ngãi,Quảng Ngãi,mapped
BTS_04818,Fake Telecom Station 04818,10.401232,104.474615,Kiên Giang,An Giang,mapped
BTS_04819,Fake Telecom Station 04819,20.759326,105.939175,Hà Nội	,Hà Nội,mapped
BTS_04820,Fake Telecom Station 04820,22.213885,103.896644,Lào Cai,Lào Cai,mapped
BTS_04821,Fake Telecom Station 04821,21.612517,104.574962,Yên Bái,Lào Cai,mapped
BTS_04822,Fake Telecom Station 04822,21.626083,105.134706,Phú Thọ,Phú Thọ,mapped
BTS_04823,Fake Telecom Station 04823,20.366288,105.335116,Thanh Hóa,Thanh Hóa,mapped
BTS_04824,Fake Telecom Station 04824,18.789116,104.821376,Nghệ An,Nghệ An,mapped
BTS_04825,Fake Telecom Station 04825,23.117509,105.49434,Hà Giang,Tuyên Quang,mapped
BTS_04826,Fake Telecom Station 04826,20.877544,105.123904,Hòa Bình,Phú Thọ,mapped
BTS_04827,Fake Telecom Station 04827,21.255538,106.419158,Bắc Giang,Bắc Ninh,mapped
BTS_04828,Fake Telecom Station 04828,13.968463,108.838416,Bình Định,Gia Lai,mapped
BTS_04829,Fake Telecom Station 04829,11.209028,108.31876,Bình Thuận,Lâm Đồng,mapped
BTS_04830,Fake Telecom Station 04830,22.578705,105.118901,Hà Giang,Tuyên Quang,mapped
BTS_04831,Fake Telecom Station 04831,21.106076,103.611309,Sơn La,Sơn La,mapped
BTS_04832,Fake Telecom Station 04832,10.206321,106.061562,Vĩnh Long,Vĩnh Long,mapped
BTS_04833,Fake Telecom Station 04833,21.303377,103.982944,Sơn La,Sơn La,mapped
BTS_04834,Fake Telecom Station 04834,21.749549,107.11511,Lạng Sơn,Lạng Sơn,mapped
BTS_04835,Fake Telecom Station 04835,10.561924,104.936216,An Giang,An Giang,mapped
BTS_04836,Fake Telecom Station 04836,20.951004,105.594102,Hà Nội	,Hà Nội,mapped
BTS_04837,Fake Telecom Station 04837,14.01959,107.67088,Gia Lai,Gia Lai,mapped
BTS_04838,Fake Telecom Station 04838,21.608682,106.862217,Lạng Sơn,Lạng Sơn,mapped
BTS_04839,Fake Telecom Station 04839,12.078757,108.563444,Lâm Đồng,Lâm Đồng,mapped
BTS_04840,Fake Telecom Station 04840,20.183139,106.385156,Nam Định,Ninh Bình,mapped
BTS_04841,Fake Telecom Station 04841,22.309448,103.635271,Lai Châu,Lai Châu,mapped
BTS_04842,Fake Telecom Station 04842,22.04133,104.206509,Lào Cai,Lào Cai,mapped
BTS_04843,Fake Telecom Station 04843,11.482085,108.718037,Ninh Thuận,Khánh Hòa,mapped
BTS_04844,Fake Telecom Station 04844,21.994447,106.430579,Lạng Sơn,Lạng Sơn,mapped
BTS_04845,Fake Telecom Station 04845,12.876739,107.844283,Đắk Lắk,Đắk Lắk,mapped
BTS_04846,Fake Telecom Station 04846,12.275633,109.170345,Khánh Hòa,Khánh Hòa,mapped
BTS_04847,Fake Telecom Station 04847,9.130225,105.462323,Bạc Liêu,Cà Mau,mapped
BTS_04848,Fake Telecom Station 04848,11.144166,106.519687,Bình Dương,TPHCM,mapped
BTS_04849,Fake Telecom Station 04849,21.433433,103.884864,Sơn La,Sơn La,mapped
BTS_04850,Fake Telecom Station 04850,14.004339,107.701753,Gia Lai,Gia Lai,mapped
BTS_04851,Fake Telecom Station 04851,20.44309,105.373203,Hòa Bình,Phú Thọ,mapped
BTS_04852,Fake Telecom Station 04852,14.022475,108.687797,Gia Lai,Gia Lai,mapped
BTS_04853,Fake Telecom Station 04853,14.007281,107.490533,Kon Tum,Quảng Ngãi,mapped
BTS_04854,Fake Telecom Station 04854,10.956967,106.712115,Bình Dương,TPHCM,mapped
BTS_04855,Fake Telecom Station 04855,21.629473,105.618647,Thái Nguyên,Thái Nguyên,mapped
BTS_04856,Fake Telecom Station 04856,22.295866,103.843092,Lào Cai,Lào Cai,mapped
BTS_04857,Fake Telecom Station 04857,22.115387,105.114846,Tuyên Quang,Tuyên Quang,mapped
BTS_04858,Fake Telecom Station 04858,20.652038,105.001521,Hòa Bình,Phú Thọ,mapped
BTS_04859,Fake Telecom Station 04859,13.74347,107.658131,Gia Lai,Gia Lai,mapped
BTS_04860,Fake Telecom Station 04860,8.985629,105.169321,Cà Mau,Cà Mau,mapped
BTS_04861,Fake Telecom Station 04861,10.263937,106.03587,Bến Tre,Vĩnh Long,mapped
BTS_04862,Fake Telecom Station 04862,23.197607,105.272472,Hà Giang,Tuyên Quang,mapped
BTS_04863,Fake Telecom Station 04863,21.302676,105.14766,Phú Thọ,Phú Thọ,mapped
BTS_04864,Fake Telecom Station 04864,20.92698,105.229175,Hòa Bình,Phú Thọ,mapped
BTS_04865,Fake Telecom Station 04865,22.109664,106.413625,Lạng Sơn,Lạng Sơn,mapped
BTS_04866,Fake Telecom Station 04866,12.14309,107.791679,Đắk Nông,Lâm Đồng,mapped
BTS_04867,Fake Telecom Station 04867,11.993898,108.338711,Lâm Đồng,Lâm Đồng,mapped
BTS_04868,Fake Telecom Station 04868,22.008622,105.499886,Tuyên Quang,Tuyên Quang,mapped
BTS_04869,Fake Telecom Station 04869,14.336953,107.845055,Kon Tum,Quảng Ngãi,mapped
BTS_04870,Fake Telecom Station 04870,15.658496,108.416571,Quảng Nam,Đà Nẵng,mapped
BTS_04871,Fake Telecom Station 04871,21.370771,105.338228,Phú Thọ,Phú Thọ,mapped
BTS_04872,Fake Telecom Station 04872,8.791514,104.94494,Cà Mau,Cà Mau,mapped
BTS_04873,Fake Telecom Station 04873,22.098414,102.972399,Lai Châu,Lai Châu,mapped
BTS_04874,Fake Telecom Station 04874,21.502576,103.176693,Điện Biên,Điện Biên,mapped
BTS_04875,Fake Telecom Station 04875,13.191727,108.734234,Gia Lai,Gia Lai,mapped
BTS_04876,Fake Telecom Station 04876,14.952944,108.535477,Quảng Ngãi,Quảng Ngãi,mapped
BTS_04877,Fake Telecom Station 04877,12.260652,109.069721,Khánh Hòa,Khánh Hòa,mapped
BTS_04878,Fake Telecom Station 04878,14.014115,108.447762,Gia Lai,Gia Lai,mapped
BTS_04879,Fake Telecom Station 04879,12.107808,108.259272,Lâm Đồng,Lâm Đồng,mapped
BTS_04880,Fake Telecom Station 04880,21.247836,104.263238,Sơn La,Sơn La,mapped
BTS_04881,Fake Telecom Station 04881,12.782358,109.265636,Khánh Hòa,Khánh Hòa,mapped
BTS_04882,Fake Telecom Station 04882,10.665144,106.610105,Ho Chi Minh,TPHCM,mapped
BTS_04883,Fake Telecom Station 04883,22.602229,106.572367,Cao Bằng,Cao Bằng,mapped
BTS_04884,Fake Telecom Station 04884,22.066202,102.712274,Điện Biên,Điện Biên,mapped
BTS_04885,Fake Telecom Station 04885,22.78121,106.310308,Cao Bằng,Cao Bằng,mapped
BTS_04886,Fake Telecom Station 04886,10.707967,105.12986,An Giang,An Giang,mapped
BTS_04887,Fake Telecom Station 04887,12.712214,107.565877,Đắk Nông,Lâm Đồng,mapped
BTS_04888,Fake Telecom Station 04888,19.64446,105.792528,Thanh Hóa,Thanh Hóa,mapped
BTS_04889,Fake Telecom Station 04889,20.95726,105.326594,Phú Thọ,Phú Thọ,mapped
BTS_04890,Fake Telecom Station 04890,21.152686,105.981637,Bắc Ninh,Bắc Ninh,mapped
BTS_04891,Fake Telecom Station 04891,15.109837,108.453628,Quảng Ngãi,Quảng Ngãi,mapped
BTS_04892,Fake Telecom Station 04892,14.509768,107.849499,Kon Tum,Quảng Ngãi,mapped
BTS_04893,Fake Telecom Station 04893,9.310634,105.615514,Bạc Liêu,Cà Mau,mapped
BTS_04894,Fake Telecom Station 04894,19.556151,104.248442,Nghệ An,Nghệ An,mapped
BTS_04895,Fake Telecom Station 04895,12.542843,109.106664,Khánh Hòa,Khánh Hòa,mapped
BTS_04896,Fake Telecom Station 04896,13.315044,109.018507,Phú Yên,Đắk Lắk,mapped
BTS_04897,Fake Telecom Station 04897,19.37134,105.281616,Nghệ An,Nghệ An,mapped
BTS_04898,Fake Telecom Station 04898,21.560628,107.015565,Lạng Sơn,Lạng Sơn,mapped
BTS_04899,Fake Telecom Station 04899,16.449765,107.03497,Quảng Trị,Quảng Trị,mapped
BTS_04900,Fake Telecom Station 04900,9.46658,106.19386,Sóc Trăng,Cần Thơ,mapped
BTS_04901,Fake Telecom Station 04901,11.86323,106.70077,Bình Phước,Đồng Nai,mapped
BTS_04902,Fake Telecom Station 04902,20.403786,104.521378,Thanh Hóa,Thanh Hóa,mapped
BTS_04903,Fake Telecom Station 04903,21.983172,105.367192,Tuyên Quang,Tuyên Quang,mapped
BTS_04904,Fake Telecom Station 04904,21.500618,106.36276,Lạng Sơn,Lạng Sơn,mapped
BTS_04905,Fake Telecom Station 04905,20.609085,104.737988,Sơn La,Sơn La,mapped
BTS_04906,Fake Telecom Station 04906,9.768568,104.355929,Kiên Giang,An Giang,mapped
BTS_04907,Fake Telecom Station 04907,20.153005,106.197195,Nam Định,Ninh Bình,mapped
BTS_04908,Fake Telecom Station 04908,13.88339,107.549521,Gia Lai,Gia Lai,mapped
BTS_04909,Fake Telecom Station 04909,9.790591,105.355315,Kiên Giang,An Giang,mapped
BTS_04910,Fake Telecom Station 04910,10.502919,106.704694,Long An,Tây Ninh,mapped
BTS_04911,Fake Telecom Station 04911,10.189354,105.293279,Cần Thơ,Cần Thơ,mapped
BTS_04912,Fake Telecom Station 04912,21.630302,105.58981,Thái Nguyên,Thái Nguyên,mapped
BTS_04913,Fake Telecom Station 04913,20.604807,106.285012,Thái Bình,Hưng Yên,mapped
BTS_04914,Fake Telecom Station 04914,10.662595,107.135308,Bà Rịa–Vũng Tàu,TPHCM,mapped
BTS_04915,Fake Telecom Station 04915,10.390126,104.8874,An Giang,An Giang,mapped
BTS_04916,Fake Telecom Station 04916,20.932122,104.620472,Sơn La,Sơn La,mapped
BTS_04917,Fake Telecom Station 04917,21.677476,103.32924,Điện Biên,Điện Biên,mapped
BTS_04918,Fake Telecom Station 04918,22.379809,106.077574,Bắc Kạn,Thái Nguyên,mapped
BTS_04919,Fake Telecom Station 04919,17.615947,106.533059,Quảng Bình,Quảng Trị,mapped
BTS_04920,Fake Telecom Station 04920,11.659459,107.887353,Lâm Đồng,Lâm Đồng,mapped
BTS_04921,Fake Telecom Station 04921,14.376595,107.562071,Kon Tum,Quảng Ngãi,mapped
BTS_04922,Fake Telecom Station 04922,21.561227,105.305924,Phú Thọ,Phú Thọ,mapped
BTS_04923,Fake Telecom Station 04923,15.513305,108.310391,Quảng Nam,Đà Nẵng,mapped
BTS_04924,Fake Telecom Station 04924,19.886951,105.881041,Thanh Hóa,Thanh Hóa,mapped
BTS_04925,Fake Telecom Station 04925,16.456395,106.700135,Quảng Trị,Quảng Trị,mapped
BTS_04926,Fake Telecom Station 04926,22.006947,104.434218,Yên Bái,Lào Cai,mapped
BTS_04927,Fake Telecom Station 04927,15.607799,108.308288,Quảng Nam,Đà Nẵng,mapped
BTS_04928,Fake Telecom Station 04928,13.904795,107.709057,Gia Lai,Gia Lai,mapped
BTS_04929,Fake Telecom Station 04929,11.482294,106.933267,Bình Phước,Đồng Nai,mapped
BTS_04930,Fake Telecom Station 04930,18.483441,105.391775,Hà Tĩnh,Hà Tĩnh,mapped
BTS_04931,Fake Telecom Station 04931,22.765242,106.57813,Cao Bằng,Cao Bằng,mapped
BTS_04932,Fake Telecom Station 04932,20.991818,105.037937,Hòa Bình,Phú Thọ,mapped
BTS_04933,Fake Telecom Station 04933,23.113531,105.474761,Hà Giang,Tuyên Quang,mapped
BTS_04934,Fake Telecom Station 04934,12.385964,107.691494,Đắk Nông,Lâm Đồng,mapped
BTS_04935,Fake Telecom Station 04935,21.985091,106.663341,Lạng Sơn,Lạng Sơn,mapped
BTS_04936,Fake Telecom Station 04936,13.062126,107.864602,Đắk Lắk,Đắk Lắk,mapped
BTS_04937,Fake Telecom Station 04937,17.875918,106.097761,Quảng Bình,Quảng Trị,mapped
BTS_04938,Fake Telecom Station 04938,21.856594,105.017013,Yên Bái,Lào Cai,mapped
BTS_04939,Fake Telecom Station 04939,19.730563,105.05462,Nghệ An,Nghệ An,mapped
BTS_04940,Fake Telecom Station 04940,20.958787,106.613578,Hải Dương,Hải Phòng,mapped
BTS_04941,Fake Telecom Station 04941,22.154411,103.492779,Lai Châu,Lai Châu,mapped
BTS_04942,Fake Telecom Station 04942,15.09071,108.614628,Quảng Ngãi,Quảng Ngãi,mapped
BTS_04943,Fake Telecom Station 04943,21.638407,104.239161,Sơn La,Sơn La,mapped
BTS_04944,Fake Telecom Station 04944,10.882271,107.208657,Đồng Nai,Đồng Nai,mapped
BTS_04945,Fake Telecom Station 04945,12.431147,108.374617,Đắk Lắk,Đắk Lắk,mapped
BTS_04946,Fake Telecom Station 04946,21.508467,104.94179,Phú Thọ,Phú Thọ,mapped
BTS_04947,Fake Telecom Station 04947,19.758332,105.223536,Thanh Hóa,Thanh Hóa,mapped
BTS_04948,Fake Telecom Station 04948,20.127369,105.814646,Ninh Bình,Ninh Bình,mapped
BTS_04949,Fake Telecom Station 04949,22.204534,104.768272,Hà Giang,Tuyên Quang,mapped
BTS_04950,Fake Telecom Station 04950,14.57764,108.8089,Bình Định,Gia Lai,mapped
BTS_04951,Fake Telecom Station 04951,20.248878,105.091052,Thanh Hóa,Thanh Hóa,mapped
BTS_04952,Fake Telecom Station 04952,21.241192,104.674888,Sơn La,Sơn La,mapped
BTS_04953,Fake Telecom Station 04953,22.483593,105.50934,Tuyên Quang,Tuyên Quang,mapped
BTS_04954,Fake Telecom Station 04954,22.761874,106.262721,Cao Bằng,Cao Bằng,mapped
BTS_04955,Fake Telecom Station 04955,9.047061,105.289109,Cà Mau,Cà Mau,mapped
BTS_04956,Fake Telecom Station 04956,19.655869,105.180705,Nghệ An,Nghệ An,mapped
BTS_04957,Fake Telecom Station 04957,20.667243,104.738568,Sơn La,Sơn La,mapped
BTS_04958,Fake Telecom Station 04958,22.92868,105.932725,Cao Bằng,Cao Bằng,mapped
BTS_04959,Fake Telecom Station 04959,15.181508,107.727769,Kon Tum,Quảng Ngãi,mapped
BTS_04960,Fake Telecom Station 04960,13.399634,108.09983,Đắk Lắk,Đắk Lắk,mapped
BTS_04961,Fake Telecom Station 04961,10.202321,106.359646,Bến Tre,Vĩnh Long,mapped
BTS_04962,Fake Telecom Station 04962,21.589676,107.591064,Quảng Ninh,Quảng Ninh,mapped
BTS_04963,Fake Telecom Station 04963,11.491197,108.499404,Bình Thuận,Lâm Đồng,mapped
BTS_04964,Fake Telecom Station 04964,11.210879,107.259342,Đồng Nai,Đồng Nai,mapped
BTS_04965,Fake Telecom Station 04965,21.400863,103.199338,Điện Biên,Điện Biên,mapped
BTS_04966,Fake Telecom Station 04966,11.095148,107.618874,Bình Thuận,Lâm Đồng,mapped
BTS_04967,Fake Telecom Station 04967,15.438272,108.685667,Quảng Nam,Đà Nẵng,mapped
BTS_04968,Fake Telecom Station 04968,20.754124,104.499413,Sơn La,Sơn La,mapped
BTS_04969,Fake Telecom Station 04969,12.074587,106.797206,Bình Phước,Đồng Nai,mapped
BTS_04970,Fake Telecom Station 04970,17.760655,106.385443,Quảng Bình,Quảng Trị,mapped
BTS_04971,Fake Telecom Station 04971,19.960974,105.77551,Thanh Hóa,Thanh Hóa,mapped
BTS_04972,Fake Telecom Station 04972,14.49232,107.899721,Kon Tum,Quảng Ngãi,mapped
BTS_04973,Fake Telecom Station 04973,14.083065,108.97869,Bình Định,Gia Lai,mapped
BTS_04974,Fake Telecom Station 04974,11.23431,106.826196,Bình Dương,TPHCM,mapped
BTS_04975,Fake Telecom Station 04975,11.928874,106.877404,Bình Phước,Đồng Nai,mapped
BTS_04976,Fake Telecom Station 04976,22.584485,106.189917,Cao Bằng,Cao Bằng,mapped
BTS_04977,Fake Telecom Station 04977,15.531325,107.844307,Quảng Nam,Đà Nẵng,mapped
BTS_04978,Fake Telecom Station 04978,20.888891,104.751945,Sơn La,Sơn La,mapped
BTS_04979,Fake Telecom Station 04979,11.03758,108.318489,Bình Thuận,Lâm Đồng,mapped
BTS_04980,Fake Telecom Station 04980,14.416003,107.960238,Kon Tum,Quảng Ngãi,mapped
BTS_04981,Fake Telecom Station 04981,13.926344,107.719712,Gia Lai,Gia Lai,mapped
BTS_04982,Fake Telecom Station 04982,14.844877,108.765602,Quảng Ngãi,Quảng Ngãi,mapped
BTS_04983,Fake Telecom Station 04983,19.693454,105.03827,Nghệ An,Nghệ An,mapped
BTS_04984,Fake Telecom Station 04984,22.520814,104.026189,Lào Cai,Lào Cai,mapped
BTS_04985,Fake Telecom Station 04985,14.382136,108.184434,Gia Lai,Gia Lai,mapped
BTS_04986,Fake Telecom Station 04986,20.187011,105.156938,Thanh Hóa,Thanh Hóa,mapped
BTS_04987,Fake Telecom Station 04987,12.605915,108.535648,Đắk Lắk,Đắk Lắk,mapped
BTS_04988,Fake Telecom Station 04988,11.585632,108.793422,Ninh Thuận,Khánh Hòa,mapped
BTS_04989,Fake Telecom Station 04989,12.050603,107.505616,Đắk Nông,Lâm Đồng,mapped
BTS_04990,Fake Telecom Station 04990,15.799097,107.272584,Quảng Nam,Đà Nẵng,mapped
BTS_04991,Fake Telecom Station 04991,20.215399,105.580428,Thanh Hóa,Thanh Hóa,mapped
BTS_04992,Fake Telecom Station 04992,10.510835,104.737262,Kiên Giang,An Giang,mapped
BTS_04993,Fake Telecom Station 04993,21.991818,104.034455,Lào Cai,Lào Cai,mapped
BTS_04994,Fake Telecom Station 04994,18.593883,105.664827,Nghệ An,Nghệ An,mapped
BTS_04995,Fake Telecom Station 04995,15.80014,107.692103,Quảng Nam,Đà Nẵng,mapped
BTS_04996,Fake Telecom Station 04996,14.347231,108.915641,Bình Định,Gia Lai,mapped
BTS_04997,Fake Telecom Station 04997,20.59546,106.020932,Hà Nam,Ninh Bình,mapped
BTS_04998,Fake Telecom Station 04998,20.57717,104.852945,Thanh Hóa,Thanh Hóa,mapped
BTS_04999,Fake Telecom Station 04999,21.307074,106.755454,Bắc Giang,Bắc Ninh,mapped
BTS_05000,Fake Telecom Station 05000,20.706799,105.352116,Hòa Bình,Phú Thọ,mapped
